Unnamed: 0,2005-01-01 00:00:00,2005-01-02 00:00:00,2005-01-03 00:00:00,2005-01-04 00:00:00,2005-01-05 00:00:00,2005-01-06 00:00:00,2005-01-07 00:00:00,2005-01-08 00:00:00,2005-01-09 00:00:00,2005-01-10 00:00:00,2005-01-11 00:00:00,2005-01-12 00:00:00,2005-01-13 00:00:00,2005-01-14 00:00:00,2005-01-15 00:00:00,2005-01-16 00:00:00,2005-01-17 00:00:00,2005-01-18 00:00:00,2005-01-19 00:00:00,2005-01-20 00:00:00,2005-01-21 00:00:00,2005-01-22 00:00:00,2005-01-23 00:00:00,2005-01-24 00:00:00,2005-01-25 00:00:00,2005-01-26 00:00:00,2005-01-27 00:00:00,2005-01-28 00:00:00,2005-01-29 00:00:00,2005-01-30 00:00:00,2005-01-31 00:00:00,Unnamed: 32,2005-02-01 00:00:00,2005-02-02 00:00:00,2005-02-03 00:00:00,2005-02-04 00:00:00,2005-02-05 00:00:00,2005-02-06 00:00:00,2005-02-07 00:00:00,2005-02-08 00:00:00,2005-02-09 00:00:00,2005-02-10 00:00:00,2005-02-11 00:00:00,2005-02-12 00:00:00,2005-02-13 00:00:00,2005-02-14 00:00:00,2005-02-15 00:00:00,2005-02-16 00:00:00,2005-02-17 00:00:00,2005-02-18 00:00:00,2005-02-19 00:00:00,2005-02-20 00:00:00,2005-02-21 00:00:00,2005-02-22 00:00:00,2005-02-23 00:00:00,2005-02-24 00:00:00,2005-02-25 00:00:00,2005-02-26 00:00:00,2005-02-27 00:00:00,2005-02-28 00:00:00,Unnamed: 61,2005-03-01 00:00:00,2005-03-02 00:00:00,2005-03-03 00:00:00,2005-03-04 00:00:00,2005-03-05 00:00:00,2005-03-06 00:00:00,2005-03-07 00:00:00,2005-03-08 00:00:00,2005-03-09 00:00:00,2005-03-10 00:00:00,2005-03-11 00:00:00,2005-03-12 00:00:00,2005-03-13 00:00:00,2005-03-14 00:00:00,2005-03-15 00:00:00,2005-03-16 00:00:00,2005-03-17 00:00:00,2005-03-18 00:00:00,2005-03-19 00:00:00,2005-03-20 00:00:00,2005-03-21 00:00:00,2005-03-22 00:00:00,2005-03-23 00:00:00,2005-03-24 00:00:00,2005-03-25 00:00:00,2005-03-26 00:00:00,2005-03-27 00:00:00,2005-03-28 00:00:00,2005-03-29 00:00:00,2005-03-30 00:00:00,2005-03-31 00:00:00,Unnamed: 93,2005-04-01 00:00:00,2005-04-02 00:00:00,2005-04-03 00:00:00,2005-04-04 00:00:00,2005-04-05 00:00:00,2005-04-06 00:00:00,2005-04-07 00:00:00,2005-04-08 00:00:00,2005-04-09 00:00:00,2005-04-10 00:00:00,2005-04-11 00:00:00,2005-04-12 00:00:00,2005-04-13 00:00:00,2005-04-14 00:00:00,2005-04-15 00:00:00,2005-04-16 00:00:00,2005-04-17 00:00:00,2005-04-18 00:00:00,2005-04-19 00:00:00,2005-04-20 00:00:00,2005-04-21 00:00:00,2005-04-22 00:00:00,2005-04-23 00:00:00,2005-04-24 00:00:00,2005-04-25 00:00:00,2005-04-26 00:00:00,2005-04-27 00:00:00,2005-04-28 00:00:00,2005-04-29 00:00:00,2005-04-30 00:00:00,Unnamed: 124,2005-05-01 00:00:00,2005-05-02 00:00:00,2005-05-03 00:00:00,2005-05-04 00:00:00,2005-05-05 00:00:00,2005-05-06 00:00:00,2005-05-07 00:00:00,2005-05-08 00:00:00,2005-05-09 00:00:00,2005-05-10 00:00:00,2005-05-11 00:00:00,2005-05-12 00:00:00,2005-05-13 00:00:00,2005-05-14 00:00:00,2005-05-15 00:00:00,2005-05-16 00:00:00,2005-05-17 00:00:00,2005-05-18 00:00:00,2005-05-19 00:00:00,2005-05-20 00:00:00,2005-05-21 00:00:00,2005-05-22 00:00:00,2005-05-23 00:00:00,2005-05-24 00:00:00,2005-05-25 00:00:00,2005-05-26 00:00:00,2005-05-27 00:00:00,2005-05-28 00:00:00,2005-05-29 00:00:00,2005-05-30 00:00:00,2005-05-31 00:00:00,Unnamed: 156,2005-06-01 00:00:00,2005-06-02 00:00:00,2005-06-03 00:00:00,2005-06-04 00:00:00,2005-06-05 00:00:00,2005-06-06 00:00:00,2005-06-07 00:00:00,2005-06-08 00:00:00,2005-06-09 00:00:00,2005-06-10 00:00:00,2005-06-11 00:00:00,2005-06-12 00:00:00,2005-06-13 00:00:00,2005-06-14 00:00:00,2005-06-15 00:00:00,2005-06-16 00:00:00,2005-06-17 00:00:00,2005-06-18 00:00:00,2005-06-19 00:00:00,2005-06-20 00:00:00,2005-06-21 00:00:00,2005-06-22 00:00:00,2005-06-23 00:00:00,2005-06-24 00:00:00,2005-06-25 00:00:00,2005-06-26 00:00:00,2005-06-27 00:00:00,2005-06-28 00:00:00,2005-06-29 00:00:00,2005-06-30 00:00:00,Unnamed: 187,2005-07-01 00:00:00,2005-07-02 00:00:00,2005-07-03 00:00:00,2005-07-04 00:00:00,2005-07-05 00:00:00,2005-07-06 00:00:00,2005-07-07 00:00:00,2005-07-08 00:00:00,2005-07-09 00:00:00,2005-07-10 00:00:00,2005-07-11 00:00:00,2005-07-12 00:00:00,2005-07-13 00:00:00,2005-07-14 00:00:00,2005-07-15 00:00:00,2005-07-16 00:00:00,2005-07-17 00:00:00,2005-07-18 00:00:00,2005-07-19 00:00:00,2005-07-20 00:00:00,2005-07-21 00:00:00,2005-07-22 00:00:00,2005-07-23 00:00:00,2005-07-24 00:00:00,2005-07-25 00:00:00,2005-07-26 00:00:00,2005-07-27 00:00:00,2005-07-28 00:00:00,2005-07-29 00:00:00,2005-07-30 00:00:00,2005-07-31 00:00:00,Unnamed: 219,2005-08-01 00:00:00,2005-08-02 00:00:00,2005-08-03 00:00:00,2005-08-04 00:00:00,2005-08-05 00:00:00,2005-08-06 00:00:00,2005-08-07 00:00:00,2005-08-08 00:00:00,2005-08-09 00:00:00,2005-08-10 00:00:00,2005-08-11 00:00:00,2005-08-12 00:00:00,2005-08-13 00:00:00,2005-08-14 00:00:00,2005-08-15 00:00:00,2005-08-16 00:00:00,2005-08-17 00:00:00,2005-08-18 00:00:00,2005-08-19 00:00:00,2005-08-20 00:00:00,2005-08-21 00:00:00,2005-08-22 00:00:00,2005-08-23 00:00:00,2005-08-24 00:00:00,2005-08-25 00:00:00,2005-08-26 00:00:00,2005-08-27 00:00:00,2005-08-28 00:00:00,2005-08-29 00:00:00,2005-08-30 00:00:00,2005-08-31 00:00:00,Unnamed: 251,2005-09-01 00:00:00,2005-09-02 00:00:00,2005-09-03 00:00:00,2005-09-04 00:00:00,2005-09-05 00:00:00,2005-09-06 00:00:00,2005-09-07 00:00:00,2005-09-08 00:00:00,2005-09-09 00:00:00,2005-09-10 00:00:00,2005-09-11 00:00:00,2005-09-12 00:00:00,2005-09-13 00:00:00,2005-09-14 00:00:00,2005-09-15 00:00:00,2005-09-16 00:00:00,2005-09-17 00:00:00,2005-09-18 00:00:00,2005-09-19 00:00:00,2005-09-20 00:00:00,2005-09-21 00:00:00,2005-09-22 00:00:00,2005-09-23 00:00:00,2005-09-24 00:00:00,2005-09-25 00:00:00,2005-09-26 00:00:00,2005-09-27 00:00:00,2005-09-28 00:00:00,2005-09-29 00:00:00,2005-09-30 00:00:00,Unnamed: 282,2005-10-01 00:00:00,2005-10-02 00:00:00,2005-10-03 00:00:00,2005-10-04 00:00:00,2005-10-05 00:00:00,2005-10-06 00:00:00,2005-10-07 00:00:00,2005-10-08 00:00:00,2005-10-09 00:00:00,2005-10-10 00:00:00,2005-10-11 00:00:00,2005-10-12 00:00:00,2005-10-13 00:00:00,2005-10-14 00:00:00,2005-10-15 00:00:00,2005-10-16 00:00:00,2005-10-17 00:00:00,2005-10-18 00:00:00,2005-10-19 00:00:00,2005-10-20 00:00:00,2005-10-21 00:00:00,2005-10-22 00:00:00,2005-10-23 00:00:00,2005-10-24 00:00:00,2005-10-25 00:00:00,2005-10-26 00:00:00,2005-10-27 00:00:00,2005-10-28 00:00:00,2005-10-29 00:00:00,2005-10-30 00:00:00,2005-10-31 00:00:00,Unnamed: 314,2005-11-01 00:00:00,2005-11-02 00:00:00,2005-11-03 00:00:00,2005-11-04 00:00:00,2005-11-05 00:00:00,2005-11-06 00:00:00,2005-11-07 00:00:00,2005-11-08 00:00:00,2005-11-09 00:00:00,2005-11-10 00:00:00,2005-11-11 00:00:00,2005-11-12 00:00:00,2005-11-13 00:00:00,2005-11-14 00:00:00,2005-11-15 00:00:00,2005-11-16 00:00:00,2005-11-17 00:00:00,2005-11-18 00:00:00,2005-11-19 00:00:00,2005-11-20 00:00:00,2005-11-21 00:00:00,2005-11-22 00:00:00,2005-11-23 00:00:00,2005-11-24 00:00:00,2005-11-25 00:00:00,2005-11-26 00:00:00,2005-11-27 00:00:00,2005-11-28 00:00:00,2005-11-29 00:00:00,2005-11-30 00:00:00,Unnamed: 345,2005-12-01 00:00:00,2005-12-02 00:00:00,2005-12-03 00:00:00,2005-12-04 00:00:00,2005-12-05 00:00:00,2005-12-06 00:00:00,2005-12-07 00:00:00,2005-12-08 00:00:00,2005-12-09 00:00:00,2005-12-10 00:00:00,2005-12-11 00:00:00,2005-12-12 00:00:00,2005-12-13 00:00:00,2005-12-14 00:00:00,2005-12-15 00:00:00,2005-12-16 00:00:00,2005-12-17 00:00:00,2005-12-18 00:00:00,2005-12-19 00:00:00,2005-12-20 00:00:00,2005-12-21 00:00:00,2005-12-22 00:00:00,2005-12-23 00:00:00,2005-12-24 00:00:00,2005-12-25 00:00:00,2005-12-26 00:00:00,2005-12-27 00:00:00,2005-12-28 00:00:00,2005-12-29 00:00:00,2005-12-30 00:00:00,2005-12-31 00:00:00,Unnamed: 377
FID,Day_1,Day_2,Day_3,Day_4,Day_5,Day_6,Day_7,Day_8,Day_9,Day_10,Day_11,Day_12,Day_13,Day_14,Day_15,Day_16,Day_17,Day_18,Day_19,Day_20,Day_21,Day_22,Day_23,Day_24,Day_25,Day_26,Day_27,Day_28,Day_29,Day_30,Day_31,,Day_32,Day_33,Day_34,Day_35,Day_36,Day_37,Day_38,Day_39,Day_40,Day_41,Day_42,Day_43,Day_44,Day_45,Day_46,Day_47,Day_48,Day_49,Day_50,Day_51,Day_52,Day_53,Day_54,Day_55,Day_56,Day_57,Day_58,Day_59,,Day_60,Day_61,Day_62,Day_63,Day_64,Day_65,Day_66,Day_67,Day_68,Day_69,Day_70,Day_71,Day_72,Day_73,Day_74,Day_75,Day_76,Day_77,Day_78,Day_79,Day_80,Day_81,Day_82,Day_83,Day_84,Day_85,Day_86,Day_87,Day_88,Day_89,Day_90,,Day_91,Day_92,Day_93,Day_94,Day_95,Day_96,Day_97,Day_98,Day_99,Day_100,Day_101,Day_102,Day_103,Day_104,Day_105,Day_106,Day_107,Day_108,Day_109,Day_110,Day_111,Day_112,Day_113,Day_114,Day_115,Day_116,Day_117,Day_118,Day_119,Day_120,,Day_121,Day_122,Day_123,Day_124,Day_125,Day_126,Day_127,Day_128,Day_129,Day_130,Day_131,Day_132,Day_133,Day_134,Day_135,Day_136,Day_137,Day_138,Day_139,Day_140,Day_141,Day_142,Day_143,Day_144,Day_145,Day_146,Day_147,Day_148,Day_149,Day_150,Day_151,,Day_152,Day_153,Day_154,Day_155,Day_156,Day_157,Day_158,Day_159,Day_160,Day_161,Day_162,Day_163,Day_164,Day_165,Day_166,Day_167,Day_168,Day_169,Day_170,Day_171,Day_172,Day_173,Day_174,Day_175,Day_176,Day_177,Day_178,Day_179,Day_180,Day_181,,Day_182,Day_183,Day_184,Day_185,Day_186,Day_187,Day_188,Day_189,Day_190,Day_191,Day_192,Day_193,Day_194,Day_195,Day_196,Day_197,Day_198,Day_199,Day_200,Day_201,Day_202,Day_203,Day_204,Day_205,Day_206,Day_207,Day_208,Day_209,Day_210,Day_211,Day_212,,Day_213,Day_214,Day_215,Day_216,Day_217,Day_218,Day_219,Day_220,Day_221,Day_222,Day_223,Day_224,Day_225,Day_226,Day_227,Day_228,Day_229,Day_230,Day_231,Day_232,Day_233,Day_234,Day_235,Day_236,Day_237,Day_238,Day_239,Day_240,Day_241,Day_242,Day_243,,Day_244,Day_245,Day_246,Day_247,Day_248,Day_249,Day_250,Day_251,Day_252,Day_253,Day_254,Day_255,Day_256,Day_257,Day_258,Day_259,Day_260,Day_261,Day_262,Day_263,Day_264,Day_265,Day_266,Day_267,Day_268,Day_269,Day_270,Day_271,Day_272,Day_273,,Day_274,Day_275,Day_276,Day_277,Day_278,Day_279,Day_280,Day_281,Day_282,Day_283,Day_284,Day_285,Day_286,Day_287,Day_288,Day_289,Day_290,Day_291,Day_292,Day_293,Day_294,Day_295,Day_296,Day_297,Day_298,Day_299,Day_300,Day_301,Day_302,Day_303,Day_304,,Day_305,Day_306,Day_307,Day_308,Day_309,Day_310,Day_311,Day_312,Day_313,Day_314,Day_315,Day_316,Day_317,Day_318,Day_319,Day_320,Day_321,Day_322,Day_323,Day_324,Day_325,Day_326,Day_327,Day_328,Day_329,Day_330,Day_331,Day_332,Day_333,Day_334,,Day_335,Day_336,Day_337,Day_338,Day_339,Day_340,Day_341,Day_342,Day_343,Day_344,Day_345,Day_346,Day_347,Day_348,Day_349,Day_350,Day_351,Day_352,Day_353,Day_354,Day_355,Day_356,Day_357,Day_358,Day_359,Day_360,Day_361,Day_362,Day_363,Day_364,Day_365,
0,0,0,0,2,0,0,0,0,0,0,0,0,0,0,0,0,1,34,0,0,0,0,8,17,0,0,0,0,0,0,0,,23,0,0,0,0,1,15,4,1,0,0,0,0,0,0,8,0,3,0,2,0,0,0,0,0,0,0,0,,0,0,0,0,0,0,0,0,0,4,0,1,0,0,0,0,0,0,5,1,0,13,0,0,0,0,0,0,0,0,0,,0,0,0,0,0,0,0,0,0,0,0,0,0,0,0,0,0,0,0,0,0,0,0,0,0,0,0,0,0,4,,0,0,1,2,0,0,0,0,0,0,0,0,0,1,0,0,0,0,0,0,0,0,0,0,0,0,0,0,0,0,0,,0,0,0,0,0,0,0,0,2,0,0,0,0,0,0,0,0,0,0,0,0,1,11,1,0,4,7,18,17,15,,0,5,14,42,33,0,0,0,1,1,14,61,13,4,1,3,96,21,2,1,21,7,16,16,2,19,4,4,0,2,1,,10,4,0,30,0,45,27,0,0,0,0,0,65,0,48,3,1,3,15,2,11,4,13,25,7,0,0,3,0,0,0,,0,0,0,37,5,41,1,1,0,1,0,0,0,26,2,15,41,50,0,0,0,0,0,4,90,112,2,0,0,0,,0,7,0,0,0,0,0,0,0,1,0,0,0,0,0,0,0,0,0,0,0,0,0,0,0,0,0,0,0,0,0,,0,0,0,0,0,0,0,0,0,0,0,0,0,0,0,0,0,0,0,0,0,0,0,0,0,0,0,0,0,0,,0,0,0,0,0,0,0,0,0,0,0,0,0,0,0,0,0,0,0,0,0,0,3,2,0,0,0,0,0,0,0,
1,0,1,0,3,0,0,0,0,0,0,0,0,0,0,0,0,1,12,0,0,0,0,13,2,0,0,0,2,0,0,0,,5,0,0,0,0,0,0,24,1,2,0,1,0,0,1,4,0,3,0,4,0,0,0,0,0,0,0,0,,0,0,0,0,0,0,0,0,0,11,0,1,0,0,0,0,0,0,0,3,0,13,0,0,0,0,0,0,0,0,0,,0,0,0,0,0,0,0,0,0,0,0,0,0,0,0,0,0,0,0,0,0,0,0,0,0,0,0,0,0,0,,10,5,2,6,12,2,1,0,0,0,0,0,0,0,0,0,0,0,0,0,0,0,0,0,0,0,0,0,0,0,0,,0,0,0,0,0,0,2,0,0,0,0,0,0,0,0,0,0,0,0,0,0,0,12,23,0,2,10,0,9,15,,0,54,10,11,7,0,1,0,0,36,100,58,5,0,1,0,1,3,1,1,52,23,73,10,0,3,9,6,0,7,2,,1,0,0,0,0,118,1,0,0,0,0,0,23,1,33,5,20,1,24,85,0,8,0,60,0,0,3,2,2,0,0,,0,0,0,0,5,4,0,0,0,1,0,0,0,13,2,7,168,106,0,0,0,0,0,6,113,77,0,0,0,0,,0,0,0,0,0,0,0,0,1,0,0,0,0,0,0,0,0,0,0,0,0,0,0,0,0,0,0,0,0,0,0,,0,0,0,0,0,0,0,0,0,0,0,0,0,0,0,0,0,0,0,0,0,0,0,0,0,0,0,0,0,0,,0,0,0,0,0,0,0,0,0,0,0,0,0,0,0,0,0,0,0,0,0,0,5,0,0,0,0,0,0,0,0,
2,0,0,0,3,0,0,0,0,0,0,0,0,0,0,0,0,1,17,0,0,0,0,7,4,0,0,0,1,0,0,0,,8,0,0,0,0,0,0,20,0,1,1,0,0,0,2,5,0,3,0,4,0,0,0,0,0,0,0,0,,0,0,0,0,0,0,0,0,0,7,2,2,0,0,0,0,0,0,0,5,1,10,0,0,0,0,0,0,0,0,0,,0,0,0,0,0,0,0,0,0,0,0,0,0,0,0,0,0,0,0,0,0,0,0,0,0,0,0,0,0,0,,4,8,2,5,6,1,2,0,0,0,0,0,0,0,0,0,0,0,0,0,0,0,1,0,0,0,0,0,0,0,0,,0,0,0,0,0,0,3,0,0,0,0,0,0,0,1,0,0,0,0,0,0,0,5,10,0,2,11,0,5,13,,0,26,7,9,6,1,2,0,0,15,55,38,7,1,2,0,4,9,2,8,51,13,45,8,1,13,4,3,0,31,5,,1,0,0,0,1,66,1,0,0,0,0,1,10,1,15,7,9,6,17,45,4,3,2,27,0,0,18,4,1,0,0,,0,0,0,0,2,6,2,0,0,1,0,0,0,6,1,12,130,65,0,0,0,1,0,7,75,65,2,0,0,0,,0,0,0,0,0,0,0,0,0,0,0,0,0,0,0,0,0,0,0,0,0,0,0,0,0,0,0,0,0,0,0,,0,0,0,0,0,0,0,0,0,0,0,0,0,0,0,0,0,0,0,0,0,0,0,0,0,0,0,0,0,0,,0,0,0,0,0,0,0,0,0,0,0,0,0,0,0,0,0,0,0,0,0,0,2,0,0,0,0,0,0,0,0,
3,0,0,2,1,0,0,0,0,0,0,0,0,0,0,0,0,9,20,0,0,0,15,7,9,0,0,1,3,0,0,6,,13,0,0,0,0,2,14,6,0,0,0,0,0,0,6,5,1,2,2,2,0,0,0,0,0,0,0,0,,0,0,0,0,0,0,0,0,3,2,0,1,0,0,0,0,0,2,3,1,1,7,0,0,0,1,0,0,0,0,0,,0,0,0,0,0,0,0,0,0,0,0,0,0,0,0,0,0,0,0,0,0,0,0,1,1,0,0,0,0,2,,1,3,1,1,2,1,0,0,0,0,0,0,0,1,0,0,0,0,0,2,2,0,6,0,0,0,0,0,0,0,0,,0,0,0,0,0,0,3,0,2,0,0,0,0,0,0,0,0,0,0,0,1,4,5,1,0,2,5,10,18,10,,9,4,30,29,22,1,0,0,1,8,12,35,8,3,2,2,55,10,1,5,15,6,12,13,2,16,6,4,0,8,1,,5,2,2,15,2,24,16,0,0,0,0,2,34,5,27,3,0,2,11,4,7,1,7,13,4,0,5,2,0,0,0,,0,0,0,23,4,19,2,1,0,0,0,0,3,17,4,19,39,28,0,0,7,3,1,83,73,61,1,0,0,0,,0,0,0,0,0,0,0,0,0,3,0,0,0,0,0,0,0,0,0,0,0,0,0,0,0,0,0,0,0,0,0,,0,0,0,0,0,0,0,0,0,0,0,0,0,0,0,0,0,0,0,0,0,0,0,0,0,0,0,0,0,0,,0,0,0,0,0,0,0,0,0,0,0,0,0,0,0,0,0,0,0,0,0,1,4,1,0,0,0,0,0,0,0,
4,0,0,1,1,0,0,0,0,0,0,0,0,0,0,0,0,8,24,0,0,0,12,8,12,0,0,1,3,0,0,5,,16,0,0,0,0,2,16,4,1,0,0,0,0,0,4,6,1,2,2,2,0,0,0,0,0,0,0,0,,0,0,0,0,0,0,0,0,2,3,0,1,0,0,0,0,0,1,4,1,1,9,0,0,0,0,0,0,0,0,0,,0,0,0,0,0,0,0,0,0,0,0,0,0,0,0,0,0,0,0,0,0,0,0,1,1,0,0,0,0,2,,1,1,1,1,2,1,0,0,0,0,0,0,0,1,0,0,0,0,0,1,1,0,5,0,0,0,0,0,0,0,0,,0,0,0,0,0,0,2,0,2,0,0,0,0,0,0,0,0,0,0,0,1,4,8,1,0,4,5,13,19,13,,7,5,27,35,27,1,0,0,1,7,13,45,10,4,1,3,72,15,2,3,15,6,14,14,2,16,6,4,0,1,1,,7,3,1,21,2,32,21,0,0,0,0,2,46,4,36,4,0,2,12,2,8,3,9,18,5,0,0,2,0,0,0,,0,0,0,29,5,29,1,1,0,1,0,0,2,21,4,18,36,35,0,0,5,2,1,64,83,80,1,0,0,0,,1,3,0,0,0,0,0,0,0,3,0,0,0,0,0,0,0,0,0,0,0,0,0,0,0,0,0,0,0,0,0,,0,0,0,0,0,0,0,0,0,0,0,0,0,0,0,0,0,0,0,0,0,0,0,0,0,0,0,0,0,0,,0,0,0,0,0,0,0,0,0,0,0,0,0,0,0,0,0,0,0,0,0,1,4,1,0,0,0,0,0,0,0,
5,0,1,0,2,0,0,0,0,0,0,0,0,0,0,0,0,2,8,1,0,0,0,11,2,0,0,0,3,4,0,1,,1,0,0,0,0,0,1,24,0,1,0,0,0,0,3,10,0,2,0,4,1,0,0,0,0,0,0,0,,0,0,0,0,1,0,0,0,0,8,1,0,0,0,0,0,0,0,0,3,1,7,0,0,0,0,0,0,0,0,0,,0,0,0,0,0,0,0,0,0,0,0,0,0,0,0,0,0,0,0,0,0,0,0,0,0,0,0,0,0,0,,3,3,1,4,5,2,1,0,0,0,0,0,0,0,0,0,0,0,0,0,0,0,3,0,0,0,0,0,0,0,0,,0,0,0,0,0,1,4,0,0,0,0,0,0,0,4,0,0,0,0,0,0,0,6,10,0,16,13,2,16,18,,0,37,12,23,15,3,6,0,0,13,57,37,7,1,2,0,0,10,9,6,44,10,46,7,4,2,4,3,1,3,6,,2,0,2,2,3,53,4,0,0,0,0,6,10,3,17,9,16,14,12,31,1,3,0,20,0,0,3,1,1,0,0,,0,0,5,0,6,2,1,0,1,1,0,1,0,11,6,8,107,69,0,0,0,4,1,11,105,48,4,0,0,0,,0,0,0,0,0,0,0,0,0,0,0,0,0,0,0,0,0,0,0,0,0,0,0,0,0,0,0,0,0,0,0,,0,0,0,0,0,0,0,0,0,0,0,0,0,0,0,0,0,0,0,0,0,0,0,0,0,0,0,0,0,0,,0,0,0,0,0,0,0,0,0,0,0,0,0,0,0,0,0,0,0,0,0,0,1,0,0,0,0,0,0,0,0,
6,0,2,1,4,0,0,0,0,0,0,0,0,0,0,0,0,4,15,1,0,0,0,14,5,0,0,0,2,5,0,2,,2,0,0,0,0,0,2,29,0,2,1,1,0,0,5,15,0,3,0,3,2,1,1,0,0,0,0,0,,0,0,0,0,0,0,0,0,0,10,1,1,0,0,0,0,0,0,0,2,0,8,1,0,0,0,0,0,0,0,0,,0,0,0,0,0,0,0,0,0,0,0,0,0,0,0,0,0,0,0,0,0,0,0,1,3,0,0,0,0,2,,4,2,2,2,7,4,2,0,0,0,0,0,0,0,0,0,0,0,0,0,0,0,5,1,0,0,0,0,0,0,0,,0,0,0,0,0,1,8,0,1,0,0,0,0,0,7,0,0,0,0,0,0,0,8,12,1,11,6,3,17,27,,1,31,10,37,18,8,12,0,0,15,53,38,8,1,4,0,1,19,20,7,57,13,42,7,7,4,6,6,1,5,4,,3,0,0,4,7,62,1,0,0,0,1,11,16,5,24,12,11,6,14,32,3,3,0,23,0,1,4,2,1,0,0,,0,0,3,1,8,4,2,0,2,4,0,1,0,12,9,9,142,103,0,0,0,8,1,16,152,76,7,0,0,0,,2,1,0,0,0,0,0,0,1,0,0,0,0,1,0,0,0,0,0,1,0,0,0,0,0,0,0,0,0,0,0,,0,0,0,0,0,0,0,0,0,0,0,0,0,0,0,0,0,0,0,0,0,0,0,0,0,0,0,0,0,0,,0,0,0,0,0,0,0,0,0,0,0,0,0,0,0,0,0,0,0,0,0,0,2,1,0,0,0,0,0,0,0,
7,0,3,0,8,0,0,0,0,0,0,0,0,0,0,0,0,3,21,1,0,0,1,14,5,0,0,0,4,6,0,1,,6,0,0,0,0,0,4,34,1,2,1,1,0,0,2,15,0,5,0,3,1,1,1,0,0,0,0,0,,0,0,0,0,0,0,0,0,1,12,2,0,1,0,0,0,0,0,0,3,1,8,3,0,0,0,0,0,1,0,0,,0,0,0,0,0,0,0,0,1,0,0,0,0,0,0,0,0,0,0,0,0,0,0,2,14,0,0,0,0,6,,4,2,1,3,5,3,2,0,0,0,0,0,0,1,0,0,0,1,0,0,1,1,2,6,0,0,0,0,0,0,0,,0,0,0,0,0,1,10,0,4,0,0,0,0,0,3,0,0,0,0,0,0,0,8,9,1,6,7,2,12,17,,0,22,9,49,29,13,8,0,0,13,48,34,8,2,4,0,2,18,23,3,51,10,60,7,3,2,5,11,3,14,3,,2,0,0,8,6,50,1,0,0,1,2,4,17,3,18,11,10,2,9,28,6,3,0,19,0,0,2,7,1,0,0,,1,0,8,2,19,6,1,0,2,12,2,1,0,9,16,11,127,91,0,0,1,6,1,20,144,86,5,0,0,0,,7,4,0,0,0,0,0,0,2,0,0,0,0,0,0,0,0,0,0,1,0,0,0,0,0,0,0,0,0,0,0,,0,0,0,0,0,0,0,0,0,0,0,0,0,0,0,0,0,0,0,0,0,0,0,0,0,0,0,0,0,0,,0,0,0,0,0,0,0,0,0,0,0,0,0,0,0,0,0,0,0,0,0,0,4,2,0,0,0,0,0,0,0,
8,0,1,3,3,0,0,0,0,0,0,0,0,0,0,0,0,19,7,0,0,0,32,10,1,0,0,2,8,2,0,13,,3,0,0,0,0,4,16,12,1,0,0,0,0,0,11,4,2,2,5,0,1,1,0,0,0,0,0,0,,0,0,0,0,0,0,0,0,6,2,1,0,0,0,0,0,1,4,1,1,3,1,1,0,0,1,0,0,0,0,0,,0,0,0,0,0,0,0,1,0,0,0,0,1,0,0,0,0,0,0,0,0,0,0,3,7,0,0,0,0,2,,3,3,0,1,4,3,1,0,0,0,0,0,0,0,0,0,0,0,0,4,4,0,12,2,0,0,0,0,0,0,0,,0,0,0,0,0,0,7,0,2,0,0,0,0,0,0,0,0,0,0,0,3,10,3,0,0,5,2,2,22,8,,21,7,50,30,21,7,3,0,1,17,17,8,5,4,4,3,14,7,8,6,9,5,18,9,1,9,9,9,2,8,1,,1,1,3,4,7,3,5,0,0,0,1,5,4,10,10,6,2,1,5,3,2,1,1,1,0,0,0,2,1,0,0,,0,0,3,11,11,3,1,0,1,5,1,2,6,9,12,24,33,11,0,0,15,10,3,173,78,17,1,1,0,0,,3,2,0,0,0,0,0,0,1,4,0,0,0,0,0,0,0,0,0,0,0,0,0,0,0,0,0,0,0,0,0,,0,0,0,0,0,0,0,0,0,0,0,0,0,0,0,0,0,0,0,0,0,0,0,0,0,0,0,0,0,0,,0,0,0,0,0,0,0,0,0,0,0,0,0,0,0,0,0,0,0,0,0,2,6,1,0,0,0,0,0,0,0,
9,0,1,3,2,0,0,0,0,0,0,0,0,0,0,0,0,17,9,0,0,0,29,11,2,0,0,1,7,1,0,12,,5,0,0,0,0,4,16,8,1,0,0,0,0,0,10,4,2,1,4,0,1,0,0,0,0,0,0,0,,0,0,0,0,0,0,0,0,6,1,0,0,0,0,0,0,3,3,2,0,3,2,0,0,0,1,0,0,0,0,0,,0,0,0,0,0,0,0,1,0,0,0,0,1,0,0,0,0,0,0,0,0,0,1,2,3,0,0,0,0,1,,3,3,0,1,4,3,1,0,0,0,0,0,0,0,0,0,0,0,0,3,3,0,11,0,0,0,0,0,0,0,0,,0,0,0,0,0,0,5,0,2,0,0,0,0,0,0,0,0,0,0,0,4,11,5,0,0,5,4,5,25,11,,23,9,50,27,21,6,4,1,2,16,21,12,6,4,5,3,25,8,5,5,7,7,10,9,2,12,9,9,1,9,1,,3,3,4,7,6,7,9,1,0,0,1,5,11,10,17,5,3,2,8,4,3,2,3,5,2,0,1,1,1,0,0,,0,0,1,16,9,6,1,0,0,3,1,4,6,11,10,24,23,7,0,0,15,11,2,155,72,20,1,1,0,0,,2,2,0,0,0,0,0,0,0,5,0,0,0,0,0,0,0,0,0,0,0,0,0,0,0,0,0,0,0,0,0,,0,0,0,0,0,0,0,0,0,0,0,0,0,0,0,0,0,0,0,0,0,0,0,0,0,0,0,0,0,0,,0,0,0,0,0,0,0,0,0,0,0,0,0,0,0,0,0,0,0,0,0,2,5,1,0,0,0,0,0,0,0,
10,0,1,2,3,0,0,0,0,0,0,0,0,0,0,0,0,9,23,0,0,0,14,16,6,0,0,1,4,1,0,5,,14,0,0,0,0,2,15,13,0,0,0,1,0,0,5,8,1,2,2,1,1,1,1,0,0,0,0,0,,0,0,0,0,0,0,0,0,3,2,1,0,0,0,0,0,7,2,1,0,2,3,0,0,0,1,0,0,0,0,0,,0,0,0,0,0,0,0,0,0,0,0,0,3,0,1,0,0,0,0,1,0,0,2,1,1,0,0,0,0,1,,3,2,1,3,2,2,2,0,0,1,1,0,0,0,0,0,0,0,0,2,2,0,6,0,0,0,0,0,0,0,0,,0,0,0,0,0,1,4,1,1,0,0,0,0,0,0,0,1,0,0,0,4,14,10,0,0,6,9,8,27,17,,25,16,39,29,26,9,9,1,2,10,40,15,8,6,8,4,30,20,11,3,14,12,10,6,2,15,9,15,2,21,3,,5,7,3,12,6,12,11,2,1,1,3,3,15,9,25,6,7,6,10,8,5,5,6,10,3,1,2,1,3,0,0,,1,1,2,20,12,9,3,1,1,8,2,11,4,10,12,21,18,9,0,0,11,15,1,83,66,33,3,4,0,1,,5,5,0,0,1,0,0,0,0,4,0,0,0,0,0,0,0,0,0,1,0,0,0,0,0,0,0,0,0,0,0,,0,0,0,0,0,0,0,0,0,0,0,0,0,0,0,0,0,0,0,0,0,0,0,0,0,0,0,0,0,0,,0,0,0,0,0,0,0,0,0,0,0,0,0,0,0,0,0,0,0,0,0,1,3,1,0,0,0,0,0,0,0,
11,0,0,0,0,0,0,0,0,0,0,0,0,0,0,0,0,0,0,0,0,0,0,7,0,0,0,0,4,2,0,0,,0,0,0,0,0,0,0,28,0,0,0,0,0,0,2,4,0,0,0,12,0,0,0,0,0,0,0,0,,0,0,0,0,2,0,0,0,0,9,0,0,0,0,0,0,0,0,0,11,3,7,0,0,0,0,0,0,0,0,0,,0,0,0,0,0,0,0,0,0,0,0,0,0,0,0,0,0,0,0,0,0,0,0,0,0,0,0,0,0,0,,4,2,0,10,1,0,0,0,0,0,0,0,0,0,0,0,0,0,0,0,0,0,0,0,0,0,0,0,0,0,0,,0,0,0,0,0,0,0,0,0,0,0,0,0,0,0,0,0,0,0,0,0,0,1,4,0,26,16,1,9,13,,0,32,14,24,30,0,0,0,0,0,47,34,5,2,1,0,0,4,1,10,22,1,68,5,0,2,0,0,0,7,7,,0,0,2,0,1,10,4,0,0,0,0,0,0,2,0,12,25,36,7,7,0,0,1,1,0,0,4,0,0,0,0,,0,0,4,0,13,2,0,0,0,5,4,0,0,4,7,10,66,20,3,0,0,0,0,8,69,12,2,0,0,0,,0,0,0,0,0,0,0,0,0,0,0,0,0,0,0,0,0,0,0,0,0,0,0,0,0,0,0,0,0,0,0,,0,0,0,0,0,0,0,0,0,0,0,0,0,0,0,0,0,0,0,0,0,0,0,0,0,0,0,0,0,0,,0,0,0,0,0,0,0,0,0,0,0,0,0,0,0,0,0,0,0,0,0,0,0,0,0,0,0,0,0,0,0,
12,0,0,0,1,0,0,0,0,0,0,0,0,0,0,0,0,1,2,0,0,0,0,2,1,0,0,0,1,1,0,0,,0,0,0,0,0,0,0,35,0,0,0,0,0,0,4,3,0,0,0,21,0,0,0,0,0,0,0,0,,0,0,0,0,0,0,0,0,0,16,0,0,0,0,0,0,0,0,0,7,3,8,0,0,0,0,0,0,0,0,0,,0,0,0,0,0,0,0,0,0,0,0,0,0,0,0,0,0,0,0,0,0,0,0,0,1,0,0,0,0,0,,0,0,0,17,0,1,0,0,0,0,0,0,0,0,0,0,0,0,0,0,0,0,1,0,0,0,0,0,0,0,0,,0,0,0,0,0,0,1,0,0,0,0,0,0,0,1,0,0,0,0,0,0,0,1,7,0,6,8,1,4,25,,0,36,10,13,17,1,2,0,0,0,37,40,6,0,3,0,0,9,6,18,17,1,71,6,1,1,1,1,0,3,7,,0,0,0,1,1,7,1,0,0,0,0,2,1,1,2,4,8,40,13,7,1,0,1,1,0,0,6,0,0,0,0,,0,0,1,0,18,2,0,0,0,1,1,0,0,2,2,10,88,20,0,0,0,1,0,5,74,22,2,0,0,0,,0,0,0,0,0,0,0,0,0,0,0,0,0,0,0,0,0,0,0,0,0,0,0,0,0,0,0,0,0,0,0,,0,0,0,0,0,0,0,0,0,0,0,0,0,0,0,0,0,0,0,0,0,0,0,0,0,0,0,0,0,0,,0,0,0,0,0,0,0,0,0,0,0,0,0,0,0,0,0,0,0,0,0,0,0,0,0,0,0,0,0,0,0,
13,0,1,1,4,0,0,0,0,0,0,0,0,0,0,0,0,4,14,1,0,0,0,11,5,0,0,0,2,5,0,2,,1,0,0,0,0,0,3,33,0,1,1,0,0,0,6,14,0,2,0,7,2,1,1,0,0,0,0,0,,0,0,0,0,0,0,0,0,0,12,2,0,0,0,0,0,0,0,0,3,2,6,1,0,0,0,0,0,0,0,0,,0,0,0,0,0,0,0,0,0,0,0,0,0,0,0,0,0,0,0,0,0,0,0,1,4,0,0,0,0,2,,0,1,2,6,3,3,2,0,0,0,0,0,0,0,0,0,0,0,0,0,0,0,5,2,0,0,0,0,0,0,0,,0,0,0,0,0,1,9,0,1,0,0,0,0,0,8,0,0,0,0,0,0,0,5,6,1,12,5,4,14,29,,1,22,11,40,23,9,12,0,0,3,30,31,9,2,4,0,1,24,24,12,47,6,39,5,7,4,4,6,3,6,5,,3,0,0,5,7,24,1,0,0,0,1,11,8,6,14,11,6,16,10,5,3,0,1,2,0,1,6,2,0,0,0,,0,0,3,1,12,3,2,0,3,5,1,1,0,8,11,10,116,77,0,0,1,8,1,22,136,60,8,0,0,0,,2,1,0,0,0,0,0,0,1,0,0,0,0,1,0,0,0,0,0,1,0,0,0,0,0,0,0,0,0,0,0,,0,0,0,0,0,0,0,0,0,0,0,0,0,0,0,0,0,0,0,0,0,0,0,0,0,0,0,0,0,0,,0,0,0,0,0,0,0,0,0,0,0,0,0,0,0,0,0,0,0,0,0,0,1,1,0,0,0,0,0,0,0,
14,0,5,1,13,0,0,0,0,0,0,0,0,0,0,0,0,4,28,0,0,0,3,14,6,0,0,0,6,10,0,0,,8,0,0,0,1,0,7,41,1,2,1,2,0,0,0,17,0,7,0,2,0,2,2,0,0,0,0,0,,0,0,0,0,0,0,0,0,2,14,4,0,2,0,0,0,0,0,0,4,2,6,5,0,0,0,0,0,1,0,0,,0,0,0,0,0,0,0,0,2,0,0,0,0,0,0,0,0,0,0,0,0,0,0,3,25,1,1,0,0,10,,1,0,0,3,1,2,3,0,0,0,0,0,0,2,0,0,0,1,0,1,1,3,1,10,0,0,1,0,0,0,0,,0,0,0,0,0,0,14,0,8,0,0,0,0,0,1,0,0,0,0,0,0,0,6,2,1,4,6,1,8,9,,1,2,9,70,43,22,8,0,0,2,23,21,8,2,5,1,2,25,34,1,44,1,67,6,1,1,4,18,7,25,2,,2,0,0,13,8,12,1,0,0,1,4,1,15,2,7,11,6,1,1,2,9,0,0,0,0,0,0,11,0,0,0,,1,0,13,3,32,8,1,0,2,20,5,0,0,5,25,14,96,72,0,0,2,7,1,35,136,90,6,1,0,0,,11,6,0,0,0,0,0,0,3,1,1,1,0,0,0,0,0,0,0,1,0,0,0,0,0,0,0,0,0,0,0,,0,0,0,0,0,0,0,0,0,0,0,0,0,0,0,0,0,0,0,0,0,0,0,0,0,0,0,0,0,0,,0,0,0,0,0,0,0,0,0,0,0,0,0,0,0,0,0,0,0,0,0,0,5,4,0,0,0,0,0,0,0,
15,0,2,3,4,0,0,0,0,0,0,0,0,0,0,0,0,12,15,0,0,0,20,14,1,0,0,1,6,3,0,8,,6,0,0,0,0,2,13,17,1,0,0,1,0,0,7,7,1,3,3,1,1,1,1,0,0,0,0,0,,0,0,0,0,0,0,0,0,4,4,2,0,1,0,0,0,5,2,1,1,3,2,1,0,0,1,0,0,0,0,0,,0,0,0,0,0,0,0,0,0,0,0,0,2,0,1,0,0,0,0,1,0,0,2,2,6,0,0,0,0,2,,3,2,0,2,3,3,2,0,0,0,1,0,0,0,0,0,0,0,0,2,3,1,7,2,0,0,0,0,0,0,0,,0,0,0,0,0,1,7,1,2,0,0,0,0,0,0,0,1,0,0,0,3,12,7,0,0,5,6,4,23,13,,22,12,41,33,26,11,8,1,2,11,33,9,6,5,7,3,15,18,15,4,15,9,19,6,2,11,9,16,4,20,3,,3,5,3,8,7,5,6,1,1,1,2,3,7,9,16,6,6,4,6,6,4,3,3,4,2,0,1,2,2,0,0,,1,0,4,13,15,3,2,0,1,9,3,8,4,7,15,21,30,14,0,0,12,13,2,113,71,27,3,3,0,1,,5,3,0,0,1,0,0,0,1,4,0,0,0,0,0,0,0,0,0,1,0,0,0,0,0,0,0,0,0,0,0,,0,0,0,0,0,0,0,0,0,0,0,0,0,0,0,0,0,0,0,0,0,0,0,0,0,0,0,0,0,0,,0,0,0,0,0,0,0,0,0,0,0,0,0,0,0,0,0,0,0,0,0,1,4,1,0,0,0,0,0,0,0,
16,1,3,2,4,0,0,0,0,0,0,0,0,0,0,0,0,5,23,0,0,0,8,20,0,0,0,0,3,3,0,2,,13,0,0,0,0,1,10,19,0,0,0,1,1,0,2,11,1,4,1,0,1,2,1,0,0,0,0,0,,0,0,0,0,0,0,0,0,1,3,1,0,0,0,1,0,13,1,0,0,2,2,0,0,0,0,0,0,0,0,0,,0,0,0,0,0,0,0,0,0,0,0,0,6,1,1,0,0,0,0,1,0,1,4,1,1,0,0,0,0,0,,4,1,1,4,1,2,4,0,0,1,1,0,0,0,0,0,0,0,0,0,0,0,1,0,1,0,0,0,0,0,0,,0,1,0,0,0,1,4,2,0,0,0,0,0,0,0,0,2,0,0,0,5,19,16,0,0,5,14,8,31,23,,33,24,33,31,30,14,17,3,2,5,63,8,8,7,12,6,20,29,21,2,19,18,8,1,3,17,11,25,4,38,6,,7,12,4,15,7,9,9,3,2,2,5,2,10,9,30,6,13,10,11,13,5,8,9,11,4,1,3,1,4,0,0,,2,1,5,21,16,3,5,1,2,14,4,21,2,5,17,18,6,2,0,0,9,23,0,26,57,29,5,7,0,2,,9,7,0,0,2,1,1,0,0,5,0,0,0,0,0,0,0,0,0,1,0,0,0,0,0,0,0,0,0,0,0,,0,0,0,0,0,0,0,0,0,0,0,0,0,0,0,0,0,0,0,0,0,0,0,0,0,0,0,0,0,0,,0,0,0,0,0,0,0,0,0,0,0,0,0,0,0,0,0,0,0,0,0,0,1,1,0,0,0,0,0,0,0,
17,0,3,3,4,0,0,0,0,0,0,0,0,0,0,0,0,7,24,0,0,0,12,27,0,0,0,1,4,2,0,4,,14,0,0,0,0,1,12,25,0,0,0,2,0,0,4,12,1,4,1,1,1,2,1,0,0,0,0,0,,2,1,0,0,0,0,0,0,2,2,2,0,0,0,0,0,9,2,2,0,3,3,0,0,0,0,0,0,0,2,0,,0,0,0,0,0,0,0,0,0,0,0,0,4,0,1,0,0,0,0,1,0,0,2,1,1,1,0,0,2,0,,3,2,1,5,2,4,3,3,0,1,1,0,0,1,0,0,0,0,0,1,1,0,4,0,0,0,0,0,0,0,0,,0,0,0,0,0,2,4,1,3,0,0,0,0,0,0,0,3,0,0,0,4,15,11,1,0,6,11,7,26,17,,28,19,37,30,28,11,12,2,2,8,49,12,8,6,9,5,25,24,16,3,15,15,9,4,2,16,10,20,3,29,5,,7,10,5,11,18,25,8,3,1,1,3,3,10,9,26,12,19,19,17,9,5,6,6,8,4,1,14,0,3,0,0,,5,4,9,17,12,6,3,0,1,10,4,15,5,6,14,19,13,4,0,0,10,16,1,64,65,22,4,4,0,2,,6,4,0,0,1,1,0,0,1,4,0,0,0,0,0,0,0,0,0,1,0,0,0,0,0,0,0,0,0,0,0,,1,0,0,0,0,0,0,0,0,0,0,0,0,0,0,0,0,0,0,0,0,0,0,0,0,0,0,0,0,0,,0,0,0,0,0,0,0,0,0,0,0,0,0,0,0,0,0,0,0,0,0,2,2,1,0,0,0,0,0,0,0,
18,1,0,0,0,0,0,0,0,0,0,0,0,0,0,0,0,1,5,0,0,0,0,10,0,0,0,0,5,4,0,0,,0,0,0,0,0,0,11,19,0,0,1,0,0,0,1,5,0,1,0,2,0,0,1,0,0,0,0,0,,0,0,0,0,0,1,0,0,1,5,0,0,0,0,0,0,0,0,0,15,1,11,3,0,0,0,0,0,0,0,0,,0,0,0,0,0,0,0,0,0,0,0,0,0,0,0,0,0,0,0,0,0,0,0,1,0,0,0,0,0,0,,2,0,0,1,0,0,0,0,0,0,0,0,0,1,0,0,0,0,0,0,0,0,0,0,0,0,0,0,0,0,0,,0,0,0,0,0,0,0,0,0,0,0,0,0,0,0,0,0,0,0,0,0,0,9,0,0,43,11,7,2,0,,0,0,0,25,24,4,2,0,0,0,33,35,2,11,9,5,20,16,10,1,84,0,52,14,1,21,0,0,0,2,0,,0,0,3,11,14,26,6,0,2,0,0,0,10,3,17,24,19,29,0,8,0,0,17,2,14,0,0,16,1,0,0,,0,0,0,1,0,0,0,0,0,1,44,0,1,9,7,2,89,98,28,0,0,0,0,31,105,25,1,0,0,0,,0,0,0,0,0,0,0,0,0,0,0,0,0,0,0,0,0,0,0,0,0,0,0,0,0,0,0,0,0,0,0,,0,0,0,0,0,0,0,0,0,0,0,0,0,0,0,0,0,0,0,5,0,0,0,0,0,0,0,0,0,0,,0,0,0,0,0,0,0,0,0,0,0,0,0,0,0,0,0,0,0,0,0,0,0,0,0,0,0,0,0,0,0,
19,0,0,0,0,0,0,0,0,0,0,0,0,0,0,0,0,0,1,0,0,0,0,10,0,0,0,0,6,7,0,0,,0,0,0,0,0,0,9,32,0,0,1,0,0,0,2,3,0,0,0,0,0,0,0,0,0,0,0,0,,0,0,0,0,0,0,0,0,0,5,0,0,0,0,0,0,0,0,0,21,2,2,0,0,0,0,0,0,0,0,0,,0,0,0,0,0,0,0,0,0,0,0,0,0,0,0,0,0,0,0,0,0,0,0,0,0,0,0,0,0,0,,7,0,0,0,1,0,0,0,0,0,0,0,0,0,0,0,0,0,0,0,0,0,0,0,0,0,0,0,0,0,0,,0,0,0,0,0,0,0,0,0,0,0,0,0,0,0,0,0,0,0,0,0,0,10,0,0,42,15,3,6,0,,0,0,6,36,54,2,0,0,0,0,49,40,2,15,1,1,3,2,7,0,52,0,80,11,2,20,0,0,0,11,0,,0,0,0,13,5,30,2,0,0,0,0,0,1,4,3,43,45,15,0,1,0,0,3,0,2,0,0,14,0,0,0,,0,0,0,0,1,0,0,0,0,13,36,0,0,5,18,2,111,124,33,0,0,0,0,15,125,9,0,0,0,0,,0,0,0,0,0,0,0,0,0,0,0,0,0,0,0,0,0,0,0,0,0,0,0,0,0,0,0,0,0,0,0,,0,0,0,0,0,0,0,0,0,0,0,0,0,0,0,0,0,0,0,1,0,0,0,0,0,0,0,0,0,0,,0,0,0,0,0,0,0,0,0,0,0,0,0,0,0,0,0,0,0,0,0,0,0,0,0,0,0,0,0,0,0,
20,1,0,0,0,0,0,0,0,0,0,0,0,0,0,0,1,1,0,0,0,0,2,12,0,0,0,1,10,6,0,1,,0,0,0,0,0,2,10,35,0,0,2,0,0,0,4,2,0,0,0,0,0,1,0,0,0,0,0,0,,0,0,0,0,0,0,0,0,1,3,0,0,0,0,0,0,0,0,1,29,3,1,0,0,0,0,0,0,0,0,0,,0,0,0,0,0,0,0,0,0,0,0,0,0,0,0,0,0,0,0,0,0,0,0,0,0,0,0,0,0,0,,13,0,1,1,3,0,0,0,0,0,0,0,0,0,0,0,0,0,0,0,0,0,0,0,0,0,0,0,0,0,0,,0,0,0,0,0,1,0,0,0,0,0,0,0,0,0,0,0,0,0,0,0,1,12,0,2,60,15,6,8,1,,0,1,17,55,81,3,0,0,3,4,64,40,5,20,1,4,3,0,5,1,40,3,103,10,4,20,1,0,1,19,1,,1,1,1,11,9,25,1,0,0,0,0,0,0,9,2,49,60,19,1,0,0,0,0,3,0,0,0,9,0,0,0,,0,0,1,1,2,0,0,1,1,28,31,0,1,6,22,2,111,120,31,0,0,0,0,17,127,7,0,0,0,0,,0,0,0,0,0,0,0,0,0,0,0,0,0,0,0,0,0,0,0,0,0,0,0,0,0,0,0,0,0,0,0,,0,0,0,0,0,0,0,0,0,0,0,0,0,0,0,0,0,0,0,0,0,0,0,0,0,0,0,0,0,0,,0,0,0,0,0,0,0,0,0,0,0,0,0,0,0,0,0,0,0,0,0,0,0,0,0,0,0,0,0,0,0,
21,2,0,0,0,0,0,0,0,0,0,0,0,0,0,0,3,4,0,0,0,1,5,3,0,0,0,4,10,1,0,2,,0,0,0,0,0,5,12,24,0,1,1,0,0,0,6,2,1,0,0,11,0,2,0,0,0,0,0,0,,0,0,0,0,1,0,0,0,3,9,0,0,0,0,0,0,0,0,2,5,4,5,0,0,0,0,0,0,0,0,0,,0,0,0,0,0,0,0,0,0,0,0,0,0,0,0,0,0,0,0,0,0,0,0,1,0,0,0,0,0,0,,1,1,2,11,0,0,0,0,0,0,0,0,0,1,0,0,0,0,0,0,0,0,0,0,0,0,0,0,0,0,0,,0,0,0,0,0,2,0,0,0,0,0,0,0,0,0,0,0,0,0,0,0,4,2,5,7,8,11,4,5,14,,0,26,21,22,17,5,1,0,8,11,45,28,10,12,5,11,8,4,4,13,15,8,54,9,5,6,3,1,3,3,8,,3,3,2,6,10,7,2,0,0,0,0,0,1,0,6,7,11,25,10,5,0,0,2,9,0,0,3,1,0,0,0,,0,1,5,1,11,2,0,3,3,7,5,0,3,6,2,6,52,15,3,0,0,0,0,2,44,9,1,0,0,0,,0,0,0,0,0,0,0,0,0,0,0,0,0,0,0,0,0,0,0,0,0,0,0,0,0,0,0,0,0,0,0,,0,0,0,0,0,0,0,0,0,0,0,0,0,0,0,0,0,0,0,0,0,0,0,0,0,0,0,0,0,0,,0,0,0,0,0,0,0,0,0,0,0,0,0,0,0,0,0,0,0,0,0,0,0,0,0,0,0,0,0,0,0,
22,0,1,0,2,0,0,0,0,0,0,0,0,0,0,0,0,1,6,0,0,0,0,4,1,0,0,0,1,2,0,0,,1,0,0,0,0,0,2,36,0,0,0,0,0,0,4,4,0,1,0,19,0,0,0,0,0,0,0,0,,0,0,0,0,0,0,0,0,0,16,1,0,1,0,0,0,0,0,0,6,4,8,0,0,0,0,0,0,0,0,0,,0,0,0,0,0,0,0,0,0,0,0,0,0,0,0,0,0,0,0,0,0,0,0,1,3,0,0,0,0,1,,0,0,0,16,1,1,1,0,0,0,0,0,0,0,0,0,0,0,0,0,0,0,1,1,0,0,0,0,0,0,0,,0,0,0,0,0,0,4,0,1,0,0,0,0,0,1,0,0,0,0,0,0,0,2,7,0,4,6,1,3,24,,0,31,11,20,19,4,3,0,0,1,35,38,7,1,3,0,0,14,11,16,20,1,69,6,1,1,1,4,2,6,6,,1,0,0,2,2,7,0,0,0,0,0,2,3,1,3,5,7,35,12,7,1,0,1,1,0,0,6,2,0,0,0,,0,0,2,0,19,3,0,0,1,3,2,0,0,2,5,10,92,30,0,0,1,2,0,14,79,30,3,0,0,0,,1,1,0,0,0,0,0,0,1,0,0,0,0,0,0,0,0,0,0,1,0,0,0,0,0,0,0,0,0,0,0,,0,0,0,0,0,0,0,0,0,0,0,0,0,0,0,0,0,0,0,0,0,0,0,0,0,0,0,0,0,0,,0,0,0,0,0,0,0,0,0,0,0,0,0,0,0,0,0,0,0,0,0,0,1,0,0,0,0,0,0,0,0,
23,0,2,1,5,0,0,0,0,0,0,0,0,0,0,0,0,2,13,0,0,0,1,8,2,0,0,0,3,4,0,0,,2,0,0,0,0,0,4,37,0,1,0,1,0,0,3,8,0,3,0,12,0,1,1,0,0,0,0,0,,0,0,0,0,0,0,0,0,0,15,4,0,2,0,0,0,0,0,0,5,4,6,1,0,0,0,0,0,0,0,0,,0,0,0,0,0,0,0,0,0,0,0,0,0,0,0,0,0,0,0,0,0,0,0,2,6,1,0,0,0,3,,0,0,0,12,1,2,2,0,0,0,0,0,0,1,0,0,0,0,0,0,1,1,1,2,0,0,0,0,0,0,0,,0,0,0,0,0,0,8,0,2,0,0,0,0,0,2,0,0,0,0,0,0,0,3,5,1,4,5,2,5,18,,0,21,14,34,25,9,5,0,0,1,32,31,7,1,3,0,1,24,22,11,26,1,62,5,1,1,3,12,6,12,5,,1,0,0,6,5,9,0,0,0,0,1,2,4,1,5,6,7,22,8,5,3,0,1,1,0,0,4,4,0,0,0,,0,0,3,1,20,3,1,0,3,7,4,0,0,2,12,10,90,44,0,0,2,3,1,33,79,43,4,1,0,0,,3,1,0,0,0,0,0,0,2,0,1,0,0,0,0,0,0,0,0,1,0,0,0,0,0,0,0,0,0,0,0,,0,0,0,0,0,0,0,0,0,0,0,0,0,0,0,0,0,0,0,0,0,0,0,0,0,0,0,0,0,0,,0,0,0,0,0,0,0,0,0,0,0,0,0,0,0,0,0,0,0,0,0,0,2,1,0,0,0,0,0,0,0,
24,0,3,1,9,0,0,0,0,0,0,0,0,0,0,0,0,2,24,0,0,0,2,13,3,0,0,0,5,8,0,0,,2,0,0,0,0,0,7,39,1,1,1,2,0,0,1,12,0,5,0,3,0,2,1,0,0,0,0,0,,0,0,0,0,0,0,0,0,0,15,8,1,4,0,0,0,0,0,0,4,5,3,1,0,0,0,0,0,0,0,0,,0,0,0,0,0,0,0,0,0,0,0,0,0,0,0,0,0,0,0,0,0,0,0,4,9,2,1,0,0,4,,0,1,0,9,2,3,4,0,0,0,0,0,0,1,0,0,0,0,0,0,2,3,1,3,0,0,0,0,0,0,0,,0,0,0,0,0,1,16,0,4,0,0,0,0,0,1,0,0,0,0,0,0,0,6,3,1,4,2,2,5,8,,0,6,19,51,33,17,6,0,1,1,28,21,6,2,2,0,1,41,38,2,32,1,52,4,1,2,6,26,14,20,2,,1,0,0,10,9,10,0,0,0,0,1,2,5,1,7,8,7,4,2,4,4,1,0,0,0,0,1,7,0,0,0,,0,0,4,1,21,3,1,0,5,12,7,0,1,3,22,10,82,62,0,0,6,3,1,68,63,57,6,2,0,0,,3,2,0,0,0,0,0,0,4,0,2,0,0,0,0,0,0,0,0,3,1,0,0,0,0,0,0,0,0,0,0,,0,0,0,0,0,0,0,0,0,0,0,0,0,0,0,0,0,0,0,0,0,0,0,0,0,0,0,0,0,0,,0,0,0,0,0,0,0,0,0,0,0,0,0,0,0,0,0,0,0,0,0,0,4,1,0,0,0,0,0,0,0,
25,0,3,2,7,0,0,0,0,0,0,0,0,0,0,0,0,5,24,0,0,0,7,16,2,0,0,0,4,5,0,2,,8,0,0,0,0,1,9,28,1,1,0,2,0,0,2,12,0,4,1,1,1,2,1,0,0,0,0,0,,0,0,0,0,0,0,0,0,1,8,4,0,2,0,0,0,6,1,0,2,3,2,1,0,0,0,0,0,0,0,0,,0,0,0,0,0,0,0,0,0,0,0,0,3,0,1,0,0,0,0,1,0,0,2,2,8,1,1,0,0,3,,2,1,1,5,1,2,4,0,0,0,1,0,0,1,0,0,0,0,0,1,1,1,2,3,0,0,0,0,0,0,0,,0,0,0,0,0,1,10,1,3,0,0,0,0,0,0,0,1,0,0,0,3,10,10,1,0,4,8,5,19,14,,17,13,28,43,33,16,11,1,1,4,42,13,7,5,7,3,12,31,28,1,25,9,31,3,1,9,8,24,8,29,3,,4,6,2,12,8,8,5,1,1,1,3,1,9,6,18,7,9,5,6,8,6,4,4,5,2,1,1,5,2,0,0,,1,1,5,11,20,4,3,0,3,14,5,10,2,4,20,16,42,30,0,0,8,13,1,57,68,45,5,4,0,1,,7,5,0,0,1,0,0,0,2,3,1,0,0,0,0,0,0,0,0,2,0,0,0,0,0,0,0,0,0,0,0,,0,0,0,0,0,0,0,0,0,0,0,0,0,0,0,0,0,0,0,0,0,0,0,0,0,0,0,0,0,0,,0,0,0,0,0,0,0,0,0,0,0,0,0,0,0,0,0,0,0,0,0,0,3,2,0,0,0,0,0,0,0,
26,1,4,3,4,0,0,0,0,0,0,0,0,0,0,0,0,3,22,0,0,0,4,21,0,0,0,0,2,2,0,1,,13,0,0,0,0,0,8,20,0,0,1,1,1,0,1,14,0,3,0,0,1,3,1,1,0,0,0,0,,3,2,0,0,0,0,0,0,1,3,3,0,0,0,0,0,11,2,2,0,3,3,0,0,0,0,0,0,0,2,0,,0,0,0,0,0,0,0,0,0,0,0,0,5,1,1,0,0,0,0,1,0,1,3,1,0,2,0,0,3,0,,3,1,1,6,1,5,3,4,0,1,1,0,0,2,0,0,0,0,0,0,1,0,1,0,0,0,0,0,0,0,0,,0,1,0,0,0,2,4,1,3,0,0,0,0,0,0,0,4,0,0,0,4,16,14,2,0,6,13,8,25,19,,30,21,33,33,30,14,15,2,2,6,58,9,8,6,11,5,19,28,21,2,19,16,12,2,2,16,10,24,4,35,5,,9,13,6,13,22,31,8,4,2,1,4,2,9,8,28,15,25,24,20,11,6,7,7,9,4,1,19,1,3,0,0,,7,6,12,17,14,6,4,0,1,13,6,19,4,4,16,17,11,4,0,0,8,18,1,27,62,24,5,5,0,3,,8,5,0,1,1,1,0,0,2,4,0,0,0,0,0,0,0,0,1,1,0,0,0,0,0,1,1,0,0,0,0,,1,0,0,0,0,0,0,0,0,0,0,0,0,0,0,0,0,0,0,0,0,0,0,0,0,0,0,0,0,0,,0,0,0,0,0,0,0,0,0,0,0,0,0,0,0,0,0,0,0,0,0,1,1,1,0,0,0,0,0,0,0,
27,0,4,3,5,0,0,0,0,0,0,0,0,0,0,0,0,2,38,0,0,0,6,46,0,0,0,0,4,3,0,0,,24,0,0,0,0,0,13,45,0,0,1,3,0,0,0,17,0,5,0,2,0,2,2,0,0,0,0,0,,5,3,0,0,0,0,0,0,1,4,4,0,0,0,0,0,10,3,3,0,4,4,0,0,0,0,0,0,0,4,0,,0,0,0,0,0,0,0,0,0,0,0,0,4,0,1,0,0,0,0,1,0,0,2,1,1,3,0,0,5,0,,3,1,1,8,1,7,3,7,0,1,1,0,0,3,0,0,0,0,0,1,1,0,2,0,0,0,0,0,0,0,0,,0,0,0,0,0,3,3,1,6,0,0,0,0,0,0,0,5,0,0,0,3,14,12,3,0,7,12,8,21,17,,29,19,36,32,29,13,13,2,2,8,52,8,8,6,10,5,18,25,19,3,17,15,12,3,2,15,10,22,4,31,5,,10,12,7,11,34,48,7,5,2,1,3,3,8,8,27,21,33,34,26,9,6,6,5,8,4,1,31,1,3,0,0,,11,9,17,15,13,9,3,0,1,11,7,17,6,3,16,16,14,5,0,0,7,15,2,34,67,20,5,4,0,3,,7,4,0,1,1,2,0,0,2,3,0,0,0,0,0,0,0,0,2,1,0,0,0,0,0,1,1,0,0,0,0,,2,0,0,0,0,0,0,0,0,0,0,0,0,0,0,0,0,0,0,0,0,0,0,0,0,0,0,0,0,0,,0,0,0,0,0,0,0,0,0,0,0,0,0,0,0,0,0,0,0,0,0,2,1,1,0,0,0,0,0,0,0,
28,1,0,0,0,0,0,0,2,1,0,0,0,0,0,0,0,4,3,4,0,0,1,4,0,0,0,0,4,0,0,0,,0,0,0,0,0,1,6,3,0,0,1,0,0,0,0,4,0,5,0,1,0,0,0,0,0,0,0,0,,0,0,0,0,0,1,0,0,3,8,0,0,0,0,0,0,0,0,0,6,0,9,26,0,0,0,0,0,0,0,0,,0,0,0,0,0,0,0,0,0,0,0,0,0,0,0,0,0,0,0,0,0,0,0,0,0,0,0,0,0,0,,3,1,0,6,0,0,0,0,0,0,0,0,0,0,0,0,0,0,0,0,0,0,0,0,0,0,0,0,0,0,0,,0,0,0,0,0,0,0,0,0,0,0,0,0,0,0,0,0,0,0,0,0,1,8,0,1,45,7,21,0,0,,0,0,1,12,14,4,2,1,2,3,42,27,3,8,13,4,24,18,21,7,51,4,17,6,1,7,1,2,2,0,3,,1,0,3,17,39,14,4,4,14,0,0,0,7,25,14,21,7,17,0,5,1,1,12,2,9,3,2,6,1,0,0,,0,0,0,1,1,0,1,0,0,3,60,1,3,7,3,13,52,49,15,0,0,2,4,57,73,19,1,0,0,0,,0,0,0,0,0,0,0,0,0,0,0,0,0,0,0,0,0,0,0,0,0,0,0,0,0,0,0,0,0,0,0,,0,0,0,0,0,0,0,0,0,0,0,0,0,0,0,0,0,0,0,5,0,0,0,0,0,0,0,0,0,0,,0,0,0,0,0,0,0,0,0,0,0,0,0,0,0,0,0,0,0,0,0,0,0,0,0,0,0,0,0,0,0,
29,2,1,0,0,0,0,0,0,0,0,0,0,0,0,0,0,3,13,0,0,0,1,16,0,0,0,0,8,1,0,0,,0,0,0,0,0,0,11,7,0,1,2,0,0,0,1,6,0,1,0,5,0,1,1,0,0,0,0,0,,0,0,0,0,0,3,0,0,3,4,0,0,0,0,0,0,0,0,0,24,1,27,1,0,0,0,0,0,0,0,0,,0,0,0,0,0,0,0,0,0,0,0,0,0,0,0,0,0,0,0,0,0,0,0,1,0,0,0,0,0,0,,1,0,0,0,0,0,0,0,0,0,0,0,0,2,0,0,0,0,0,0,0,0,0,0,0,0,0,0,0,0,0,,0,0,0,0,0,0,0,0,0,0,0,0,0,0,0,0,0,0,0,0,0,0,8,0,0,79,5,13,1,0,,0,0,0,40,27,8,4,0,1,1,24,33,4,11,20,13,46,38,8,1,136,1,60,18,0,27,0,0,0,1,1,,0,0,8,1,26,17,14,0,1,0,0,0,23,1,43,6,5,65,0,20,0,0,42,6,34,1,1,20,2,0,0,,0,0,0,2,1,0,0,0,0,1,52,0,2,9,3,3,73,79,26,0,0,0,1,42,97,36,1,0,0,0,,0,0,0,0,0,0,0,0,0,0,0,0,0,0,0,0,0,0,0,0,0,0,0,0,0,0,0,0,0,0,0,,0,0,0,0,0,0,0,0,0,0,0,0,0,0,0,0,0,0,0,9,0,0,0,0,0,0,0,0,0,0,,0,0,0,0,0,0,0,0,0,0,0,0,0,0,0,0,0,0,0,0,0,0,0,0,0,0,0,0,0,0,0,
30,2,1,0,1,0,0,0,0,0,0,0,0,0,0,0,2,5,9,0,0,1,4,13,0,0,0,2,9,1,0,1,,1,0,0,0,0,3,16,10,0,1,2,1,1,0,3,7,2,1,0,2,0,2,1,0,0,0,0,0,,0,0,0,0,0,2,0,0,3,4,0,1,0,0,0,0,1,0,1,12,2,15,0,0,0,0,0,0,0,0,0,,0,0,0,0,0,0,0,0,0,0,0,0,0,0,0,0,0,0,0,0,0,0,0,1,0,0,0,0,1,1,,2,1,2,2,1,0,0,0,0,0,0,0,0,1,0,0,0,0,0,0,0,0,0,0,0,0,0,0,0,0,0,,0,0,0,0,0,1,1,0,0,0,0,0,0,0,0,0,0,0,0,0,0,2,6,1,4,43,10,10,2,2,,1,4,11,35,21,8,2,0,4,10,41,29,8,18,25,18,29,27,11,2,72,6,44,22,3,20,8,1,3,3,3,,2,2,5,5,20,17,7,0,0,0,0,0,12,0,24,9,8,32,3,12,1,1,22,8,16,0,1,11,1,0,0,,0,1,3,3,4,1,0,2,4,5,28,0,3,8,3,2,60,64,17,0,0,2,1,33,73,23,1,1,0,0,,0,0,0,0,0,0,0,0,1,0,0,0,0,0,0,0,0,0,0,0,0,0,0,0,0,0,0,0,0,0,0,,0,0,0,0,0,0,0,0,0,0,0,0,0,0,0,0,0,0,0,4,0,0,0,0,0,0,0,0,0,0,,0,0,0,0,0,0,0,0,0,0,0,0,0,0,0,0,0,0,0,0,0,0,1,0,0,0,0,0,0,0,0,
31,4,2,0,1,0,0,0,0,0,0,0,0,0,0,0,6,10,4,0,0,3,12,9,0,0,0,9,20,1,0,5,,1,0,0,0,0,10,32,11,0,2,4,1,1,0,9,2,3,1,0,0,1,6,1,0,0,0,0,0,,0,0,0,0,0,0,0,0,6,3,1,0,0,0,0,0,0,0,3,1,5,6,0,0,0,0,0,0,0,0,0,,0,0,0,0,0,0,0,0,0,0,0,0,0,0,0,0,0,0,0,0,0,0,0,2,0,3,0,0,0,0,,3,1,4,5,1,1,1,0,0,0,0,0,0,2,0,0,0,0,0,0,0,1,0,0,0,0,0,0,0,0,0,,0,0,0,0,0,4,4,2,0,0,0,0,0,0,0,0,0,0,0,0,0,9,3,2,15,9,9,10,8,4,,0,9,32,38,24,14,2,1,16,25,51,18,16,32,20,29,20,7,7,8,8,20,26,20,10,17,11,3,8,4,8,,13,6,3,12,22,5,2,0,0,0,0,0,2,0,14,8,7,2,8,2,1,0,3,18,0,0,0,1,0,0,0,,0,2,8,3,4,2,0,7,8,19,10,0,7,10,2,1,19,24,3,0,0,1,1,9,24,10,0,1,0,0,,0,0,0,0,0,0,0,0,0,0,0,1,0,0,0,0,0,0,0,0,0,0,0,0,0,0,0,0,0,0,0,,0,0,0,0,0,0,0,0,0,0,0,0,0,0,0,0,0,0,0,0,0,0,0,0,0,0,0,0,0,0,,0,0,0,0,0,0,0,0,0,0,0,0,0,0,0,0,0,0,0,0,0,0,1,0,0,0,0,0,0,0,0,
32,3,1,0,0,0,0,0,0,0,0,0,0,0,0,0,6,10,2,0,0,3,11,6,0,0,0,9,19,1,0,5,,0,0,0,0,0,10,28,14,0,2,3,0,1,0,9,1,2,1,0,5,1,5,0,0,0,0,0,0,,0,0,0,0,0,0,0,0,6,5,0,0,0,0,0,0,0,0,3,2,6,4,0,0,0,0,0,0,0,0,0,,0,0,0,0,0,0,0,0,0,0,0,0,0,0,0,0,0,0,0,0,0,0,0,2,0,1,0,0,0,0,,2,1,4,8,1,1,1,0,0,0,0,0,0,2,0,0,0,0,0,0,0,0,0,0,0,0,0,0,0,0,0,,0,0,0,0,0,4,2,1,0,0,0,0,0,0,0,0,0,0,0,0,0,9,2,4,15,7,8,9,5,9,,0,17,33,38,21,12,2,1,16,24,51,19,16,26,14,26,19,4,6,12,8,18,39,14,10,13,8,2,8,4,9,,8,5,3,11,21,3,1,0,0,0,0,0,2,0,14,7,7,10,11,3,0,0,3,18,0,0,2,0,0,0,0,,0,2,8,3,7,2,0,7,7,17,8,0,7,10,1,2,23,9,1,0,0,1,0,4,20,6,0,0,0,0,,0,0,0,0,0,0,0,0,0,0,0,0,0,0,0,0,0,0,0,0,0,0,0,0,0,0,0,0,0,0,0,,0,0,0,0,0,0,0,0,0,0,0,0,0,0,0,0,0,0,0,0,0,0,0,0,0,0,0,0,0,0,,0,0,0,0,0,0,0,0,0,0,0,0,0,0,0,0,0,0,0,0,0,0,0,0,0,0,0,0,0,0,0,
33,2,0,2,1,0,0,0,0,0,0,0,0,0,0,0,4,6,3,0,0,2,7,5,1,1,1,7,13,1,0,2,,1,0,0,0,1,6,17,24,3,2,2,0,1,0,6,3,1,2,0,8,1,3,1,0,0,0,0,0,,0,0,0,0,0,0,0,0,3,8,1,1,0,0,0,0,1,0,2,3,4,4,0,0,0,0,0,0,0,0,0,,0,0,0,0,0,0,0,0,0,0,0,0,0,0,0,0,0,0,0,0,0,0,0,1,0,0,0,0,0,0,,1,2,2,10,1,1,1,0,0,0,0,0,0,1,0,1,0,1,0,1,0,1,0,0,0,0,0,0,0,0,0,,0,0,0,0,0,2,2,0,0,0,0,0,0,0,0,0,0,0,0,0,0,8,2,4,9,7,12,9,2,19,,1,19,24,34,20,9,2,1,8,22,36,22,11,15,8,16,15,10,8,23,14,15,44,13,13,15,12,18,13,12,12,,15,11,9,13,21,8,6,0,0,1,0,0,2,0,15,11,13,17,16,10,0,0,6,13,0,0,5,0,0,0,0,,1,13,8,14,11,2,0,4,4,10,10,6,3,7,4,14,37,8,0,0,1,0,10,18,27,10,2,1,0,0,,1,0,0,0,0,0,0,0,1,1,0,0,0,0,0,0,0,0,0,0,0,0,0,0,0,0,0,0,0,0,0,,2,1,0,0,0,0,0,0,0,0,0,0,0,0,0,0,0,0,0,0,0,0,0,0,0,0,0,0,0,0,,0,0,0,0,0,0,0,0,0,0,0,0,0,0,0,0,0,0,0,0,0,0,1,0,0,0,0,0,0,0,0,
34,2,1,2,3,0,0,0,0,0,0,0,0,0,0,0,1,3,8,0,0,1,3,6,2,1,1,3,5,2,0,0,,1,0,0,0,1,1,7,31,4,1,1,1,1,0,1,6,0,3,0,9,0,1,1,0,0,0,0,0,,1,0,0,0,0,0,0,0,0,11,4,2,2,0,0,0,1,0,0,4,3,5,0,1,0,0,0,0,0,0,0,,0,0,0,0,0,0,0,0,0,0,0,0,0,0,0,0,0,0,0,0,0,0,0,1,1,1,0,0,0,1,,0,3,1,11,1,2,2,0,0,1,0,0,0,1,0,1,0,1,0,1,1,1,0,0,0,0,0,0,0,0,0,,0,0,0,0,0,1,6,0,1,0,0,0,0,0,0,0,0,0,0,0,0,5,2,3,3,6,12,6,2,20,,2,16,15,28,21,7,3,1,1,13,23,24,6,5,5,6,8,20,15,23,18,9,44,11,11,13,15,28,17,17,10,,15,11,11,11,16,12,8,0,0,1,0,0,2,0,12,12,15,18,15,12,1,0,6,5,0,0,7,2,0,0,0,,2,24,11,26,15,2,0,0,2,8,14,12,0,5,11,25,48,22,0,0,3,1,20,42,41,26,4,3,0,0,,1,0,0,1,0,0,0,0,3,1,1,0,0,0,0,0,0,0,0,1,0,0,0,0,0,0,0,0,0,0,0,,4,1,0,0,0,0,0,0,0,0,0,0,0,0,0,0,0,0,0,0,0,0,0,0,0,0,0,0,0,0,,0,0,0,0,0,0,0,0,0,0,0,0,0,0,0,0,0,0,0,0,0,0,3,1,0,0,0,0,0,0,0,
35,1,4,3,7,0,0,0,0,0,0,0,0,0,0,0,1,4,17,0,0,1,3,10,3,1,1,3,7,6,0,0,,3,0,0,0,1,1,9,32,4,2,1,1,1,0,0,13,0,5,0,1,0,3,2,1,0,0,0,0,,2,1,0,0,0,0,0,0,1,10,6,2,2,0,0,0,2,1,1,3,3,4,2,0,0,0,0,0,1,1,0,,0,0,0,0,0,0,0,0,1,0,0,0,0,0,0,0,0,0,0,0,0,0,0,2,9,2,1,0,1,4,,0,3,1,7,1,4,3,2,0,1,0,0,0,2,0,1,0,1,0,1,1,2,0,4,0,0,0,0,0,0,0,,0,0,0,0,0,2,11,0,5,0,0,0,0,0,0,0,1,0,0,0,0,5,5,2,3,7,11,7,4,13,,1,2,15,52,33,16,5,1,1,9,19,17,6,4,5,4,6,29,29,10,30,6,45,9,8,9,12,31,17,24,6,,16,12,10,16,24,23,7,1,0,1,1,1,7,1,15,17,20,9,14,10,5,1,5,4,1,0,11,6,0,0,0,,3,16,13,17,18,4,1,0,3,12,12,9,2,4,19,20,56,40,0,0,4,2,12,53,59,44,5,2,0,1,,5,2,0,1,0,1,0,0,4,1,2,0,0,0,0,0,0,0,1,2,1,0,0,0,0,0,0,0,0,0,0,,2,1,0,0,0,0,0,0,0,0,0,0,0,0,0,0,0,0,0,0,0,0,0,0,0,0,0,0,0,0,,0,0,0,0,0,0,0,0,0,0,0,0,0,0,0,0,0,0,0,0,0,1,4,2,0,0,0,0,0,0,0,
36,0,7,5,3,0,0,0,0,0,0,0,0,0,0,0,0,1,13,0,0,0,1,10,1,0,0,0,2,2,0,0,,4,0,0,0,0,0,4,16,0,0,4,1,0,0,0,16,0,2,0,1,0,6,1,3,0,0,0,0,,9,5,0,0,0,0,0,0,0,7,7,0,1,0,0,0,8,4,5,1,6,7,0,0,0,0,0,0,0,6,0,,0,0,0,0,0,0,0,0,0,0,0,0,1,0,0,0,0,0,0,0,0,0,1,1,3,6,0,0,9,1,,1,0,0,12,0,10,2,12,0,0,0,0,0,5,0,0,0,0,0,0,0,1,0,1,0,0,0,0,0,0,0,,0,0,0,0,0,5,4,0,11,0,0,0,0,0,0,0,7,0,0,0,1,7,9,6,0,7,11,7,10,11,,13,11,20,46,35,17,10,1,1,2,40,14,7,4,7,3,9,31,29,1,27,8,36,3,1,8,7,24,9,29,4,,11,12,8,10,53,76,4,6,2,0,1,3,7,4,23,32,49,51,35,7,7,4,3,5,4,2,51,2,1,0,0,,17,14,27,9,13,13,1,0,1,12,10,13,7,1,18,12,31,18,0,0,4,7,2,21,77,23,7,2,0,4,,6,2,0,2,0,3,0,0,5,1,1,0,0,0,0,0,0,0,3,1,0,0,0,0,0,2,2,0,0,0,0,,4,0,0,0,0,0,0,0,0,0,0,0,0,0,0,0,0,0,0,0,0,0,0,0,0,0,0,0,0,0,,0,0,0,0,0,0,0,0,0,0,0,0,0,0,0,0,0,0,0,0,0,4,1,1,0,0,0,0,0,0,0,
37,0,10,8,1,0,0,0,0,0,0,0,0,0,0,0,0,0,4,0,0,0,1,4,0,0,0,0,0,0,0,0,,2,0,0,0,0,0,1,4,0,0,6,0,0,0,0,18,0,1,0,0,0,8,0,5,0,0,0,0,,13,8,0,0,0,0,0,0,0,5,7,0,0,0,0,0,8,5,7,0,8,9,0,0,0,0,0,0,0,9,0,,0,0,0,0,0,0,0,0,0,0,0,0,0,0,0,0,0,0,0,0,0,0,0,0,0,8,0,0,14,0,,0,0,0,15,0,15,0,19,0,0,0,0,0,8,0,0,0,0,0,0,0,0,0,0,0,0,0,0,0,0,0,,0,0,0,0,0,7,0,0,15,0,0,0,0,0,0,0,10,0,0,0,0,7,8,8,0,8,12,8,7,10,,23,16,33,36,30,14,12,2,2,6,47,10,7,5,8,4,15,28,23,2,20,12,20,3,2,12,9,23,6,30,4,,16,15,12,9,77,112,4,9,2,0,0,4,6,4,26,45,69,75,50,6,7,4,2,4,6,2,77,0,0,0,0,,25,21,38,8,8,18,0,0,0,10,12,15,10,0,15,12,22,8,0,0,2,5,3,10,85,9,7,0,0,6,,6,0,0,3,0,4,0,0,6,0,0,0,0,0,0,0,0,0,4,0,0,0,0,0,0,3,3,0,0,0,0,,6,0,0,0,0,0,0,0,0,0,0,0,0,0,0,0,0,0,0,0,0,0,0,0,0,0,0,0,0,0,,0,0,0,0,0,0,0,0,0,0,0,0,0,0,0,0,0,0,0,0,0,6,0,0,0,0,0,0,0,0,0,
38,0,5,4,3,0,0,0,0,0,0,0,0,0,0,0,0,2,29,0,0,0,4,36,0,0,0,0,3,2,0,0,,18,0,0,0,0,0,10,35,0,0,2,2,0,0,0,18,0,4,0,1,0,4,1,2,0,0,0,0,,12,7,0,0,0,0,0,0,0,5,7,0,0,0,0,0,9,5,6,0,7,8,0,0,0,0,0,0,0,8,0,,0,0,0,0,0,0,0,0,0,0,0,0,1,0,0,0,0,0,0,0,0,0,1,0,0,7,0,0,12,0,,1,0,0,14,0,13,1,17,0,0,0,0,0,7,0,0,0,0,0,0,0,0,1,0,0,0,0,0,0,0,0,,0,0,0,0,0,7,1,0,13,0,0,0,0,0,0,0,9,0,0,0,1,8,9,7,0,8,12,7,10,11,,28,19,35,33,29,13,13,2,2,7,51,9,8,6,10,5,18,26,20,3,18,14,14,3,2,14,10,22,4,31,5,,14,15,11,9,69,100,5,8,2,0,1,4,7,5,26,41,62,67,45,7,7,5,3,5,6,2,69,0,1,0,0,,22,19,34,9,9,16,1,0,0,11,11,15,9,1,15,12,20,8,0,0,3,7,3,16,82,11,7,1,0,5,,6,1,0,3,0,3,0,0,5,1,0,0,0,0,0,0,0,0,3,0,0,0,0,0,0,3,3,0,0,0,0,,5,0,0,0,0,0,0,0,0,0,0,0,0,0,0,0,0,0,0,0,0,0,0,0,0,0,0,0,0,0,,0,0,0,0,0,0,0,0,0,0,0,0,0,0,0,0,0,0,0,0,0,5,0,0,0,0,0,0,0,0,0,
39,0,5,3,4,0,0,0,0,0,0,0,0,0,0,0,0,2,32,0,0,0,5,40,0,0,0,0,4,2,0,0,,20,0,0,0,0,0,12,38,0,0,1,2,0,0,0,18,0,5,0,1,0,3,2,1,0,0,0,0,,10,6,0,0,0,0,0,0,1,4,6,0,0,0,0,0,9,4,5,0,6,7,0,0,0,0,0,0,0,7,0,,0,0,0,0,0,0,0,0,0,0,0,0,2,0,0,0,0,0,0,0,0,0,1,0,0,6,0,0,10,0,,1,1,0,12,0,11,1,14,0,0,0,0,0,6,0,0,0,0,0,0,0,0,1,0,0,0,0,0,0,0,0,,0,0,0,0,0,6,2,1,11,0,0,0,0,0,0,0,8,0,0,0,1,10,10,6,0,8,12,8,13,13,,31,21,36,30,29,13,14,2,2,7,56,8,8,6,11,5,19,26,19,3,17,16,9,2,2,16,10,23,4,34,5,,13,14,10,10,58,84,5,7,2,1,1,4,7,6,26,35,53,57,40,8,7,5,4,6,5,2,57,0,1,0,0,,19,16,29,11,10,14,1,0,1,11,10,16,8,2,15,14,18,7,0,0,4,9,2,20,78,13,6,2,0,5,,6,2,0,2,0,3,0,0,4,1,0,0,0,0,0,0,0,0,3,0,0,0,0,0,0,2,2,0,0,0,0,,4,0,0,0,0,0,0,0,0,0,0,0,0,0,0,0,0,0,0,0,0,0,0,0,0,0,0,0,0,0,,0,0,0,0,0,0,0,0,0,0,0,0,0,0,0,0,0,0,0,0,0,4,0,0,0,0,0,0,0,0,0,
40,1,1,0,0,0,0,0,0,0,0,0,0,0,0,0,0,8,4,0,0,0,7,5,0,0,0,0,5,0,0,0,,0,0,0,0,0,4,7,3,0,0,1,0,0,0,0,2,0,1,0,1,0,0,0,0,0,0,0,0,,0,0,0,0,0,1,0,0,2,1,0,0,0,0,0,0,0,0,0,5,0,8,0,0,0,0,0,0,0,0,0,,0,0,0,0,0,0,0,0,0,0,0,0,0,0,0,0,0,0,0,0,0,0,0,0,0,1,0,0,0,0,,1,3,2,0,0,0,0,0,0,0,0,0,0,1,0,0,0,0,0,0,0,0,0,0,0,0,0,0,0,0,0,,0,0,0,0,0,0,1,1,0,0,0,0,0,0,0,0,0,0,0,0,0,3,2,0,3,17,2,3,2,0,,0,2,4,13,13,9,5,6,11,14,19,20,15,13,11,7,14,17,3,11,36,14,21,13,7,9,7,9,3,0,13,,3,2,7,3,10,7,4,0,0,0,0,0,5,6,20,10,1,13,2,4,6,3,12,3,9,13,12,9,3,0,0,,0,0,0,1,1,0,2,0,0,1,14,2,1,2,1,29,32,33,5,0,0,1,10,12,26,11,0,0,0,0,,0,0,0,0,0,0,0,0,0,0,0,1,0,0,0,0,0,0,0,0,0,0,0,0,0,0,0,0,0,0,0,,0,0,0,0,0,0,0,0,0,0,0,0,0,0,0,0,0,0,0,2,0,0,0,0,0,0,0,0,0,0,,0,0,0,0,0,0,0,0,0,0,0,0,0,0,0,0,0,0,0,0,0,0,2,0,0,0,0,0,0,0,0,
41,3,7,0,2,0,0,0,0,0,0,0,0,0,0,0,1,7,16,0,0,0,9,20,0,0,0,1,8,1,0,0,,2,0,0,0,0,1,25,23,0,2,4,3,2,0,1,9,1,8,0,0,0,3,2,0,0,0,0,1,,2,3,0,0,0,0,0,0,1,7,4,1,0,0,0,0,1,0,0,1,1,23,0,0,0,0,0,0,0,0,0,,0,0,0,0,0,0,0,0,0,0,0,0,0,0,0,0,0,0,0,0,0,0,0,0,2,12,0,0,1,1,,6,5,2,6,4,4,3,0,0,0,1,0,0,4,0,0,0,0,1,1,0,3,0,0,0,0,1,0,0,0,0,,0,0,0,0,0,2,12,5,1,1,0,0,0,0,0,0,0,3,1,0,0,1,2,0,2,17,8,12,17,2,,4,3,9,17,32,14,4,0,1,7,38,42,8,35,39,18,18,34,14,2,9,14,14,34,4,18,18,6,7,3,2,,25,6,2,2,6,10,1,0,0,0,0,0,1,0,2,8,4,4,2,5,2,1,1,3,2,0,17,2,0,0,0,,0,0,2,3,13,1,0,1,4,11,10,2,2,2,5,3,50,62,4,0,0,4,2,30,60,30,0,3,0,0,,0,0,0,0,0,0,0,0,1,1,0,3,0,0,0,0,0,0,0,0,0,0,0,0,0,0,0,0,0,0,0,,1,0,0,0,0,0,0,0,0,0,0,0,0,0,0,0,0,0,0,0,0,0,0,0,0,0,0,0,0,0,,0,0,0,0,0,0,0,0,0,0,0,0,0,0,0,0,0,0,0,0,0,0,3,2,0,0,0,0,0,0,0,
42,4,2,0,1,0,0,0,0,0,0,0,0,0,0,0,7,11,4,0,0,3,13,10,0,0,0,10,22,1,0,5,,1,0,0,0,0,11,33,11,0,2,4,1,1,0,9,3,3,2,0,0,1,6,1,0,0,0,0,0,,1,1,0,0,0,0,0,0,7,3,1,0,0,0,0,0,0,0,4,0,5,5,0,0,0,0,0,0,0,0,0,,0,0,0,0,0,0,0,0,0,0,0,0,0,0,0,0,0,0,0,0,0,0,0,2,1,3,0,0,0,0,,3,2,4,6,2,2,2,0,0,0,0,0,0,3,0,0,0,0,0,0,0,1,0,0,0,0,0,0,0,0,0,,0,0,0,0,0,4,3,1,0,0,0,0,0,0,0,0,1,1,0,0,0,10,2,2,16,9,9,12,7,5,,1,10,35,43,24,15,2,1,18,27,53,16,17,34,19,31,24,9,8,9,7,21,27,18,11,16,10,3,10,4,8,,11,7,4,12,24,3,2,0,0,0,0,0,2,0,15,8,6,1,9,2,1,0,3,20,1,0,4,1,0,0,0,,0,2,8,4,6,2,0,8,9,19,9,0,8,11,1,1,12,15,1,0,0,1,1,8,15,7,0,1,0,0,,0,0,0,0,0,0,0,0,0,0,0,1,0,0,0,0,0,0,0,0,0,0,0,0,0,0,0,0,0,0,0,,0,0,0,0,0,0,0,0,0,0,0,0,0,0,0,0,0,0,0,0,0,0,0,0,0,0,0,0,0,0,,0,0,0,0,0,0,0,0,0,0,0,0,0,0,0,0,0,0,0,0,0,0,1,0,0,0,0,0,0,0,0,
43,4,2,0,1,0,0,0,0,0,0,0,0,0,0,0,6,11,4,0,0,3,12,9,0,0,0,9,21,1,0,5,,1,0,0,0,0,10,32,11,1,2,4,1,1,0,9,2,3,2,0,0,1,6,1,0,0,0,0,0,,1,0,0,0,0,0,0,0,6,3,1,1,0,0,0,0,1,0,3,1,5,7,0,0,0,0,0,0,0,0,0,,0,0,0,0,0,0,0,0,0,0,0,0,0,0,0,0,0,0,0,0,0,0,0,1,0,3,0,0,0,0,,3,1,4,5,1,2,1,0,0,0,0,0,0,2,0,0,0,0,0,0,0,1,0,0,0,0,0,0,0,0,0,,0,0,0,0,0,4,4,2,0,0,0,0,0,0,0,0,0,0,0,0,0,9,2,2,15,10,9,11,8,6,,0,9,32,40,24,14,3,1,16,26,49,17,16,32,21,29,21,8,7,10,7,21,25,20,11,18,12,6,9,5,8,,16,7,5,12,24,5,3,0,0,0,0,0,2,0,15,8,7,2,9,3,1,0,4,18,0,0,1,0,0,0,0,,1,4,8,6,4,2,0,7,8,19,10,2,7,10,2,3,15,19,1,0,0,1,2,11,20,10,0,1,0,0,,0,0,0,0,0,0,0,0,0,0,0,1,0,0,0,0,0,0,0,0,0,0,0,0,0,0,0,0,0,0,0,,0,0,0,0,0,0,0,0,0,0,0,0,0,0,0,0,0,0,0,0,0,0,0,0,0,0,0,0,0,0,,0,0,0,0,0,0,0,0,0,0,0,0,0,0,0,0,0,0,0,0,0,0,1,0,0,0,0,0,0,0,0,
44,4,2,3,2,0,0,0,0,0,0,0,0,0,0,1,4,7,3,0,0,3,7,7,2,2,1,8,13,1,0,2,,2,0,0,0,2,5,18,17,6,2,2,1,1,0,3,6,1,3,0,1,0,3,1,0,0,0,0,0,,2,0,0,0,0,0,1,0,2,3,2,2,0,0,0,0,2,0,2,2,2,5,1,2,0,0,0,0,0,0,0,,0,0,0,0,0,0,0,0,0,0,0,0,0,0,0,0,0,1,0,1,0,0,0,1,0,1,0,0,0,0,,1,4,2,4,0,3,1,0,0,1,0,0,0,2,0,1,1,2,0,1,0,1,0,0,0,0,0,0,0,0,0,,0,0,0,0,0,2,2,0,0,0,0,0,0,0,0,0,0,0,1,0,0,10,1,1,9,9,16,12,3,18,,2,8,20,35,20,10,3,1,6,28,20,11,9,15,10,18,19,8,7,27,15,19,19,17,21,23,21,30,21,17,14,,25,19,19,17,30,16,13,1,0,1,0,0,3,1,21,18,18,6,19,14,0,0,9,13,0,0,6,0,0,0,0,,2,32,15,35,9,1,0,2,3,9,17,17,2,9,6,28,22,7,0,0,2,0,27,32,22,9,3,3,0,0,,1,0,1,1,1,0,0,0,2,1,1,0,0,0,0,0,0,0,0,0,0,0,0,0,0,0,0,0,0,0,0,,5,2,0,0,0,0,0,0,0,0,0,0,0,0,0,0,0,0,0,0,0,0,0,0,0,0,0,0,0,0,,0,0,0,0,0,0,0,0,0,0,0,0,0,0,0,0,0,0,0,0,0,0,3,1,0,0,0,0,0,0,0,
45,4,2,4,3,0,0,0,0,0,0,0,0,0,0,1,3,6,4,0,0,3,6,8,2,2,2,6,9,2,0,0,,2,0,0,0,3,3,14,19,8,3,1,1,1,0,1,8,1,4,1,0,0,1,1,0,0,0,0,0,,2,0,0,0,0,0,1,0,0,4,3,3,0,0,0,0,3,0,1,2,0,6,1,2,0,0,0,0,0,1,0,,0,0,0,0,0,0,0,1,1,0,0,0,0,0,0,0,0,1,0,1,0,0,0,0,0,1,0,0,1,0,,0,5,1,3,0,3,1,0,0,2,0,0,0,2,0,2,1,2,0,2,0,1,1,1,0,0,0,0,0,0,1,,0,0,0,0,0,1,3,0,0,0,0,0,0,0,0,0,0,0,1,0,0,10,1,0,6,10,18,12,3,22,,3,5,14,32,19,9,3,2,2,28,8,10,6,10,9,13,17,11,9,32,18,18,14,18,24,26,26,40,25,22,16,,31,23,24,18,31,21,16,1,0,1,0,1,3,1,22,22,22,5,22,18,1,0,11,10,0,0,8,1,0,0,0,,2,41,17,45,9,1,0,0,1,8,21,22,1,9,8,36,19,6,0,0,3,0,34,41,20,11,4,4,0,0,,1,0,1,1,1,1,0,0,3,2,1,0,0,0,0,0,0,0,0,0,0,0,0,0,0,0,0,0,0,0,0,,5,2,0,0,0,0,0,0,0,0,0,0,0,0,0,0,0,0,0,0,0,0,0,0,0,0,0,0,0,0,,0,0,0,0,0,0,0,0,0,0,0,0,0,0,0,0,0,0,0,0,0,0,4,1,0,0,0,0,0,0,0,
46,4,4,3,4,0,0,0,0,0,0,0,0,0,0,0,1,4,5,0,0,1,5,8,1,1,1,3,4,1,0,0,,2,0,0,0,3,1,10,12,4,1,1,1,1,0,0,8,0,3,0,0,0,2,1,1,0,0,0,0,,4,1,0,0,0,0,1,0,0,5,4,2,0,0,0,0,3,1,2,1,1,6,3,4,0,0,0,0,0,2,0,,0,0,0,0,0,0,0,1,1,0,0,0,0,0,0,0,0,0,0,1,0,0,0,0,1,4,0,0,3,0,,0,3,1,3,0,5,1,2,0,2,0,0,0,4,0,1,3,1,0,2,0,1,1,0,0,0,0,0,0,0,1,,0,0,0,0,0,1,2,0,2,0,0,0,0,0,0,0,1,0,0,0,0,6,2,1,3,6,12,7,3,13,,3,2,7,21,19,9,2,1,0,14,4,6,4,5,6,7,9,8,7,16,11,9,10,10,14,13,16,22,17,13,10,,18,14,18,10,30,30,11,3,0,1,0,1,2,1,14,22,21,13,19,12,1,1,6,5,1,0,13,1,0,0,0,,6,37,20,37,10,4,0,0,1,9,19,20,2,7,11,31,24,11,0,0,3,1,28,39,35,15,5,3,0,1,,1,0,0,1,0,1,0,0,2,1,1,0,0,0,0,0,0,0,1,0,0,0,0,0,0,0,0,0,0,0,0,,5,2,0,0,0,0,0,0,0,0,0,0,0,0,0,0,0,0,0,0,0,0,0,0,0,0,0,0,0,0,,0,0,0,0,0,0,0,0,0,0,0,0,0,0,0,0,0,0,0,0,0,1,3,1,0,0,0,0,0,0,0,
47,2,7,6,2,0,0,0,0,0,0,0,0,0,0,0,1,2,4,0,0,1,2,6,1,1,1,2,3,1,0,0,,2,0,0,0,2,1,6,8,3,1,4,1,1,0,0,14,0,2,0,0,0,5,1,3,0,0,0,0,,10,6,0,0,0,0,0,0,0,5,6,1,0,0,0,0,6,4,5,1,6,8,1,1,0,0,0,0,0,6,0,,0,0,0,0,0,0,0,0,0,0,0,0,0,0,0,0,0,0,0,0,0,0,0,0,0,6,0,0,10,0,,0,1,0,11,0,11,1,12,0,1,0,0,0,6,0,0,1,1,0,1,0,0,0,0,0,0,0,0,0,0,0,,0,0,0,0,0,5,1,0,10,0,0,0,0,0,0,0,7,0,0,0,0,6,6,5,1,8,12,7,5,11,,5,5,11,25,20,10,4,1,1,15,11,8,5,6,6,8,11,14,11,18,14,11,12,11,14,16,17,28,18,18,11,,17,15,14,10,60,81,7,7,2,0,0,3,5,3,22,37,51,51,38,9,5,3,4,5,4,1,53,1,0,0,0,,18,25,30,17,9,12,0,0,1,10,14,16,7,2,14,18,23,10,0,0,3,4,11,22,64,12,6,2,0,4,,4,0,0,2,0,3,0,0,5,0,1,0,0,0,0,0,0,0,3,0,0,0,0,0,0,2,2,0,0,0,0,,5,1,0,0,0,0,0,0,0,0,0,0,0,0,0,0,0,0,0,0,0,0,0,0,0,0,0,0,0,0,,0,0,0,0,0,0,0,0,0,0,0,0,0,0,0,0,0,0,0,0,0,4,1,0,0,0,0,0,0,0,0,
48,0,9,7,1,0,0,0,0,0,0,0,0,0,0,0,0,0,6,0,0,0,1,7,0,0,0,0,1,1,0,0,,4,0,0,0,0,0,2,7,0,0,5,0,0,0,0,18,0,1,0,0,0,7,0,4,0,0,0,0,,13,8,0,0,0,0,0,0,0,5,7,0,0,0,0,0,9,5,7,0,8,9,0,0,0,0,0,0,0,9,0,,0,0,0,0,0,0,0,0,0,0,0,0,0,0,0,0,0,0,0,0,0,0,0,0,0,8,0,0,14,0,,0,0,0,14,0,14,0,18,0,0,0,0,0,8,0,0,0,0,0,0,0,0,0,0,0,0,0,0,0,0,0,,0,0,0,0,0,7,0,0,14,0,0,0,0,0,0,0,10,0,0,0,0,7,8,8,0,8,12,8,8,10,,17,14,20,27,25,12,10,2,1,9,36,8,6,6,9,6,15,22,17,9,16,14,10,5,8,15,13,26,11,27,8,,16,15,12,9,75,109,5,9,2,0,0,4,7,4,26,44,67,73,49,7,7,4,3,4,6,2,75,0,0,0,0,,24,22,37,9,9,17,0,0,0,11,12,16,10,0,15,12,21,8,0,0,2,5,4,9,83,10,7,0,0,6,,6,0,0,3,0,4,0,0,6,0,0,0,0,0,0,0,0,0,4,0,0,0,0,0,0,3,3,0,0,0,0,,6,0,0,0,0,0,0,0,0,0,0,0,0,0,0,0,0,0,0,0,0,0,0,0,0,0,0,0,0,0,,0,0,0,0,0,0,0,0,0,0,0,0,0,0,0,0,0,0,0,0,0,6,0,0,0,0,0,0,0,0,0,
49,0,8,6,2,0,0,0,0,0,0,0,0,0,0,0,0,1,14,0,0,0,2,17,0,0,0,0,2,1,0,0,,9,0,0,0,0,0,5,16,0,0,4,1,0,0,0,18,0,2,0,1,0,6,1,3,0,0,0,0,,12,7,0,0,0,0,0,0,0,5,7,0,0,0,0,0,9,5,7,0,7,8,0,0,0,0,0,0,0,8,0,,0,0,0,0,0,0,0,0,0,0,0,0,1,0,0,0,0,0,0,0,0,0,0,0,0,7,0,0,13,0,,1,0,0,14,0,13,1,17,0,0,0,0,0,7,0,0,0,0,0,0,0,0,0,0,0,0,0,0,0,0,0,,0,0,0,0,0,7,1,0,13,0,0,0,0,0,0,0,9,0,0,0,1,8,9,7,0,8,12,7,9,11,,25,18,27,26,27,13,12,2,2,5,47,7,7,6,9,5,16,24,18,2,14,13,8,2,3,13,9,20,5,29,5,,14,15,11,9,70,101,5,9,2,0,1,4,7,5,26,41,62,68,46,7,7,5,3,5,6,2,69,0,1,0,0,,23,20,35,9,9,17,1,0,0,11,11,16,10,1,15,12,21,8,0,0,3,6,3,12,83,10,7,1,0,6,,6,1,0,3,0,4,0,0,5,1,0,0,0,0,0,0,0,0,3,0,0,0,0,0,0,3,3,0,0,0,0,,5,0,0,0,0,0,0,0,0,0,0,0,0,0,0,0,0,0,0,0,0,0,0,0,0,0,0,0,0,0,,0,0,0,0,0,0,0,0,0,0,0,0,0,0,0,0,0,0,0,0,0,5,0,0,0,0,0,0,0,0,0,
50,0,6,5,3,0,0,0,0,0,0,0,0,0,0,0,0,1,24,0,0,0,4,29,0,0,0,0,3,2,0,0,,15,0,0,0,0,0,8,28,0,0,3,2,0,0,0,18,0,3,0,1,0,5,1,2,0,0,0,0,,11,7,0,0,0,0,0,0,0,5,6,0,0,0,0,0,9,5,6,0,7,8,0,0,0,0,0,0,0,8,0,,0,0,0,0,0,0,0,0,0,0,0,0,1,0,0,0,0,0,0,0,0,0,1,0,0,7,0,0,12,0,,1,0,0,13,0,13,1,16,0,0,0,0,0,7,0,0,0,0,0,0,0,0,0,0,0,0,0,0,0,0,0,,0,0,0,0,0,6,1,0,12,0,0,0,0,0,0,0,9,0,0,0,1,9,9,7,0,8,12,8,11,12,,31,22,33,29,29,14,15,2,2,6,58,8,8,7,11,5,19,27,19,2,17,17,7,1,3,16,10,23,4,35,6,,14,15,11,9,67,97,5,8,2,0,1,4,7,5,27,40,60,65,44,7,7,5,3,5,6,2,66,0,1,0,0,,22,19,34,9,9,16,1,0,0,11,11,16,9,1,15,12,19,7,0,0,3,7,3,11,82,11,7,1,0,5,,6,1,0,2,0,3,0,0,5,1,0,0,0,0,0,0,0,0,3,0,0,0,0,0,0,2,3,0,0,0,0,,5,0,0,0,0,0,0,0,0,0,0,0,0,0,0,0,0,0,0,0,0,0,0,0,0,0,0,0,0,0,,0,0,0,0,0,0,0,0,0,0,0,0,0,0,0,0,0,0,0,0,0,5,0,0,0,0,0,0,0,0,0,
51,0,6,4,3,0,0,0,0,0,0,0,0,0,0,0,0,1,28,0,0,0,4,34,0,0,0,0,3,2,0,0,,17,0,0,0,0,0,10,33,0,0,2,2,0,0,0,18,0,4,0,1,0,4,1,2,0,0,0,0,,12,7,0,0,0,0,0,0,0,5,7,0,0,0,0,0,9,5,7,0,7,8,0,0,0,0,0,0,0,8,0,,0,0,0,0,0,0,0,0,0,0,0,0,1,0,0,0,0,0,0,0,0,0,1,0,0,7,0,0,13,0,,1,0,0,14,0,13,1,17,0,0,0,0,0,7,0,0,0,0,0,0,0,0,0,0,0,0,0,0,0,0,0,,0,0,0,0,0,7,1,0,13,0,0,0,0,0,0,0,9,0,0,0,1,8,9,7,0,8,13,8,10,11,,33,25,33,30,30,15,17,3,2,5,65,8,9,7,12,6,21,30,21,2,19,19,7,1,3,18,11,25,4,40,6,,15,15,11,9,70,102,5,9,2,0,1,4,7,5,27,42,63,69,46,7,7,5,3,5,6,2,70,0,1,0,0,,23,20,35,9,9,16,1,0,0,11,11,16,9,1,15,12,19,7,0,0,3,7,3,9,82,11,7,1,0,6,,6,1,0,3,0,4,0,0,5,1,0,0,0,0,0,0,0,0,3,0,0,0,0,0,0,3,3,0,0,0,0,,5,0,0,0,0,0,0,0,0,0,0,0,0,0,0,0,0,0,0,0,0,0,0,0,0,0,0,0,0,0,,0,0,0,0,0,0,0,0,0,0,0,0,0,0,0,0,0,0,0,0,0,5,0,0,0,0,0,0,0,0,0,
52,0,5,4,4,0,0,0,0,0,0,0,0,0,0,0,0,2,33,0,0,0,5,41,0,0,0,0,4,2,0,0,,21,0,0,0,0,0,11,39,0,0,2,2,0,0,0,18,0,5,0,2,0,4,2,1,0,0,0,0,,13,8,0,0,0,0,0,0,0,5,7,0,0,0,0,0,9,5,7,0,8,9,0,0,0,0,0,0,0,9,0,,0,0,0,0,0,0,0,0,0,0,0,0,1,0,0,0,0,0,0,0,0,0,0,0,0,8,0,0,14,0,,0,0,0,15,0,14,0,18,0,0,0,0,0,8,0,0,0,0,0,0,0,0,0,0,0,0,0,0,0,0,0,,0,0,0,0,0,7,0,0,14,0,0,0,0,0,0,0,10,0,0,0,0,8,9,8,0,8,13,8,8,11,,34,26,31,31,31,15,18,3,2,4,68,8,9,7,13,6,21,31,22,2,20,20,7,0,3,18,11,26,4,42,7,,15,15,12,9,74,108,5,9,2,0,0,4,7,5,27,44,67,73,49,7,7,5,3,5,6,2,75,0,0,0,0,,24,21,36,9,9,17,0,0,0,11,12,16,10,0,15,12,20,8,0,0,3,6,3,7,84,10,7,1,0,6,,6,1,0,3,0,4,0,0,6,0,0,0,0,0,0,0,0,0,4,0,0,0,0,0,0,3,3,0,0,0,0,,6,0,0,0,0,0,0,0,0,0,0,0,0,0,0,0,0,0,0,0,0,0,0,0,0,0,0,0,0,0,,0,0,0,0,0,0,0,0,0,0,0,0,0,0,0,0,0,0,0,0,0,6,0,0,0,0,0,0,0,0,0,
53,1,4,0,4,0,0,0,0,0,0,0,0,0,0,0,0,5,15,0,0,1,15,14,0,0,0,0,10,0,0,0,,1,0,0,0,0,2,21,22,0,5,3,1,2,0,0,15,0,10,0,0,0,5,1,0,0,0,0,0,,4,4,0,0,0,2,0,0,1,1,1,0,0,0,0,0,0,0,0,1,0,22,0,0,0,0,0,0,0,0,0,,0,0,0,0,0,0,0,1,0,0,0,0,0,0,0,0,0,0,0,0,0,0,0,0,1,9,0,0,0,0,,1,4,1,11,2,9,3,0,0,0,1,0,0,2,0,0,1,0,0,0,0,1,0,0,0,0,0,0,0,0,0,,0,0,0,0,0,3,2,1,5,0,0,0,0,0,0,0,0,2,1,0,0,1,0,0,1,23,0,5,20,1,,3,1,9,19,31,36,8,3,6,6,11,34,14,17,16,9,11,16,5,6,7,9,5,13,5,5,36,7,13,0,6,,5,4,3,7,2,3,0,0,0,0,0,0,0,3,6,15,30,4,1,0,3,1,2,1,9,6,21,3,1,0,0,,0,0,0,1,7,1,1,0,0,5,8,28,3,1,2,15,25,32,2,0,0,2,5,19,25,17,1,6,0,1,,2,0,0,0,0,0,0,0,0,0,0,1,0,0,0,0,0,0,0,0,0,0,0,0,0,0,0,0,0,0,0,,1,0,0,0,0,0,0,0,0,0,0,0,0,0,0,0,0,0,0,0,0,0,0,0,0,0,0,0,0,0,,0,0,0,0,0,0,0,0,0,0,0,0,0,0,0,0,0,0,0,0,0,0,11,1,0,0,0,0,0,0,0,
54,4,7,0,3,0,0,0,0,0,0,0,0,0,0,0,0,9,22,0,0,0,12,30,0,0,0,0,8,1,0,0,,1,0,0,0,0,0,26,35,0,3,4,7,3,0,0,17,1,17,0,1,0,3,2,0,0,0,0,1,,4,6,0,0,0,0,0,0,0,7,6,1,0,0,0,0,1,0,0,1,1,27,0,0,0,0,0,0,0,0,0,,0,0,0,0,0,0,0,0,0,0,0,0,0,0,0,0,0,0,0,0,0,0,0,0,7,18,0,0,1,1,,5,13,1,12,11,6,8,0,0,0,2,0,0,6,0,0,0,0,1,1,0,5,0,0,0,0,2,0,0,0,0,,0,0,0,0,0,3,11,4,1,2,0,0,0,0,0,0,0,11,3,0,0,0,1,0,0,18,6,23,17,2,,13,2,8,19,33,19,4,0,0,4,35,48,10,45,33,16,35,56,23,2,15,13,12,29,8,11,14,5,14,3,1,,19,15,2,4,3,7,0,0,1,0,0,0,0,0,1,15,6,3,1,4,1,1,1,4,6,0,53,6,0,0,0,,0,0,1,5,30,1,1,0,3,8,8,4,2,1,5,3,48,56,4,0,0,5,2,36,66,34,1,4,0,0,,1,0,0,0,0,0,0,0,0,2,0,3,0,0,0,0,0,0,0,1,0,0,0,0,0,0,0,0,0,0,0,,4,0,0,0,0,0,0,0,0,0,0,0,0,0,0,0,0,0,0,0,0,0,0,0,0,0,0,0,0,0,,0,0,0,0,0,0,0,0,0,0,0,0,0,0,0,0,0,0,0,0,0,0,5,4,0,0,0,0,0,0,0,
55,3,7,0,3,0,0,0,0,0,0,0,0,0,0,0,0,8,20,0,0,0,11,26,0,0,0,0,8,1,0,0,,1,0,0,0,0,0,26,30,0,3,4,6,2,0,0,14,1,13,0,1,0,3,2,0,0,0,0,1,,3,5,0,0,0,0,0,0,0,8,6,1,0,0,0,0,1,0,0,1,2,27,0,0,0,0,0,0,0,0,0,,0,0,0,0,0,0,0,1,0,0,0,0,0,0,0,0,0,0,0,0,0,0,0,0,5,15,0,0,1,1,,5,9,1,9,7,6,6,0,1,0,2,0,0,5,0,0,0,0,1,1,0,4,0,0,0,0,1,0,0,0,0,,0,0,0,0,0,2,13,5,1,1,0,0,0,0,0,0,0,7,2,0,0,0,2,0,1,18,6,17,18,2,,10,2,8,17,35,19,5,0,0,4,34,47,9,40,35,16,26,48,20,2,12,13,12,31,7,14,17,5,12,3,1,,23,12,2,4,4,9,1,0,3,0,0,0,0,0,1,13,8,4,1,4,1,1,2,3,6,0,35,5,0,0,0,,0,0,2,6,21,2,1,0,4,9,9,5,2,1,5,3,49,59,4,0,0,4,2,32,57,32,2,5,0,1,,1,0,0,0,0,0,0,0,1,2,0,4,0,0,0,0,0,0,0,0,0,0,0,0,0,0,0,0,0,0,0,,3,0,0,0,0,0,0,0,0,0,0,0,0,0,0,0,0,0,0,0,0,0,0,0,0,0,0,0,0,0,,0,0,0,0,0,0,0,0,0,0,0,0,0,0,0,0,0,0,0,0,0,0,5,3,0,0,0,0,0,0,0,
56,4,4,0,2,0,0,0,0,0,0,0,0,0,0,0,4,10,12,0,0,2,12,18,0,0,0,5,15,1,0,3,,1,0,0,0,0,6,30,21,0,2,4,3,2,0,5,8,2,8,0,0,1,4,2,0,0,0,0,1,,2,3,0,0,0,0,0,0,4,5,3,1,0,0,0,0,1,0,2,0,3,15,0,0,0,0,0,0,0,0,0,,0,0,0,0,0,0,0,0,0,0,0,0,0,0,0,0,0,0,0,0,0,0,0,1,3,9,0,0,0,1,,4,7,3,8,5,3,4,0,0,0,1,0,0,4,0,0,0,0,1,0,0,3,0,0,0,0,1,0,0,0,0,,0,0,0,0,0,3,7,2,0,1,0,0,0,0,0,0,0,5,2,0,0,5,2,1,9,13,8,16,12,3,,6,6,22,31,28,16,3,0,9,16,45,31,13,38,26,24,27,29,14,5,10,17,20,24,9,14,12,4,11,4,5,,16,10,3,8,14,5,1,0,0,0,0,0,1,0,9,10,5,2,5,3,1,1,2,12,3,0,24,3,0,0,0,,0,1,5,4,16,2,0,4,6,14,9,1,5,6,3,2,30,35,3,0,0,3,5,25,45,23,1,2,0,0,,0,0,0,0,0,0,0,0,0,1,0,2,0,0,0,0,0,0,0,0,0,0,0,0,0,0,0,0,0,0,0,,2,0,0,0,0,0,0,0,0,0,0,0,0,0,0,0,0,0,0,0,0,0,0,0,0,0,0,0,0,0,,0,0,0,0,0,0,0,0,0,0,0,0,0,0,0,0,0,0,0,0,0,0,2,2,0,0,0,0,0,0,0,
57,4,3,3,3,0,0,0,0,0,0,0,0,0,0,1,2,6,4,0,0,2,6,8,2,2,1,6,8,1,0,1,,2,0,0,0,3,3,14,16,7,2,1,1,1,0,1,8,1,3,0,0,0,1,1,0,0,0,0,0,,2,0,0,0,0,0,1,0,1,4,3,3,0,0,0,0,3,0,1,1,1,6,2,3,0,0,0,0,0,1,0,,0,0,0,0,0,0,0,1,1,0,0,0,0,0,0,0,0,1,0,1,0,0,0,0,0,2,0,0,1,0,,0,4,1,3,0,3,1,0,0,2,0,0,0,2,0,1,2,2,0,2,0,1,1,0,0,0,0,0,0,0,1,,0,0,0,0,0,1,3,0,0,0,0,0,0,0,0,0,0,0,1,0,0,9,1,0,6,9,16,10,3,19,,3,4,12,29,19,9,3,1,2,24,10,9,6,10,9,13,15,9,7,27,15,16,12,17,21,22,23,33,22,18,14,,26,19,21,15,29,20,14,1,0,1,0,0,3,1,18,20,19,5,19,16,1,0,9,9,0,0,7,1,0,0,0,,2,38,16,42,10,1,0,1,2,8,20,20,1,9,7,33,18,8,0,0,2,0,32,39,21,11,4,4,0,0,,1,0,1,1,1,0,0,0,2,2,1,0,0,0,0,0,0,0,0,0,0,0,0,0,0,0,0,0,0,0,0,,5,2,0,0,0,0,0,0,0,0,0,0,0,0,0,0,0,0,0,0,0,0,0,0,0,0,0,0,0,0,,0,0,0,0,0,0,0,0,0,0,0,0,0,0,0,0,0,0,0,0,0,0,3,1,0,0,0,0,0,0,0,
58,4,3,4,3,0,0,0,0,0,0,0,0,0,0,1,2,5,4,0,0,2,5,8,2,2,2,6,8,1,0,0,,2,0,0,0,3,2,13,18,8,2,1,1,1,0,0,8,1,4,1,0,0,1,1,0,0,0,0,0,,2,0,0,0,0,0,1,0,0,4,3,3,0,0,0,0,3,0,1,2,0,6,2,3,0,0,0,0,0,1,0,,0,0,0,0,0,0,0,1,1,0,0,0,0,0,0,0,0,1,0,1,0,0,0,0,0,2,0,0,1,0,,0,4,1,3,0,4,1,0,0,2,0,0,0,2,0,2,2,2,0,2,0,1,1,1,0,0,0,0,0,0,1,,0,0,0,0,0,1,3,0,0,0,0,0,0,0,0,0,0,0,1,0,0,9,1,0,5,9,18,11,3,21,,3,4,10,28,19,8,3,1,1,24,5,9,5,8,8,11,15,9,7,29,16,15,11,16,22,23,24,36,23,20,15,,29,22,24,16,30,22,16,1,0,1,0,1,3,1,20,22,21,6,21,17,1,0,11,9,0,0,8,1,0,0,0,,3,43,18,47,8,1,0,0,1,8,21,23,1,9,8,37,17,5,0,0,3,0,36,42,20,10,4,4,0,0,,1,0,1,1,1,1,0,0,3,2,1,0,0,0,0,0,0,0,0,0,0,0,0,0,0,0,0,0,0,0,0,,6,2,0,0,0,0,0,0,0,0,0,0,0,0,0,0,0,0,0,0,0,0,0,0,0,0,0,0,0,0,,0,0,0,0,0,0,0,0,0,0,0,0,0,0,0,0,0,0,0,0,0,0,4,1,0,0,0,0,0,0,0,
59,5,4,1,4,0,0,0,0,0,0,0,0,0,0,0,1,3,5,0,0,1,5,9,1,1,1,2,3,1,0,0,,2,0,0,0,4,1,11,7,3,1,0,2,0,0,0,6,0,3,0,0,0,1,0,0,0,0,0,0,,4,0,0,0,0,0,0,0,0,5,4,1,0,0,0,0,3,0,2,1,0,6,4,6,0,0,0,0,0,2,0,,0,0,0,0,0,0,0,2,2,0,0,0,0,0,0,0,0,0,0,0,0,0,0,0,1,4,0,0,2,0,,0,2,0,1,0,5,0,1,0,2,0,0,0,4,0,1,4,1,0,2,0,0,2,0,0,0,0,0,0,0,2,,0,0,0,0,0,1,1,0,0,0,0,0,0,0,0,0,0,0,0,0,0,3,1,0,2,3,7,4,2,9,,2,1,3,12,16,8,1,0,0,7,2,3,3,4,4,5,6,3,4,9,5,5,4,6,9,7,11,11,13,6,8,,10,9,16,6,21,23,9,3,0,0,0,0,1,0,7,18,12,7,12,10,0,0,4,3,0,0,4,2,0,0,0,,5,40,20,41,9,3,0,0,1,8,20,21,2,8,9,33,19,7,0,0,3,1,31,39,28,11,5,3,0,1,,1,0,0,0,0,0,0,0,1,1,2,0,0,0,0,0,0,0,0,0,0,0,0,0,0,0,0,0,0,0,0,,6,2,0,0,0,0,0,0,0,0,0,0,0,0,0,0,0,0,0,0,0,0,0,0,0,0,0,0,0,0,,0,0,0,0,0,0,0,0,0,0,0,0,0,0,0,0,0,0,0,0,0,1,3,1,0,0,0,0,0,0,0,
60,3,5,4,3,0,0,0,0,0,0,0,0,0,0,0,1,3,4,0,0,1,4,7,1,1,1,2,3,1,0,0,,2,0,0,0,3,1,9,9,3,1,2,1,1,0,0,10,0,2,0,0,0,3,1,1,0,0,0,0,,7,3,0,0,0,0,0,0,0,5,5,1,0,0,0,0,4,2,3,1,3,7,2,4,0,0,0,0,0,4,0,,0,0,0,0,0,0,0,1,1,0,0,0,0,0,0,0,0,0,0,0,0,0,0,0,1,5,0,0,6,0,,0,1,0,6,0,8,0,7,0,1,0,0,0,5,0,1,2,1,0,1,0,0,1,0,0,0,0,0,0,0,1,,0,0,0,0,0,3,1,0,5,0,0,0,0,0,0,0,3,0,0,0,0,5,3,3,2,6,10,6,4,10,,3,3,7,20,18,9,2,1,1,14,5,6,4,6,6,7,10,8,7,17,10,10,8,10,14,14,16,23,17,13,11,,14,12,15,8,41,52,8,5,1,0,0,2,3,2,15,27,32,29,25,9,3,1,4,4,2,1,29,1,0,0,0,,15,30,28,24,9,10,0,0,1,9,16,18,6,4,13,22,21,8,0,0,3,3,17,24,56,11,6,2,0,3,,2,0,0,1,0,1,0,0,3,1,1,0,0,0,0,0,0,0,1,0,0,0,0,0,0,1,1,0,0,0,0,,6,1,0,0,0,0,0,0,0,0,0,0,0,0,0,0,0,0,0,0,0,0,0,0,0,0,0,0,0,0,,0,0,0,0,0,0,0,0,0,0,0,0,0,0,0,0,0,0,0,0,0,3,2,0,0,0,0,0,0,0,0,
61,1,8,6,2,0,0,0,0,0,0,0,0,0,0,0,0,1,9,0,0,0,2,12,0,0,0,0,2,1,0,0,,5,0,0,0,1,0,5,11,1,0,4,1,0,0,0,15,0,2,0,0,0,5,0,3,0,0,0,0,,11,6,0,0,0,0,0,0,0,5,6,1,0,0,0,0,7,4,6,0,6,8,1,2,0,0,0,0,0,7,0,,0,0,0,0,0,0,0,0,0,0,0,0,0,0,0,0,0,0,0,0,0,0,0,0,0,7,0,0,10,0,,0,1,0,11,0,12,0,13,0,1,0,0,0,7,0,0,1,0,0,1,0,0,0,0,0,0,0,0,0,0,0,,0,0,0,0,0,5,1,0,10,0,0,0,0,0,0,0,7,0,0,0,0,7,6,6,1,7,12,7,6,11,,6,4,9,20,19,9,3,1,1,12,10,6,4,5,6,7,10,9,8,14,10,9,7,9,12,13,15,21,15,14,10,,16,15,14,9,62,86,7,7,2,0,0,3,5,3,22,38,53,55,40,8,5,3,3,4,4,2,56,0,0,0,0,,21,24,34,14,9,15,0,0,0,10,13,17,9,2,14,15,21,8,0,0,3,4,8,14,75,10,7,1,0,5,,5,0,0,2,0,3,0,0,5,0,0,0,0,0,0,0,0,0,3,0,0,0,0,0,0,2,2,0,0,0,0,,6,0,0,0,0,0,0,0,0,0,0,0,0,0,0,0,0,0,0,0,0,0,0,0,0,0,0,0,0,0,,0,0,0,0,0,0,0,0,0,0,0,0,0,0,0,0,0,0,0,0,0,5,1,0,0,0,0,0,0,0,0,
62,1,8,6,2,0,0,0,0,0,0,0,0,0,0,0,0,1,15,0,0,0,2,19,0,0,0,0,2,1,0,0,,9,0,0,0,0,0,6,17,0,0,4,1,0,0,0,17,0,2,0,1,0,6,1,3,0,0,0,0,,12,7,0,0,0,0,0,0,0,5,7,0,0,0,0,0,8,5,6,0,7,8,1,1,0,0,0,0,0,8,0,,0,0,0,0,0,0,0,0,0,0,0,0,1,0,0,0,0,0,0,0,0,0,0,0,0,7,0,0,12,0,,0,0,0,13,0,13,0,16,0,0,0,0,0,7,0,0,1,0,0,0,0,0,0,0,0,0,0,0,0,0,0,,0,0,0,0,0,6,0,0,12,0,0,0,0,0,0,0,9,0,0,0,0,7,8,7,0,8,12,7,8,10,,13,10,14,20,22,11,7,1,1,7,25,5,5,5,7,5,11,14,11,7,11,10,6,4,7,11,11,18,10,19,8,,14,14,12,9,68,98,5,8,2,0,0,4,6,4,24,41,60,65,44,7,7,4,3,4,5,2,66,0,0,0,0,,23,21,36,10,9,17,0,0,0,11,12,16,9,1,15,13,20,8,0,0,3,6,4,9,81,10,7,1,0,6,,6,1,0,3,0,3,0,0,5,0,0,0,0,0,0,0,0,0,3,0,0,0,0,0,0,2,3,0,0,0,0,,6,0,0,0,0,0,0,0,0,0,0,0,0,0,0,0,0,0,0,0,0,0,0,0,0,0,0,0,0,0,,0,0,0,0,0,0,0,0,0,0,0,0,0,0,0,0,0,0,0,0,0,5,0,0,0,0,0,0,0,0,0,
63,11,4,0,0,0,0,0,0,0,0,0,0,0,0,0,0,1,14,0,0,1,4,8,0,2,0,0,5,0,0,0,,0,0,0,0,0,0,16,33,1,8,3,0,1,0,0,41,0,9,3,3,2,7,0,0,0,0,0,0,,14,4,0,0,0,0,0,0,2,16,1,0,0,0,0,0,0,0,0,3,4,34,0,0,0,0,0,0,0,0,0,,0,0,0,0,0,0,0,4,0,0,0,0,0,0,0,0,0,0,0,0,0,0,1,0,2,1,0,0,0,0,,4,0,3,1,0,3,5,0,0,0,1,0,0,1,0,0,0,0,2,2,0,5,0,0,0,0,0,0,0,0,0,,0,0,0,0,0,1,7,14,1,0,0,0,0,0,0,0,1,0,2,0,0,0,1,0,0,33,3,7,17,1,,10,2,6,2,75,70,19,1,0,2,9,57,13,17,36,21,32,48,15,8,0,0,29,10,18,5,6,6,19,1,1,,1,1,2,1,0,10,9,0,12,0,3,0,0,0,0,6,62,5,0,2,0,0,0,1,12,0,6,0,0,0,0,,0,0,0,0,3,0,0,3,5,9,10,25,10,2,7,0,25,35,2,0,0,4,7,32,23,13,4,3,0,0,,0,0,0,0,0,0,0,0,0,3,0,1,0,0,0,0,0,0,0,0,0,0,0,0,0,0,0,0,0,0,0,,0,0,0,0,0,0,0,0,0,0,0,0,0,0,0,0,0,0,0,0,0,0,0,0,0,0,0,0,0,0,,0,0,0,0,0,0,0,0,0,0,0,0,0,0,0,0,0,0,0,0,0,0,5,0,0,0,0,0,0,0,0,
64,5,4,0,3,0,0,0,0,0,0,0,0,0,0,0,0,3,16,0,0,2,12,13,0,0,0,0,10,0,0,1,,1,0,0,0,1,0,27,36,1,9,6,4,2,0,0,27,0,15,0,0,4,6,0,0,0,0,0,0,,5,5,0,0,0,1,0,0,0,13,1,0,0,0,0,1,0,0,0,1,4,32,1,0,0,0,0,0,0,0,0,,0,0,0,0,0,0,0,4,0,0,0,0,0,0,0,0,0,0,0,0,0,0,1,0,3,5,0,0,0,0,,2,0,2,8,1,10,5,1,2,0,1,0,0,1,0,0,1,0,0,0,1,1,0,0,0,0,0,0,0,0,0,,0,0,0,0,0,3,7,5,4,0,0,0,0,0,0,0,2,1,0,0,0,0,2,0,0,19,4,4,22,2,,15,4,13,15,47,57,12,0,1,1,6,41,20,17,28,14,18,36,10,3,4,2,7,19,4,6,30,3,28,2,2,,5,7,3,8,2,8,2,1,11,0,1,0,0,0,0,17,41,4,0,5,0,0,3,3,12,0,8,3,1,0,0,,0,0,3,9,4,2,1,0,4,5,9,48,7,1,5,2,25,36,3,0,0,2,1,30,30,27,4,9,0,1,,2,0,0,0,0,0,0,0,0,6,0,2,0,0,0,0,0,0,1,0,0,0,0,0,0,0,0,0,0,0,0,,0,0,0,0,0,0,0,0,0,0,0,0,0,0,0,0,0,0,0,0,0,0,0,0,0,0,0,0,0,0,,0,0,0,0,0,0,0,0,0,0,0,0,0,0,0,0,0,0,0,0,0,0,16,2,0,0,0,0,0,0,0,
65,3,6,0,5,0,0,0,0,0,0,0,0,0,0,0,0,9,25,1,0,0,16,21,1,0,0,0,14,0,0,0,,1,0,0,0,1,0,27,34,0,11,6,13,2,0,0,28,0,16,0,0,3,7,1,0,0,1,0,0,,6,5,0,0,0,1,0,0,0,12,3,0,1,0,0,3,0,0,0,0,13,23,1,1,0,0,0,0,0,0,0,,0,2,0,0,0,0,0,8,0,0,0,0,0,0,0,0,0,0,0,0,0,0,1,0,4,6,0,0,0,1,,1,1,3,6,4,18,5,2,8,1,1,0,1,1,1,0,1,0,0,0,1,1,1,0,0,0,0,0,0,0,0,,0,1,0,0,1,2,18,7,1,0,0,0,0,0,0,0,3,1,0,1,0,0,4,0,0,21,2,8,19,2,,20,2,16,19,45,48,8,0,2,3,19,58,15,25,26,16,13,61,31,1,14,6,14,24,13,4,30,5,34,6,1,,17,22,12,18,7,19,1,3,30,0,1,0,0,0,0,24,42,5,0,7,0,1,9,8,28,1,18,9,3,0,0,,0,0,12,29,10,6,2,0,10,3,11,29,6,1,4,5,33,36,3,0,0,3,1,33,37,34,7,10,0,2,,4,0,0,0,0,0,0,0,1,6,0,7,0,0,0,0,1,0,2,0,0,0,0,0,0,0,0,0,0,0,0,,0,0,0,0,0,0,0,0,0,0,0,0,0,0,0,0,0,0,0,0,0,0,0,0,0,0,0,0,0,0,,0,0,0,0,0,0,0,0,0,0,0,0,0,0,0,0,0,0,0,0,0,0,14,7,0,0,0,0,0,0,0,
66,4,6,0,4,0,0,0,0,0,0,0,0,0,0,0,0,9,24,1,0,0,15,27,0,0,0,0,11,0,0,0,,1,0,0,0,0,0,27,36,0,7,5,10,3,0,0,23,0,18,0,0,2,5,2,0,0,0,0,0,,5,6,0,0,0,0,0,0,0,10,5,0,0,0,0,2,0,0,0,0,6,26,1,0,0,0,0,0,0,0,0,,0,1,0,0,0,0,0,4,0,0,0,0,0,0,0,0,0,0,0,0,0,0,0,0,6,13,0,0,0,1,,3,9,2,10,8,12,8,1,4,1,2,0,1,4,0,0,1,0,0,0,0,3,1,0,0,0,1,0,0,0,0,,0,1,0,0,1,2,14,5,1,1,0,0,0,0,0,0,2,7,2,1,0,0,3,0,0,20,3,18,18,1,,18,2,12,19,40,34,6,0,1,3,27,54,12,37,28,16,27,62,28,1,16,10,13,26,11,7,21,5,25,5,1,,18,20,7,11,4,12,1,2,15,0,1,0,0,0,0,20,23,4,0,5,1,1,5,6,18,0,42,8,1,0,0,,0,0,6,16,23,4,2,0,6,5,9,16,4,1,4,4,40,45,4,0,0,4,2,34,49,31,4,7,0,1,,3,0,0,0,0,0,0,0,1,4,0,5,0,0,0,0,1,0,1,0,0,0,0,0,0,0,0,0,0,0,0,,3,0,0,0,0,0,0,0,0,0,0,0,0,0,0,0,0,0,0,0,0,0,0,0,0,0,0,0,0,0,,0,0,0,0,0,0,0,0,0,0,0,0,0,0,0,0,0,0,0,0,0,0,9,6,0,0,0,0,0,0,0,
67,3,7,0,3,0,0,0,0,0,0,0,0,0,0,0,0,9,22,0,0,0,13,27,0,0,0,0,10,0,0,0,,1,0,0,0,0,0,26,34,0,5,5,8,2,0,0,20,1,16,0,0,1,4,2,0,0,0,0,1,,4,5,0,0,0,0,0,0,0,9,5,1,0,0,0,1,1,0,0,1,4,26,1,0,0,0,0,0,0,0,0,,0,1,0,0,0,0,0,3,0,0,0,0,0,0,0,0,0,0,0,0,0,0,0,0,6,14,0,0,0,1,,4,9,2,10,8,10,7,1,3,0,2,0,0,4,0,0,0,0,1,1,0,4,0,0,0,0,1,0,0,0,0,,0,0,0,0,1,2,14,5,1,1,0,0,0,0,0,0,1,7,2,0,0,0,2,0,0,19,5,17,18,2,,15,2,11,19,37,28,5,0,1,3,30,51,11,38,31,16,27,56,25,2,14,11,13,28,9,9,19,5,20,4,1,,19,17,5,8,4,11,1,1,10,0,1,0,0,0,0,17,17,4,1,5,1,1,4,5,13,0,40,7,1,0,0,,0,0,4,12,22,3,1,0,5,6,9,11,3,1,4,4,44,51,4,0,0,3,6,35,53,33,3,6,0,1,,2,0,0,0,0,0,0,0,1,3,0,4,0,0,0,0,0,0,1,0,0,0,0,0,0,0,0,0,0,0,0,,3,0,0,0,0,0,0,0,0,0,0,0,0,0,0,0,0,0,0,0,0,0,0,0,0,0,0,0,0,0,,0,0,0,0,0,0,0,0,0,0,0,0,0,0,0,0,0,0,0,0,0,0,8,5,0,0,0,0,0,0,0,
68,4,3,2,4,0,0,0,0,0,0,0,0,0,0,0,2,5,6,0,0,2,7,11,1,1,1,4,7,1,0,1,,2,0,0,0,4,2,14,14,4,2,1,2,1,0,1,8,1,4,0,0,0,1,1,0,0,0,0,0,,3,1,0,0,0,0,1,0,1,4,4,2,0,0,0,0,2,0,1,1,1,7,3,4,0,0,0,0,0,1,0,,0,0,0,0,0,0,0,1,1,0,0,0,0,0,0,0,0,0,0,1,0,0,0,0,1,4,0,0,1,0,,1,4,1,3,1,4,2,0,0,2,0,0,0,4,0,1,3,1,0,2,0,1,1,0,0,0,0,0,0,0,1,,0,0,0,0,0,1,2,0,0,0,0,0,0,0,0,0,0,1,1,0,0,6,1,0,4,7,11,9,3,13,,4,3,10,22,19,10,2,1,2,16,8,9,6,11,7,10,15,10,7,17,11,11,9,12,16,14,16,21,18,12,11,,17,15,17,10,23,19,11,2,0,1,0,0,2,0,12,19,14,5,14,12,0,0,6,7,1,0,11,2,0,0,0,,2,33,15,38,12,1,0,1,3,8,18,20,2,8,6,29,19,10,1,0,2,1,28,37,22,12,4,4,0,0,,1,0,0,1,0,0,0,0,2,1,1,0,0,0,0,0,0,0,0,0,0,0,0,0,0,0,0,0,0,0,0,,5,2,0,0,0,0,0,0,0,0,0,0,0,0,0,0,0,0,0,0,0,0,0,0,0,0,0,0,0,0,,0,0,0,0,0,0,0,0,0,0,0,0,0,0,0,0,0,0,0,0,0,0,4,2,0,0,0,0,0,0,0,
69,4,4,2,4,0,0,0,0,0,0,0,0,0,0,0,1,4,5,0,0,1,5,9,1,1,1,3,4,1,0,0,,2,0,0,0,4,1,12,10,4,1,1,2,1,0,0,7,0,3,0,0,0,1,1,0,0,0,0,0,,4,0,0,0,0,0,0,0,0,4,4,1,0,0,0,0,2,0,1,1,0,6,3,5,0,0,0,0,0,1,0,,0,0,0,0,0,0,0,1,1,0,0,0,0,0,0,0,0,0,0,0,0,0,0,0,1,4,0,0,1,0,,0,2,1,1,0,4,1,0,0,2,0,0,0,4,0,1,3,1,0,2,0,1,1,0,0,0,0,0,0,0,1,,0,0,0,0,0,1,1,0,0,0,0,0,0,0,0,0,0,0,0,0,0,5,1,0,3,5,10,6,3,11,,3,2,6,17,17,8,1,1,1,13,3,5,4,6,5,7,9,5,5,15,8,8,6,10,13,12,15,18,16,10,10,,14,12,17,8,22,21,11,3,0,1,0,0,1,0,10,18,13,5,13,11,0,0,5,4,0,0,5,1,0,0,0,,2,41,17,45,9,1,0,1,2,8,21,22,1,9,8,35,17,6,0,0,3,0,34,40,20,10,4,4,0,0,,1,0,0,0,0,0,0,0,1,1,2,0,0,0,0,0,0,0,0,0,0,0,0,0,0,0,0,0,0,0,0,,5,2,0,0,0,0,0,0,0,0,0,0,0,0,0,0,0,0,0,0,0,0,0,0,0,0,0,0,0,0,,0,0,0,0,0,0,0,0,0,0,0,0,0,0,0,0,0,0,0,0,0,0,4,1,0,0,0,0,0,0,0,
70,4,4,2,4,0,0,0,0,0,0,0,0,0,0,0,1,3,4,0,0,1,5,9,1,1,1,2,3,1,0,0,,2,0,0,0,4,1,11,8,3,1,1,2,1,0,0,7,0,3,0,0,0,1,1,0,0,0,0,0,,4,1,0,0,0,0,0,0,0,4,4,1,0,0,0,0,3,0,2,1,0,6,3,5,0,0,0,0,0,2,0,,0,0,0,0,0,0,0,1,1,0,0,0,0,0,0,0,0,0,0,0,0,0,0,0,1,4,0,0,2,0,,0,2,1,2,0,5,0,1,0,2,0,0,0,4,0,1,3,1,0,2,0,1,1,0,0,0,0,0,0,0,1,,0,0,0,0,0,1,1,0,1,0,0,0,0,0,0,0,1,0,0,0,0,4,1,1,2,4,9,5,3,10,,2,2,4,14,16,8,1,1,0,10,2,4,3,5,4,6,7,4,4,11,6,6,4,8,11,9,12,14,14,8,9,,13,11,17,7,24,25,10,3,0,1,0,0,2,0,10,19,15,9,14,11,1,0,4,4,0,0,7,1,0,0,0,,6,40,20,42,8,3,0,0,1,8,20,22,2,8,9,34,18,6,0,0,3,1,32,37,28,10,5,3,0,1,,1,0,0,1,0,0,0,0,2,1,2,0,0,0,0,0,0,0,0,0,0,0,0,0,0,0,0,0,0,0,0,,6,2,0,0,0,0,0,0,0,0,0,0,0,0,0,0,0,0,0,0,0,0,0,0,0,0,0,0,0,0,,0,0,0,0,0,0,0,0,0,0,0,0,0,0,0,0,0,0,0,0,0,1,3,1,0,0,0,0,0,0,0,
71,4,4,3,4,0,0,0,0,0,0,0,0,0,0,0,1,3,4,0,0,1,5,8,1,1,1,3,4,1,0,0,,2,0,0,0,4,1,10,10,4,1,1,1,1,0,0,8,0,3,0,0,0,1,1,1,0,0,0,0,,5,1,0,0,0,0,0,0,0,4,5,1,0,0,0,0,3,1,2,1,1,6,3,5,0,0,0,0,0,2,0,,0,0,0,0,0,0,0,1,1,0,0,0,0,0,0,0,0,0,0,0,0,0,0,0,1,4,0,0,3,0,,0,2,1,3,0,6,1,3,0,2,0,0,0,4,0,1,3,1,0,2,0,1,1,0,0,0,0,0,0,0,1,,0,0,0,0,0,2,1,0,2,0,0,0,0,0,0,0,1,0,0,0,0,5,2,1,2,5,11,6,3,12,,3,2,6,18,17,8,2,1,0,14,3,5,4,5,6,7,9,6,5,16,9,9,6,10,14,13,16,21,17,12,11,,16,13,17,9,31,34,10,4,0,1,0,1,2,1,13,23,21,15,19,11,1,1,5,4,1,0,15,1,0,0,0,,10,37,24,36,8,6,0,0,1,8,19,21,3,6,10,30,19,6,0,0,3,1,26,32,40,10,5,3,0,2,,1,0,0,1,0,1,0,0,2,1,1,0,0,0,0,0,0,0,1,0,0,0,0,0,0,0,1,0,0,0,0,,6,1,0,0,0,0,0,0,0,0,0,0,0,0,0,0,0,0,0,0,0,0,0,0,0,0,0,0,0,0,,0,0,0,0,0,0,0,0,0,0,0,0,0,0,0,0,0,0,0,0,0,2,3,1,0,0,0,0,0,0,0,
72,2,7,5,2,0,0,0,0,0,0,0,0,0,0,0,1,2,4,0,0,1,3,7,1,1,0,1,2,1,0,0,,2,0,0,0,2,1,7,8,2,1,3,1,0,0,0,12,0,2,0,0,0,4,0,2,0,0,0,0,,9,4,0,0,0,0,0,0,0,5,6,1,0,0,0,0,6,3,5,0,4,8,2,3,0,0,0,0,0,6,0,,0,0,0,0,0,0,0,1,1,0,0,0,0,0,0,0,0,0,0,0,0,0,0,0,0,6,0,0,8,0,,0,1,0,9,0,10,0,10,0,1,0,0,0,6,0,0,2,1,0,1,0,0,1,0,0,0,0,0,0,0,1,,0,0,0,0,0,4,1,0,8,0,0,0,0,0,0,0,5,0,0,0,0,6,5,4,1,7,11,7,5,10,,3,2,6,17,17,8,2,1,0,12,4,5,4,5,5,7,9,5,5,14,8,8,6,9,13,12,14,18,15,11,10,,15,14,15,8,52,70,8,6,1,0,0,2,4,2,19,33,43,43,33,9,4,2,4,4,3,1,43,1,0,0,0,,20,27,34,17,8,14,0,0,0,10,14,17,8,2,14,18,21,7,0,0,2,3,11,16,70,9,7,1,0,5,,4,0,0,2,0,2,0,0,4,1,1,0,0,0,0,0,0,0,2,0,0,0,0,0,0,2,2,0,0,0,0,,6,1,0,0,0,0,0,0,0,0,0,0,0,0,0,0,0,0,0,0,0,0,0,0,0,0,0,0,0,0,,0,0,0,0,0,0,0,0,0,0,0,0,0,0,0,0,0,0,0,0,0,5,1,0,0,0,0,0,0,0,0,
73,5,4,2,0,0,0,0,0,0,0,2,1,0,0,2,2,1,3,2,2,1,2,2,0,2,3,2,8,0,0,0,,1,3,2,2,0,5,11,13,0,2,4,1,0,0,0,9,3,7,2,0,1,4,0,0,0,3,2,0,,3,2,0,0,0,3,2,2,0,4,1,0,0,0,0,0,0,0,0,0,1,7,0,0,0,0,0,0,0,0,0,,0,1,0,0,2,0,0,1,0,0,0,2,0,0,0,0,0,0,0,16,0,0,0,0,1,0,0,0,0,0,,0,0,1,0,0,0,1,0,0,0,0,0,0,0,0,0,0,0,0,0,0,1,0,0,0,0,0,0,0,0,0,,0,0,0,0,0,0,2,2,0,0,0,0,0,0,0,0,0,0,0,0,0,2,2,0,0,1,1,2,3,0,,6,4,5,5,9,19,4,0,2,3,0,7,7,5,9,7,11,13,6,2,1,0,3,8,32,26,17,9,7,4,4,,3,1,0,0,3,3,1,0,2,0,1,0,0,0,0,4,11,1,0,3,0,0,0,1,1,0,1,0,0,0,0,,0,0,2,3,0,0,0,0,1,3,1,10,3,0,2,0,9,12,4,0,0,0,0,12,8,7,4,4,0,0,,0,0,0,0,0,0,0,0,0,1,0,0,0,0,0,0,0,0,0,0,0,0,0,0,0,0,0,0,0,0,2,,0,0,0,0,0,0,0,0,0,0,0,0,0,0,0,0,0,0,0,0,0,0,0,0,0,0,0,0,0,0,,0,0,0,0,0,0,0,0,0,0,0,0,0,0,0,0,0,0,0,0,0,0,2,0,0,0,0,0,0,0,0,
74,11,5,1,2,0,0,0,0,0,0,1,0,0,0,1,1,6,20,1,1,1,14,25,0,1,2,1,22,1,3,2,,1,2,1,1,0,4,19,24,1,4,4,8,1,0,0,28,2,19,1,4,1,4,1,0,1,2,1,0,,4,4,0,0,0,5,1,1,0,5,3,0,0,0,0,1,0,0,0,0,5,14,7,0,0,0,0,0,0,0,0,,0,1,0,0,1,0,1,3,0,0,0,1,0,0,0,0,0,0,0,9,0,0,1,0,5,8,0,0,0,0,,1,5,1,6,5,8,5,1,3,0,1,0,0,2,0,0,0,0,1,0,0,2,1,1,0,0,1,0,0,0,0,,0,0,0,0,0,1,8,3,0,1,0,0,0,0,0,0,1,5,2,0,0,1,2,0,0,11,1,11,10,1,,13,3,8,11,22,23,4,0,2,3,10,30,10,18,13,9,17,41,20,2,8,3,5,14,26,17,19,7,16,5,3,,9,13,4,7,3,7,0,1,10,0,0,0,0,0,0,14,17,2,0,4,0,0,3,4,12,0,28,5,1,0,0,,0,0,5,12,14,2,1,0,4,3,5,11,3,0,2,4,20,21,4,0,0,4,3,20,19,18,5,6,0,1,,2,0,0,0,0,0,0,0,0,3,0,3,0,0,0,0,0,0,1,0,0,0,0,0,0,0,0,0,0,0,1,,2,0,0,0,0,0,0,0,0,0,0,0,0,0,0,0,0,0,0,0,0,0,0,0,0,0,0,0,0,0,,0,0,0,0,0,0,0,0,0,0,0,0,0,0,0,0,0,0,0,0,0,0,6,4,0,0,0,0,0,0,0,
75,14,6,0,3,0,0,0,0,0,0,1,0,0,0,1,0,8,29,1,1,0,21,38,0,1,1,1,31,1,4,4,,0,1,1,0,0,3,24,32,2,6,5,11,2,0,0,41,1,27,1,6,1,4,1,0,1,1,0,0,,5,6,0,0,0,5,1,1,0,8,4,0,0,0,0,1,0,0,0,0,7,20,10,0,0,0,0,0,0,0,0,,0,1,0,0,0,1,1,4,0,0,0,0,0,0,0,0,0,0,0,3,0,0,1,0,7,12,0,1,0,1,,2,9,1,9,9,11,8,1,3,0,2,0,0,4,0,0,0,0,1,0,0,3,1,1,0,0,1,0,0,0,0,,0,0,0,0,1,2,11,4,0,1,0,0,0,0,0,0,1,8,3,1,0,0,2,0,0,15,1,17,14,1,,17,2,10,15,31,30,5,0,2,2,16,42,10,29,19,12,26,56,26,1,12,7,8,19,21,13,20,6,20,5,2,,11,20,6,10,3,8,0,1,13,1,0,0,0,0,0,19,20,3,0,4,0,1,4,6,16,0,44,7,1,0,0,,0,0,5,15,23,3,2,0,5,4,7,14,4,1,3,5,27,29,4,0,0,7,6,24,24,21,5,6,1,1,,2,0,0,0,0,0,0,0,1,4,0,4,0,0,0,0,0,0,1,0,0,0,0,0,0,0,0,0,0,0,0,,3,0,0,0,0,0,0,0,0,0,0,0,0,0,0,0,0,0,0,0,0,0,0,0,0,0,0,0,0,0,,0,0,0,0,0,0,0,0,0,0,0,0,0,0,0,0,0,0,0,0,0,0,8,6,0,0,0,0,0,0,0,
76,4,6,0,3,0,0,0,0,0,0,1,0,0,0,1,0,8,20,1,1,0,13,24,0,1,1,1,11,0,0,0,,1,1,1,0,0,1,25,33,0,6,5,9,2,0,0,20,1,17,1,0,1,5,2,0,0,1,0,0,,5,6,0,0,0,1,1,1,0,8,5,0,0,0,0,1,0,0,0,0,5,23,1,0,0,0,0,0,0,0,0,,0,1,0,0,0,0,0,3,0,0,0,0,0,0,0,0,0,0,0,4,0,0,0,0,6,13,0,0,0,1,,3,8,1,9,8,10,7,1,3,0,2,0,0,4,0,0,0,0,0,0,0,3,0,0,0,0,1,0,0,0,0,,0,0,0,0,0,2,12,5,1,1,0,0,0,0,0,0,1,7,2,1,0,0,2,0,0,17,1,16,17,1,,16,2,10,15,33,29,5,0,1,2,19,44,10,33,21,13,25,54,24,1,13,9,8,21,18,12,19,6,21,5,1,,17,18,5,9,3,8,0,1,12,0,0,0,0,0,0,17,18,3,0,4,0,0,4,5,14,0,40,7,1,0,0,,0,0,5,13,21,3,1,0,4,5,8,13,3,0,3,3,32,36,4,0,0,3,1,27,39,26,4,6,0,1,,2,0,0,0,0,0,0,0,1,4,0,4,0,0,0,0,0,0,1,0,0,0,0,0,0,0,0,0,0,0,0,,3,0,0,0,0,0,0,0,0,0,0,0,0,0,0,0,0,0,0,0,0,0,0,0,0,0,0,0,0,0,,0,0,0,0,0,0,0,0,0,0,0,0,0,0,0,0,0,0,0,0,0,0,8,5,0,0,0,0,0,0,0,
77,4,4,2,4,0,0,0,0,0,0,0,0,0,0,0,1,5,8,0,0,1,7,13,1,1,1,3,7,1,0,0,,2,0,0,0,3,1,15,19,5,3,1,3,1,0,0,11,0,7,0,0,0,2,1,0,0,0,0,0,,4,2,0,0,0,0,1,0,0,5,4,2,0,0,0,0,2,0,1,1,1,10,2,4,0,0,0,0,0,1,0,,0,0,0,0,0,0,0,2,1,0,0,0,0,0,0,0,0,0,0,1,0,0,0,0,2,5,0,0,1,0,,1,5,1,4,2,6,2,0,1,2,0,0,0,3,0,1,2,1,0,2,0,1,1,0,0,0,0,0,0,0,1,,0,0,0,0,0,1,4,1,0,0,0,0,0,0,0,0,0,2,1,0,0,5,1,0,3,9,11,11,5,13,,6,3,9,22,22,13,3,1,1,16,7,15,6,13,9,10,16,19,11,18,13,11,9,15,17,15,19,23,21,14,11,,20,18,18,12,22,20,11,2,3,1,0,0,2,0,12,21,18,5,14,13,0,0,7,6,4,0,15,3,0,0,0,,2,28,14,37,15,2,1,0,3,6,16,20,2,6,6,26,26,19,2,0,2,1,25,40,30,18,4,5,0,0,,1,0,0,1,0,0,0,0,2,2,1,1,0,0,0,0,0,0,0,0,0,0,0,0,0,0,0,0,0,0,0,,5,1,0,0,0,0,0,0,0,0,0,0,0,0,0,0,0,0,0,0,0,0,0,0,0,0,0,0,0,0,,0,0,0,0,0,0,0,0,0,0,0,0,0,0,0,0,0,0,0,0,0,0,6,3,0,0,0,0,0,0,0,
78,4,4,2,4,0,0,0,0,0,0,0,0,0,0,0,1,4,5,0,0,1,6,10,1,1,1,3,5,1,0,0,,2,0,0,0,4,1,12,13,5,2,1,2,1,0,0,8,0,4,0,0,0,1,1,0,0,0,0,0,,3,1,0,0,0,0,1,0,0,4,4,2,0,0,0,0,3,0,1,1,0,7,3,5,0,0,0,0,0,1,0,,0,0,0,0,0,0,0,1,1,0,0,0,0,0,0,0,0,0,0,1,0,0,0,0,1,3,0,0,1,0,,0,3,1,2,1,4,1,0,0,2,0,0,0,3,0,1,3,1,0,2,0,1,1,0,0,0,0,0,0,0,1,,0,0,0,0,0,1,2,0,0,0,0,0,0,0,0,0,0,0,1,0,0,6,1,0,3,6,12,8,3,14,,4,3,7,20,18,9,2,1,1,16,4,8,4,7,7,8,12,8,6,19,11,10,7,12,16,15,18,23,19,13,11,,19,15,19,10,24,21,12,2,1,1,0,0,2,0,12,20,15,5,15,13,0,0,7,5,1,0,7,2,0,0,0,,2,39,17,44,10,1,0,0,2,8,20,22,1,8,7,34,19,8,0,0,2,0,33,41,21,11,4,4,0,0,,1,0,0,1,0,0,0,0,2,1,1,0,0,0,0,0,0,0,0,0,0,0,0,0,0,0,0,0,0,0,0,,5,2,0,0,0,0,0,0,0,0,0,0,0,0,0,0,0,0,0,0,0,0,0,0,0,0,0,0,0,0,,0,0,0,0,0,0,0,0,0,0,0,0,0,0,0,0,0,0,0,0,0,0,4,2,0,0,0,0,0,0,0,
79,4,4,2,4,0,0,0,0,0,0,0,0,0,0,0,1,4,4,0,0,1,5,9,1,1,1,3,4,1,0,0,,2,0,0,0,4,1,11,10,4,1,1,2,1,0,0,7,0,3,0,0,0,1,1,0,0,0,0,0,,4,1,0,0,0,0,1,0,0,4,4,2,0,0,0,0,3,0,2,1,0,6,3,5,0,0,0,0,0,2,0,,0,0,0,0,0,0,0,1,1,0,0,0,0,0,0,0,0,0,0,1,0,0,0,0,1,3,0,0,2,0,,0,2,1,2,0,5,1,1,0,2,0,0,0,4,0,1,3,1,0,2,0,1,1,0,0,0,0,0,0,0,1,,0,0,0,0,0,1,2,0,1,0,0,0,0,0,0,0,0,0,0,0,0,5,1,0,3,5,11,6,3,12,,3,2,6,18,17,8,2,1,0,13,3,5,4,5,5,7,9,5,5,16,9,8,6,10,14,13,15,20,16,11,10,,16,13,18,9,25,24,11,3,0,1,0,0,2,1,12,20,16,8,15,12,1,0,6,5,0,0,7,1,0,0,0,,5,42,20,44,8,3,0,0,1,8,21,22,1,8,9,35,18,5,0,0,3,0,33,39,26,10,5,4,0,1,,1,0,0,1,0,0,0,0,2,1,1,0,0,0,0,0,0,0,0,0,0,0,0,0,0,0,0,0,0,0,0,,6,2,0,0,0,0,0,0,0,0,0,0,0,0,0,0,0,0,0,0,0,0,0,0,0,0,0,0,0,0,,0,0,0,0,0,0,0,0,0,0,0,0,0,0,0,0,0,0,0,0,0,1,3,1,0,0,0,0,0,0,0,
80,4,4,2,4,0,0,0,0,0,0,0,0,0,0,0,1,3,4,0,0,1,5,9,1,1,1,2,3,1,0,0,,2,0,0,0,4,1,10,9,3,1,1,2,1,0,0,8,0,3,0,0,0,1,1,0,0,0,0,0,,5,1,0,0,0,0,0,0,0,4,4,1,0,0,0,0,3,1,2,1,1,6,3,5,0,0,0,0,0,2,0,,0,0,0,0,0,0,0,1,1,0,0,0,0,0,0,0,0,0,0,0,0,0,0,0,1,4,0,0,3,0,,0,2,1,2,0,5,0,2,0,2,0,0,0,4,0,1,3,1,0,2,0,1,1,0,0,0,0,0,0,0,1,,0,0,0,0,0,1,1,0,1,0,0,0,0,0,0,0,1,0,0,0,0,5,1,1,2,5,10,5,3,11,,3,2,5,16,17,8,1,1,0,12,2,4,4,5,5,7,8,5,5,14,8,8,5,9,13,11,14,18,15,10,10,,14,12,17,8,27,29,10,3,0,1,0,1,2,1,11,21,17,11,16,11,1,0,5,4,1,0,10,1,0,0,0,,8,40,23,39,8,5,0,0,1,8,20,21,3,7,10,32,18,6,0,0,3,1,30,35,34,10,5,3,0,1,,1,0,0,1,0,1,0,0,2,1,1,0,0,0,0,0,0,0,0,0,0,0,0,0,0,0,0,0,0,0,0,,6,2,0,0,0,0,0,0,0,0,0,0,0,0,0,0,0,0,0,0,0,0,0,0,0,0,0,0,0,0,,0,0,0,0,0,0,0,0,0,0,0,0,0,0,0,0,0,0,0,0,0,1,3,1,0,0,0,0,0,0,0,
81,96,58,22,32,0,0,0,0,0,0,1,0,0,0,1,1,22,69,1,1,0,63,125,0,5,1,1,154,9,34,35,,0,1,1,15,21,19,74,93,16,50,52,15,30,0,0,82,1,43,4,22,0,1,0,6,4,3,2,2,,3,22,2,0,0,18,1,1,0,1,8,0,0,0,0,0,0,1,1,4,31,1,120,1,1,0,0,1,0,0,0,,0,0,0,0,1,2,7,7,9,2,0,1,0,0,0,0,0,2,0,6,0,0,3,0,4,1,0,3,3,0,,0,0,0,0,0,1,0,0,1,1,0,0,1,0,0,0,0,2,9,0,1,11,2,5,0,0,1,1,0,2,2,,2,1,0,0,0,0,1,0,3,1,0,0,0,0,0,0,1,0,0,0,0,1,1,0,0,1,0,1,1,1,,4,3,5,7,6,27,3,0,2,2,3,3,4,6,6,5,1,6,4,1,3,1,2,7,20,15,15,6,9,3,2,,2,1,1,1,1,1,0,0,1,2,0,0,0,0,0,7,4,1,0,1,0,0,0,0,1,0,1,0,0,0,0,,0,0,1,2,0,0,0,0,1,3,4,4,2,2,2,8,10,11,4,1,2,9,11,16,6,3,3,2,1,0,,1,0,0,0,0,0,0,0,0,1,0,4,0,0,0,0,0,0,0,0,0,0,0,0,0,0,0,0,0,0,1,,0,0,0,0,0,0,0,0,0,0,0,0,0,0,0,0,0,0,0,0,0,0,0,0,0,0,0,0,0,0,,0,0,0,0,0,0,0,0,0,0,0,0,0,0,0,0,0,0,0,0,1,1,3,1,0,0,0,0,0,0,0,
82,14,5,2,4,0,0,0,0,0,0,0,0,0,0,0,1,6,17,0,0,1,15,25,1,1,1,3,26,2,4,4,,2,0,0,0,3,3,15,15,6,3,1,5,1,0,0,29,0,15,1,6,1,2,1,0,1,1,0,0,,4,1,0,0,0,4,0,0,0,5,3,1,0,0,0,1,2,0,1,1,3,8,12,4,0,0,0,0,0,1,0,,0,0,0,0,0,1,1,2,1,0,0,0,0,0,0,0,0,0,0,0,0,0,1,0,2,3,0,1,1,0,,0,2,1,2,1,6,1,1,1,2,0,0,0,3,0,1,2,1,1,2,0,1,1,1,0,0,0,0,0,0,1,,0,0,0,0,0,1,4,1,0,0,0,0,0,0,0,0,1,0,0,0,0,4,1,0,3,8,9,6,5,11,,5,2,8,20,20,14,3,1,1,12,8,14,7,14,10,10,10,14,9,14,12,10,8,14,15,12,18,18,21,11,9,,17,14,17,11,19,19,9,2,5,1,0,0,1,0,9,19,18,5,11,11,0,0,7,5,5,0,6,2,0,0,0,,1,20,11,29,13,2,1,0,3,5,14,18,3,5,6,23,20,15,2,0,2,4,23,34,20,14,4,5,1,0,,1,0,0,0,0,0,0,0,2,2,1,2,0,0,0,0,0,0,1,0,0,0,0,0,0,0,0,0,0,0,0,,4,1,0,0,0,0,0,0,0,0,0,0,0,0,0,0,0,0,0,0,0,0,0,0,0,0,0,0,0,0,,0,0,0,0,0,0,0,0,0,0,0,0,0,0,0,0,0,0,0,0,0,1,6,3,0,0,0,0,0,0,0,
