FID,Day_1,Day_2,Day_3,Day_4,Day_5,Day_6,Day_7,Day_8,Day_9,Day_10,Day_11,Day_12,Day_13,Day_14,Day_15,Day_16,Day_17,Day_18,Day_19,Day_20,Day_21,Day_22,Day_23,Day_24,Day_25,Day_26,Day_27,Day_28,Day_29,Day_30,Day_31,Day_32,Day_33,Day_34,Day_35,Day_36,Day_37,Day_38,Day_39,Day_40,Day_41,Day_42,Day_43,Day_44,Day_45,Day_46,Day_47,Day_48,Day_49,Day_50,Day_51,Day_52,Day_53,Day_54,Day_55,Day_56,Day_57,Day_58,Day_59,Day_60,Day_61,Day_62,Day_63,Day_64,Day_65,Day_66,Day_67,Day_68,Day_69,Day_70,Day_71,Day_72,Day_73,Day_74,Day_75,Day_76,Day_77,Day_78,Day_79,Day_80,Day_81,Day_82,Day_83,Day_84,Day_85,Day_86,Day_87,Day_88,Day_89,Day_90,Day_91,Day_92,Day_93,Day_94,Day_95,Day_96,Day_97,Day_98,Day_99,Day_100,Day_101,Day_102,Day_103,Day_104,Day_105,Day_106,Day_107,Day_108,Day_109,Day_110,Day_111,Day_112,Day_113,Day_114,Day_115,Day_116,Day_117,Day_118,Day_119,Day_120,Day_121,Day_122,Day_123,Day_124,Day_125,Day_126,Day_127,Day_128,Day_129,Day_130,Day_131,Day_132,Day_133,Day_134,Day_135,Day_136,Day_137,Day_138,Day_139,Day_140,Day_141,Day_142,Day_143,Day_144,Day_145,Day_146,Day_147,Day_148,Day_149,Day_150,Day_151,Day_152,Day_153,Day_154,Day_155,Day_156,Day_157,Day_158,Day_159,Day_160,Day_161,Day_162,Day_163,Day_164,Day_165,Day_166,Day_167,Day_168,Day_169,Day_170,Day_171,Day_172,Day_173,Day_174,Day_175,Day_176,Day_177,Day_178,Day_179,Day_180,Day_181,Day_182,Day_183,Day_184,Day_185,Day_186,Day_187,Day_188,Day_189,Day_190,Day_191,Day_192,Day_193,Day_194,Day_195,Day_196,Day_197,Day_198,Day_199,Day_200,Day_201,Day_202,Day_203,Day_204,Day_205,Day_206,Day_207,Day_208,Day_209,Day_210,Day_211,Day_212,Day_213,Day_214,Day_215,Day_216,Day_217,Day_218,Day_219,Day_220,Day_221,Day_222,Day_223,Day_224,Day_225,Day_226,Day_227,Day_228,Day_229,Day_230,Day_231,Day_232,Day_233,Day_234,Day_235,Day_236,Day_237,Day_238,Day_239,Day_240,Day_241,Day_242,Day_243,Day_244,Day_245,Day_246,Day_247,Day_248,Day_249,Day_250,Day_251,Day_252,Day_253,Day_254,Day_255,Day_256,Day_257,Day_258,Day_259,Day_260,Day_261,Day_262,Day_263,Day_264,Day_265,Day_266,Day_267,Day_268,Day_269,Day_270,Day_271,Day_272,Day_273,Day_274,Day_275,Day_276,Day_277,Day_278,Day_279,Day_280,Day_281,Day_282,Day_283,Day_284,Day_285,Day_286,Day_287,Day_288,Day_289,Day_290,Day_291,Day_292,Day_293,Day_294,Day_295,Day_296,Day_297,Day_298,Day_299,Day_300,Day_301,Day_302,Day_303,Day_304,Day_305,Day_306,Day_307,Day_308,Day_309,Day_310,Day_311,Day_312,Day_313,Day_314,Day_315,Day_316,Day_317,Day_318,Day_319,Day_320,Day_321,Day_322,Day_323,Day_324,Day_325,Day_326,Day_327,Day_328,Day_329,Day_330,Day_331,Day_332,Day_333,Day_334,Day_335,Day_336,Day_337,Day_338,Day_339,Day_340,Day_341,Day_342,Day_343,Day_344,Day_345,Day_346,Day_347,Day_348,Day_349,Day_350,Day_351,Day_352,Day_353,Day_354,Day_355,Day_356,Day_357,Day_358,Day_359,Day_360,Day_361,Day_362,Day_363,Day_364,Day_365,Lat,Long
0,0,0,0,0,0,13,0,0,19,6,12,2,0,0,0,0,0,0,0,0,1,0,3,6,5,0,0,0,0,0,0,0,0,0,20,17,0,0,0,0,8,0,0,0,0,0,0,0,0,0,0,0,0,0,0,0,1,2,0,0,0,0,0,0,0,0,0,0,0,0,0,0,0,0,0,0,0,0,0,0,0,0,0,0,0,0,0,0,0,0,0,0,0,0,0,0,0,0,0,0,0,0,0,0,0,0,0,0,0,0,0,0,0,0,0,0,0,0,0,0,0,0,0,0,1,0,0,0,0,0,1,2,2,0,0,0,5,0,0,0,0,0,0,19,0,0,0,0,1,3,0,0,0,0,0,0,0,0,0,0,0,0,0,0,0,0,0,1,0,0,1,1,7,0,0,0,0,22,67,73,43,3,0,0,1,27,13,0,19,15,9,0,71,0,0,8,0,0,0,21,17,19,24,0,0,2,4,111,9,5,14,32,9,30,74,29,58,23,13,0,0,0,6,0,0,0,12,1,0,0,0,68,0,0,0,33,0,0,0,0,91,10,46,9,136,28,0,35,0,0,12,5,42,0,0,6,0,7,18,130,6,14,0,0,12,0,6,67,24,0,0,0,0,0,0,0,0,0,6,34,49,81,64,12,0,0,0,0,0,0,0,0,0,0,0,0,0,0,0,0,0,0,0,0,0,0,0,0,0,0,0,0,0,0,0,0,0,0,0,0,0,0,0,0,0,0,0,0,0,0,0,0,0,0,0,0,0,0,0,0,0,0,0,0,0,0,0,0,0,0,0,0,0,0,0,0,0,0,0,0,0,0,0,0,0,28.75,80.0
1,0,0,0,0,0,23,0,0,26,19,8,1,0,0,0,0,0,0,0,0,2,0,2,15,0,0,0,0,0,0,0,0,0,1,27,2,0,0,0,0,20,0,0,0,0,0,0,0,0,0,0,0,0,0,0,0,0,2,0,0,0,0,0,0,0,0,0,0,0,0,0,0,0,0,0,0,0,0,0,0,0,0,0,0,0,0,0,0,0,0,0,0,0,0,0,0,0,0,0,0,0,0,0,1,0,0,0,0,0,0,0,0,0,0,0,0,0,0,0,0,0,0,0,0,7,0,0,1,0,1,6,0,3,0,0,0,2,0,0,0,0,0,2,12,0,0,0,0,15,1,0,0,0,0,0,0,0,0,0,0,0,0,0,0,0,0,0,24,0,0,1,0,0,0,0,0,3,7,1,4,59,1,2,11,0,3,2,1,0,50,44,0,12,0,0,0,1,0,0,28,4,5,1,2,0,2,5,3,13,15,1,9,16,15,17,7,7,13,1,0,0,0,8,0,0,0,7,0,0,0,0,48,0,0,0,38,0,5,4,0,52,2,4,3,38,1,0,1,0,0,3,3,10,1,0,2,4,4,17,97,97,3,0,0,0,2,15,118,2,0,0,0,0,0,1,0,0,2,1,49,40,94,64,32,6,0,0,0,0,0,0,0,0,0,0,0,0,0,0,0,0,0,0,0,0,0,0,0,0,0,0,0,0,0,0,0,0,0,0,0,0,0,0,0,0,0,0,0,0,0,0,0,0,0,0,0,0,0,0,0,0,0,0,0,0,0,0,0,0,0,0,0,0,0,0,0,0,0,0,0,0,0,0,0,0,29.0,79.25
2,0,0,0,0,0,23,0,0,29,18,6,0,0,0,0,0,0,0,0,0,2,0,2,22,1,0,0,0,0,0,0,0,0,0,36,6,0,0,0,0,16,0,0,0,0,0,0,0,0,0,0,0,0,0,0,0,0,1,0,0,0,0,0,0,0,0,0,0,0,0,0,0,0,0,0,0,0,0,0,0,0,0,0,0,0,0,0,0,0,0,0,0,0,0,0,0,0,0,0,0,0,0,0,1,0,0,0,0,0,0,0,0,0,0,0,0,0,0,0,0,0,0,0,0,5,0,1,2,1,1,6,0,7,0,0,0,2,0,0,0,0,0,3,22,1,0,0,0,9,1,0,0,0,0,0,0,0,0,0,0,0,0,0,0,0,0,0,16,0,0,6,0,1,0,0,0,2,5,10,14,56,2,2,24,0,12,4,3,1,58,42,0,25,0,0,0,2,0,0,40,14,7,1,2,0,5,15,4,11,48,5,28,21,9,51,9,11,11,2,0,0,0,16,0,0,0,9,0,0,0,0,70,0,0,0,63,0,15,13,0,57,8,13,12,38,3,0,5,1,0,1,2,10,1,0,2,9,10,18,95,106,10,0,0,0,6,28,134,4,0,0,0,0,0,4,0,0,6,5,58,39,109,60,33,3,0,0,0,0,0,0,0,0,0,0,0,0,0,0,0,0,0,0,0,0,0,0,0,0,0,0,0,0,0,0,0,0,0,0,0,0,0,0,0,0,0,0,0,0,0,0,0,0,0,0,0,0,0,0,0,0,0,0,0,0,0,0,0,0,0,0,0,0,0,0,0,0,0,0,0,0,0,0,0,0,29.0,79.5
3,0,0,0,0,0,15,0,0,21,8,14,1,0,0,0,0,0,0,0,0,4,0,3,8,4,1,0,0,0,0,0,0,0,0,19,12,0,0,0,0,8,0,0,0,0,0,0,0,0,0,0,0,0,0,0,0,1,3,0,0,0,0,0,0,0,0,0,0,0,0,0,0,0,0,0,0,0,0,0,0,0,0,0,0,0,0,0,0,0,0,0,0,0,0,0,0,0,0,0,0,0,0,0,0,0,0,0,0,0,0,0,0,0,0,0,0,0,0,0,1,0,0,0,0,2,0,0,0,0,1,2,1,3,0,0,0,5,1,1,0,0,0,1,14,1,0,0,0,8,2,2,1,0,0,0,0,0,0,0,0,0,0,0,0,0,0,0,8,1,1,1,2,4,0,1,0,1,31,39,46,35,3,1,4,0,20,9,5,13,21,14,0,47,0,1,6,0,0,0,24,14,17,16,1,1,4,14,72,9,21,10,23,8,21,55,18,36,15,8,0,0,0,11,0,0,0,12,1,1,0,0,53,0,0,0,44,0,4,4,0,72,8,33,9,96,19,0,25,0,0,8,4,29,0,0,4,3,10,18,112,26,13,0,1,7,3,5,68,26,0,0,0,0,0,1,0,0,2,5,29,46,78,68,15,1,0,0,0,0,0,0,1,0,1,0,0,0,0,0,0,0,0,0,0,0,0,0,0,0,0,0,0,0,0,0,0,0,0,0,0,0,0,0,0,0,0,0,0,0,0,0,0,0,0,0,0,0,0,0,0,0,0,0,0,0,0,0,0,0,0,0,0,0,0,0,0,0,0,0,0,0,0,0,0,0,29.0,79.75
4,0,0,0,0,0,13,0,0,19,7,13,1,0,0,0,0,0,0,0,0,2,0,4,6,4,1,0,0,0,0,0,0,0,0,18,14,0,0,0,0,7,0,0,0,0,0,0,0,0,0,0,0,0,0,0,0,1,2,0,0,0,0,0,0,0,0,0,0,0,0,0,0,0,0,0,0,0,0,0,0,0,0,0,0,0,0,0,0,0,0,0,0,0,0,0,0,0,0,0,0,0,0,0,0,0,0,0,0,0,0,0,0,0,0,0,0,0,0,0,1,0,0,0,0,1,0,0,1,0,1,2,2,13,1,0,0,5,1,0,0,0,0,1,19,1,0,0,0,5,2,1,1,0,0,0,0,0,0,0,0,0,0,1,0,0,0,0,3,1,1,2,1,5,0,0,0,0,27,52,56,33,4,0,2,0,20,11,3,14,11,7,0,54,1,1,7,0,0,0,16,13,16,18,1,1,3,12,83,7,7,12,26,8,23,55,22,46,17,10,0,0,0,8,0,0,0,12,1,1,0,0,58,0,0,0,30,0,0,0,0,68,7,34,7,103,21,1,27,0,0,9,4,31,0,0,4,1,9,18,112,12,11,0,0,9,1,6,67,25,0,0,0,0,0,0,0,0,0,4,32,44,78,63,12,0,0,0,0,0,0,0,0,0,0,0,0,0,0,0,0,0,0,0,0,0,0,0,0,0,0,0,0,0,0,0,0,0,0,0,0,0,0,0,0,0,0,0,0,0,0,0,0,0,0,0,0,0,0,0,0,0,0,0,0,0,0,0,0,0,0,0,0,0,0,0,0,0,0,0,0,0,0,0,0,0,29.0,80.0
5,0,0,0,0,0,11,0,0,14,19,4,1,0,0,0,0,0,0,0,1,0,0,2,16,2,1,0,0,0,0,0,0,0,1,20,1,0,0,0,1,5,0,0,0,0,0,0,0,0,0,0,0,0,1,0,0,4,2,0,0,0,0,0,0,0,0,0,0,0,0,0,0,0,0,0,0,0,0,0,0,0,0,0,0,0,0,0,0,0,0,0,0,0,0,0,0,0,0,0,0,0,0,0,0,0,0,0,0,0,0,0,0,0,0,0,0,0,0,0,0,0,0,0,0,5,0,0,2,0,0,4,0,5,0,0,0,2,0,0,0,0,0,9,10,1,0,0,0,0,0,0,0,0,0,0,0,0,0,0,0,0,0,0,0,0,0,0,1,0,3,21,3,0,0,0,0,0,10,2,3,21,4,0,1,0,3,0,0,5,1,32,0,7,1,0,0,0,0,0,3,24,3,13,2,1,2,0,1,5,4,5,26,3,5,16,10,6,1,2,0,0,0,8,0,0,0,16,1,0,0,0,63,2,0,0,8,0,0,0,0,20,0,3,2,36,2,0,2,1,0,1,12,5,0,0,3,2,8,11,31,28,0,7,0,1,1,5,49,8,0,0,0,0,0,0,0,0,0,0,16,28,43,50,23,3,0,0,0,0,0,0,0,0,0,0,0,0,0,0,0,0,0,0,0,0,0,0,0,0,0,0,0,0,0,0,0,0,0,0,0,0,0,0,0,0,0,0,0,0,0,0,0,0,0,0,0,0,0,0,0,0,0,0,0,0,0,0,0,0,0,0,0,0,0,0,0,0,0,0,0,0,0,0,0,0,29.25,79.0
6,0,0,0,0,0,21,1,0,23,21,9,0,0,0,0,0,0,0,0,1,3,0,5,21,6,2,0,0,0,0,0,0,0,0,41,15,0,0,0,0,6,0,0,0,0,0,0,0,0,0,0,0,0,1,0,1,1,1,0,0,0,0,0,0,0,0,0,0,0,0,0,0,0,0,0,0,0,0,0,0,0,0,0,0,0,0,0,0,0,0,0,0,0,0,0,0,0,0,0,0,0,0,0,0,0,0,0,0,0,0,0,0,0,0,0,0,0,0,0,0,0,0,0,0,6,0,2,4,4,3,8,1,20,0,0,0,2,0,0,0,1,0,5,12,8,0,0,0,1,0,0,0,0,0,1,0,0,0,0,0,0,0,0,0,0,0,0,5,0,0,19,1,2,0,0,0,1,53,20,32,49,1,5,14,0,34,0,10,5,101,38,0,7,0,0,0,0,0,0,82,39,5,3,3,1,13,5,8,18,124,18,30,36,7,62,2,13,9,0,0,0,0,34,0,0,0,20,0,1,0,0,84,0,0,0,124,0,41,34,0,110,20,36,34,63,8,0,16,6,0,0,0,15,0,1,4,22,27,20,90,55,27,0,1,0,17,5,71,3,0,0,0,0,0,10,1,0,16,12,24,37,87,98,30,1,0,0,0,0,0,0,0,0,0,0,0,0,0,0,0,0,0,0,0,0,0,0,0,0,0,0,0,0,0,0,0,0,0,0,0,0,0,0,0,0,0,0,0,0,0,0,0,0,0,0,0,0,0,0,0,0,0,0,0,0,0,0,0,0,0,0,0,0,0,0,0,0,0,0,0,0,0,0,0,0,29.25,79.25
7,0,0,0,0,1,20,0,0,22,21,10,1,0,0,0,0,0,0,0,1,3,1,6,17,6,3,0,0,0,0,0,0,0,0,42,13,0,0,0,0,6,0,0,0,0,0,0,0,0,0,0,0,0,0,0,1,0,3,0,0,0,0,0,0,0,0,0,0,0,0,0,0,0,0,0,0,0,0,0,0,0,0,0,0,0,0,0,0,0,0,0,0,0,0,0,0,0,0,0,0,0,0,0,0,0,0,0,0,0,0,0,0,0,0,0,0,0,0,0,0,0,0,0,0,5,0,1,3,6,1,5,0,13,0,0,0,2,0,1,0,3,0,8,14,6,0,0,0,1,0,0,0,0,0,1,0,0,0,0,0,0,0,1,0,0,0,0,4,0,1,17,3,2,0,0,0,1,35,13,20,39,1,3,9,0,21,0,9,3,61,26,0,5,1,0,2,0,0,0,48,26,4,3,4,3,10,7,7,13,80,30,21,25,6,42,2,10,9,0,0,0,0,26,1,0,0,19,0,1,0,0,77,0,0,0,82,0,24,20,0,70,12,21,21,40,5,0,10,5,0,0,1,9,3,1,4,15,28,20,91,42,16,0,1,1,12,5,73,6,0,0,0,0,0,12,1,0,9,7,20,35,94,96,29,1,0,0,0,0,0,0,0,0,0,0,0,0,0,0,0,0,0,0,0,0,0,0,0,0,0,0,0,0,0,0,0,0,0,0,0,0,0,0,0,0,0,0,0,0,0,0,0,0,0,0,0,0,0,0,0,0,0,0,0,0,0,0,0,0,0,0,0,0,0,0,0,0,0,0,0,0,0,0,0,0,29.25,79.5
8,0,0,0,0,1,14,0,0,18,10,15,1,0,0,0,0,0,0,0,0,7,0,6,8,5,3,1,0,0,0,0,0,0,0,21,6,0,0,0,0,4,0,0,0,0,0,0,0,0,0,0,0,0,0,0,0,0,5,0,0,1,0,0,0,0,0,0,0,0,0,0,0,0,0,0,0,0,0,0,0,0,0,0,0,0,0,0,0,0,0,0,0,0,0,0,0,0,0,0,0,0,0,0,0,0,0,0,0,0,0,0,0,0,0,0,0,0,0,0,4,0,0,0,0,1,1,1,2,2,2,3,1,25,2,0,0,3,3,2,0,2,0,4,11,3,0,0,0,13,2,4,3,0,0,0,0,0,0,0,0,0,0,4,0,0,0,1,8,2,3,6,6,0,0,2,0,0,42,0,6,13,7,0,7,0,0,3,15,0,1,5,0,8,1,4,3,0,0,0,0,3,11,6,5,5,6,36,5,4,15,9,5,1,2,8,2,3,2,1,0,0,0,17,1,0,0,13,0,2,0,0,29,0,0,0,29,1,0,0,0,10,0,0,0,6,0,3,5,0,0,0,0,0,1,0,1,5,17,16,68,34,4,0,2,0,4,5,60,32,0,0,0,1,0,2,0,0,0,0,22,34,74,68,16,0,0,0,0,0,0,0,2,0,2,0,0,0,0,0,0,0,0,0,0,0,0,0,0,0,0,0,0,0,0,1,0,0,0,0,0,0,0,0,0,0,0,0,0,0,0,0,0,0,0,0,0,0,0,0,0,0,0,0,0,0,0,0,0,0,0,0,0,0,0,0,0,0,0,0,0,0,0,0,1,1,29.25,79.75
9,0,0,0,0,1,13,0,0,17,9,17,0,0,0,0,0,0,0,0,0,6,0,5,7,4,3,1,0,0,0,0,0,0,0,20,6,0,0,0,0,4,0,0,0,0,0,1,0,0,0,0,0,0,1,0,0,0,5,0,0,1,0,0,0,0,0,0,0,0,0,0,0,0,0,0,0,0,0,0,0,0,0,0,0,0,0,0,0,0,0,0,0,0,0,0,0,0,0,0,0,0,0,0,0,1,0,0,0,0,0,0,0,1,0,0,0,0,0,0,4,0,1,0,1,1,2,1,5,1,4,3,3,60,4,0,0,4,3,2,0,1,0,3,9,2,1,0,0,13,3,4,3,0,0,0,0,0,0,0,0,0,0,7,0,0,0,2,8,2,3,6,4,0,1,1,0,0,40,3,14,15,9,0,9,1,2,5,17,1,2,4,0,16,2,7,3,1,1,0,1,4,12,6,6,7,9,34,11,5,10,2,6,2,4,9,3,6,2,2,0,1,0,19,2,0,0,15,0,2,0,0,31,0,0,0,26,1,0,0,0,20,1,2,0,13,1,7,8,0,0,1,0,2,0,0,0,5,16,15,61,34,5,1,2,1,3,5,59,32,0,0,0,1,0,0,0,0,0,0,23,35,69,64,14,0,0,0,0,0,0,0,2,0,2,0,0,0,0,0,0,0,0,0,0,0,0,0,0,0,0,0,0,0,0,1,0,0,0,0,0,0,0,0,0,0,0,0,0,0,0,0,0,0,0,0,0,0,0,0,0,0,0,0,0,0,0,0,0,0,0,0,0,0,0,0,0,0,0,0,0,0,0,0,1,1,29.25,80.0
10,0,0,0,0,1,14,0,0,16,8,19,1,0,0,0,0,0,0,0,0,3,0,4,6,3,3,1,0,0,0,0,0,0,0,24,9,0,0,0,0,5,0,0,0,0,0,1,0,0,0,0,0,0,1,0,0,0,4,0,0,1,0,0,0,0,0,0,0,0,0,0,0,0,0,0,0,0,0,0,0,0,0,0,0,0,0,0,0,0,0,0,0,0,0,0,0,0,0,0,0,0,0,0,0,1,0,0,0,0,0,0,0,1,0,0,0,0,0,0,4,0,2,0,2,1,2,1,8,1,5,2,4,122,8,0,0,4,2,1,0,1,0,5,10,1,1,0,0,6,3,2,1,0,0,0,0,0,0,0,0,0,0,10,0,0,0,4,5,1,1,7,2,2,1,1,0,0,29,19,39,22,12,0,11,2,8,10,16,6,4,6,0,35,5,10,4,2,1,0,6,8,12,9,7,11,14,21,37,6,6,5,12,5,12,24,9,18,7,5,0,1,0,21,2,0,0,17,0,1,0,0,51,1,0,0,21,2,0,0,0,45,3,13,3,48,8,9,18,0,0,4,2,12,0,0,2,7,20,15,68,27,6,1,1,3,1,5,65,27,0,0,0,1,0,0,0,0,0,2,24,41,76,66,13,0,0,0,0,0,0,0,2,0,2,0,0,0,0,0,0,0,0,0,0,0,0,0,0,0,0,0,0,0,0,0,0,0,0,0,0,0,0,0,0,0,0,0,0,0,0,0,0,0,0,0,0,0,0,0,0,0,0,0,0,0,0,0,0,0,0,0,0,0,0,0,0,0,0,0,0,0,0,0,0,0,29.25,80.25
11,0,0,0,0,0,8,0,0,20,18,2,1,0,0,0,0,0,0,0,0,0,0,1,15,1,0,0,0,0,0,0,0,0,0,33,0,0,0,0,0,5,0,0,0,0,0,0,0,0,0,0,0,0,1,0,0,8,2,0,0,0,0,0,0,0,0,0,0,0,0,0,0,0,0,0,0,0,0,0,0,0,0,0,0,0,0,0,0,0,0,0,0,0,0,0,0,0,0,0,0,0,0,0,0,0,0,0,0,0,0,0,0,0,0,0,0,0,0,0,0,0,0,0,0,4,0,0,1,0,0,4,0,3,0,0,0,2,0,1,0,0,0,8,9,0,0,0,0,0,0,0,0,0,0,0,0,0,0,0,0,0,0,0,0,0,0,0,0,0,4,20,2,2,0,0,0,0,0,2,2,18,3,0,1,0,2,0,0,5,1,35,0,7,1,0,0,0,1,0,2,19,4,12,1,1,3,0,1,3,5,12,26,9,4,13,16,3,1,0,0,0,0,5,0,0,0,17,1,3,0,0,55,0,0,0,8,0,0,0,0,12,0,1,0,32,1,0,0,0,0,0,10,4,0,0,4,2,8,14,25,28,0,7,0,2,0,6,40,6,0,0,0,0,0,0,0,0,0,0,19,23,36,48,29,4,0,0,0,0,0,0,0,0,0,0,0,0,0,0,0,0,0,0,0,0,0,0,0,0,0,0,0,0,0,0,0,0,0,0,0,0,0,0,0,0,0,0,0,0,0,0,0,0,0,0,0,0,0,0,0,0,0,0,0,0,0,0,0,0,0,0,0,0,0,0,0,0,0,0,0,0,0,0,0,0,29.5,78.75
12,0,0,0,0,0,7,0,0,15,13,8,2,0,0,0,0,0,0,0,0,0,0,2,18,3,1,0,0,0,0,0,0,0,0,16,2,0,0,0,0,4,0,0,0,0,0,0,0,0,0,0,0,0,1,0,0,1,2,0,0,0,0,0,0,0,0,0,0,0,0,0,0,0,0,0,0,0,0,0,0,0,0,0,0,0,0,0,0,0,0,0,0,0,0,0,0,0,0,0,0,0,0,0,0,0,0,0,0,0,0,0,0,0,0,0,0,0,0,0,0,0,0,0,0,1,0,0,3,2,1,7,0,6,0,0,0,2,0,0,0,0,1,2,9,2,0,0,0,0,0,0,0,0,0,0,0,0,0,0,0,0,0,0,0,0,0,1,1,0,4,34,4,0,0,0,0,0,15,0,4,24,7,0,3,0,5,0,1,7,3,3,0,12,2,3,0,0,1,0,5,19,6,22,3,1,6,0,2,5,7,14,9,6,6,20,2,1,1,0,1,0,0,6,0,0,0,14,2,0,0,0,37,1,0,0,8,0,1,0,0,26,0,4,2,26,2,0,2,4,0,1,13,4,0,2,1,3,11,10,25,19,1,10,0,0,1,0,18,15,0,0,0,0,0,0,0,0,0,0,9,19,38,52,17,4,0,0,0,0,0,0,0,0,0,0,0,0,0,0,0,0,0,0,0,0,0,0,0,0,0,0,0,0,0,0,0,0,0,0,0,0,0,0,0,0,0,0,0,0,0,0,0,0,0,0,0,0,0,0,0,0,0,0,0,0,0,0,0,0,0,0,0,0,0,0,0,0,0,0,0,0,0,0,0,0,29.5,79.0
13,0,0,0,0,0,20,1,0,24,25,20,0,0,0,0,0,0,0,0,1,2,0,9,17,8,4,0,0,0,0,0,0,0,0,15,10,0,0,0,0,5,0,0,0,0,0,0,0,0,0,0,0,0,1,0,2,1,5,0,0,0,0,0,0,0,0,0,0,0,0,0,0,0,0,0,0,0,0,0,0,0,0,0,0,0,0,0,0,0,0,0,0,0,0,0,0,0,0,0,0,0,0,0,0,0,0,0,0,0,0,0,0,0,0,0,0,0,0,0,0,0,0,0,0,6,0,0,0,11,3,9,0,14,0,0,0,2,1,1,0,3,2,5,18,12,0,0,0,0,0,0,0,0,0,1,0,0,0,0,0,0,0,0,0,0,0,3,4,0,2,18,2,2,0,0,1,1,79,0,9,25,5,0,12,0,17,0,7,5,10,4,0,3,2,9,2,1,2,0,3,31,4,11,4,4,9,1,4,17,9,44,16,27,2,12,4,5,4,0,0,2,0,21,1,0,0,47,0,0,0,0,71,3,0,0,31,1,3,0,0,41,1,8,13,11,4,0,12,16,0,0,0,0,1,8,0,10,28,19,56,36,6,0,1,2,5,1,55,13,0,0,0,0,0,2,1,0,0,0,17,26,88,96,26,0,0,0,0,0,0,0,0,0,0,0,0,0,0,0,0,0,0,0,0,0,0,0,0,0,0,0,0,0,0,0,0,0,0,0,0,0,0,0,0,0,0,0,0,0,0,0,0,0,0,0,0,0,0,0,0,0,0,0,0,0,0,0,0,0,0,0,0,0,0,0,0,0,0,0,0,0,0,0,0,0,29.5,79.25
14,0,0,0,0,1,19,0,0,19,19,13,3,0,0,0,0,0,0,0,0,3,2,7,11,5,3,0,0,0,0,0,0,0,0,39,10,0,0,0,0,4,0,0,0,0,0,0,0,0,0,0,0,0,1,0,1,0,8,0,0,0,0,1,0,0,0,0,0,0,0,0,0,0,0,0,0,0,0,0,0,0,0,0,0,0,0,0,0,0,0,0,0,0,0,0,0,0,0,0,0,0,0,0,0,0,0,0,0,0,0,0,0,0,0,0,0,0,0,0,1,0,0,0,0,2,0,0,0,15,0,1,0,6,0,0,0,3,0,4,0,5,0,13,18,6,0,0,0,0,0,0,0,0,0,0,0,0,0,0,0,0,0,3,0,0,0,1,0,0,1,14,8,4,0,0,5,1,15,0,0,21,1,0,6,0,2,0,9,0,6,7,0,8,1,3,6,0,0,0,0,4,1,4,4,5,9,9,4,5,18,43,7,5,3,13,1,5,7,1,0,0,0,16,1,0,0,16,1,0,0,0,59,2,0,0,22,0,0,0,0,7,0,0,1,3,0,0,1,6,0,0,2,0,7,0,4,4,28,18,85,13,4,0,2,2,5,3,69,12,0,0,0,0,0,12,0,0,0,0,11,31,99,88,26,0,0,0,0,0,0,0,0,0,0,0,0,0,0,0,0,0,0,0,0,0,0,0,0,0,0,0,0,0,0,0,0,0,0,0,0,0,0,0,0,0,0,0,0,0,0,0,0,0,0,0,0,0,0,0,0,0,0,0,0,0,0,0,0,0,0,0,0,0,0,0,0,0,0,0,0,0,0,0,0,0,29.5,79.5
15,0,0,0,0,1,11,0,0,14,11,18,0,0,0,0,0,0,0,0,0,3,0,5,7,2,5,4,0,0,0,0,0,0,0,26,5,0,0,0,0,3,0,0,0,0,0,1,0,0,0,0,0,0,2,0,0,0,6,0,0,1,0,0,0,0,0,0,0,0,0,0,0,0,0,0,0,0,0,0,0,0,0,1,0,0,0,0,0,0,0,0,0,0,0,0,0,0,0,0,0,0,0,0,1,2,0,0,0,0,0,0,0,1,0,0,0,0,0,0,4,0,2,0,2,1,5,1,9,1,5,2,6,97,7,0,0,5,2,1,0,1,0,5,8,2,1,0,0,6,4,2,1,0,0,0,0,0,0,0,0,0,1,17,0,0,0,5,5,1,1,9,3,0,1,1,0,0,21,1,17,20,11,1,10,2,1,6,22,0,2,4,0,26,4,11,3,2,1,0,0,4,7,3,7,12,13,20,6,6,6,5,7,4,7,4,1,6,2,3,0,2,0,27,2,0,0,19,0,1,0,0,43,1,1,0,14,3,0,0,0,33,1,0,0,7,0,14,9,0,0,0,0,0,1,0,0,6,20,11,46,24,3,1,1,0,2,4,56,22,0,0,0,5,0,1,0,0,0,0,17,32,66,62,19,1,0,0,0,0,0,0,3,0,2,0,0,0,0,0,0,0,0,0,0,0,0,0,0,0,0,0,0,0,0,0,0,0,0,0,0,0,0,0,0,0,0,0,0,0,0,0,0,0,0,0,0,0,0,0,0,0,0,0,0,0,0,0,0,0,0,0,0,0,0,0,0,0,0,0,0,0,0,0,0,0,29.5,79.75
16,0,0,0,0,1,15,0,0,13,10,23,0,0,0,0,0,0,0,0,0,2,0,4,6,1,4,2,0,0,0,0,0,0,0,30,6,0,0,0,0,4,0,0,0,0,0,3,0,0,0,0,0,0,3,0,0,0,5,0,0,1,0,0,0,0,0,0,0,0,0,0,0,0,0,0,0,0,0,0,0,0,0,0,0,0,0,0,0,0,0,0,0,0,0,0,0,0,0,0,0,0,0,0,0,3,0,0,0,0,0,0,0,1,0,0,0,0,0,0,7,0,5,0,4,0,4,2,15,1,9,3,8,262,18,2,0,4,1,2,0,1,0,9,6,1,3,0,0,4,2,1,1,0,0,0,0,0,0,0,0,0,1,16,0,0,1,9,4,0,1,13,1,0,2,0,0,0,21,2,37,16,20,1,21,3,1,12,24,1,3,5,0,23,12,21,3,5,2,0,0,7,8,4,13,22,27,21,9,6,3,2,5,8,9,1,2,5,2,3,0,4,0,32,4,0,0,24,0,1,0,0,60,1,1,0,9,3,0,0,0,35,2,1,1,18,1,17,13,1,0,0,0,0,0,0,0,12,33,14,33,33,2,3,1,0,1,4,72,24,0,0,0,1,0,0,0,0,0,1,23,40,79,69,12,0,0,0,0,0,0,0,3,0,2,0,0,0,0,0,0,0,0,0,0,0,0,0,0,0,0,0,0,0,0,0,0,0,0,0,0,0,0,0,0,0,0,0,0,0,0,0,0,0,0,0,0,0,0,0,0,0,0,0,0,0,0,0,0,0,0,0,0,0,0,0,0,0,0,0,0,0,0,0,0,0,29.5,80.0
17,0,0,0,0,2,16,0,0,11,10,19,0,0,0,0,0,0,0,0,0,1,2,3,6,1,4,5,0,0,0,0,0,0,0,35,5,0,0,0,0,5,0,0,0,0,0,2,0,0,0,0,0,0,4,0,0,0,4,0,0,1,0,0,0,0,0,0,0,0,0,0,0,0,0,0,0,0,0,0,0,0,0,3,0,0,0,0,0,0,0,0,0,0,0,0,0,0,0,0,0,0,0,0,0,3,1,0,0,0,0,0,0,1,0,0,0,0,0,1,6,4,5,0,2,2,4,1,8,5,17,2,13,142,9,6,0,15,2,1,0,2,6,12,4,1,2,0,0,6,1,1,0,0,0,0,0,0,0,0,0,0,1,7,7,1,3,9,4,0,1,19,1,2,1,10,11,9,19,30,43,17,13,7,20,10,5,21,41,2,11,13,5,19,15,43,2,6,7,0,41,48,11,5,16,18,31,25,8,22,38,5,10,14,30,2,24,28,4,13,0,19,0,34,3,0,9,39,0,6,3,0,46,1,4,0,7,5,2,3,5,51,3,6,20,45,10,16,11,1,0,3,6,35,15,4,7,15,25,11,30,28,3,14,1,0,1,8,61,21,0,0,0,0,0,11,0,0,0,5,23,34,63,53,11,1,0,0,0,0,0,0,4,0,1,0,0,0,0,0,0,0,0,0,0,0,0,0,0,0,0,0,0,0,0,0,0,0,0,0,0,0,0,0,0,0,0,0,0,0,0,0,0,0,0,0,0,0,0,0,0,0,0,0,0,0,0,0,0,0,0,0,0,0,0,0,0,0,0,0,0,0,0,0,0,0,29.5,80.25
18,0,0,0,0,0,7,0,11,29,17,4,2,0,0,0,0,0,0,0,0,0,0,21,19,1,1,0,0,0,0,0,0,0,2,30,6,0,0,0,2,2,0,0,0,0,0,0,0,0,0,0,2,0,1,0,5,2,4,0,0,0,0,0,0,0,0,0,0,0,0,0,0,0,0,0,0,0,0,0,0,0,0,0,0,0,0,0,0,0,0,0,0,0,0,0,0,0,0,0,0,0,0,0,0,0,0,0,0,0,0,0,0,0,0,0,0,0,0,0,4,0,0,0,0,5,0,0,5,1,0,0,1,8,0,0,0,2,2,2,0,0,0,18,3,3,0,0,0,3,1,0,0,0,0,0,0,0,0,0,0,0,0,6,0,0,1,2,1,0,2,7,0,0,0,0,1,0,0,2,2,35,7,0,6,1,9,0,12,0,9,29,0,17,6,4,17,2,1,0,4,14,10,2,13,0,7,2,0,5,12,24,29,9,8,0,26,2,6,18,0,1,0,10,0,0,0,13,0,0,0,0,39,2,0,0,6,2,0,0,0,7,0,0,0,3,1,0,3,0,0,0,0,9,0,0,8,4,8,38,32,1,1,2,4,12,33,8,37,11,0,0,0,0,0,0,0,0,0,11,7,2,19,37,5,0,0,0,0,0,0,0,0,0,3,0,0,0,0,0,0,0,0,0,0,0,0,0,0,0,0,0,0,0,0,0,0,0,0,0,0,0,0,0,0,0,0,0,0,0,0,0,0,0,0,0,0,0,0,0,0,0,0,0,0,0,0,0,0,0,0,0,0,0,0,0,0,0,0,0,0,0,0,0,0,0,29.75,78.0
19,0,0,0,0,0,12,0,11,63,21,0,3,0,0,0,0,0,0,0,0,0,0,12,29,0,0,0,0,0,0,0,0,0,0,22,10,0,0,0,2,0,0,0,0,0,0,0,0,0,0,0,0,0,0,0,7,4,3,0,0,0,0,0,0,0,0,0,0,0,0,0,0,0,0,0,0,0,0,0,0,0,0,0,0,0,0,0,0,0,0,0,0,0,0,0,0,0,0,0,0,0,0,0,0,0,0,0,0,0,0,0,0,0,0,0,0,0,0,0,0,0,0,0,0,12,0,0,0,0,0,4,0,5,0,0,0,4,0,12,0,0,1,25,2,4,0,0,0,0,0,0,0,0,0,0,0,0,0,0,0,0,0,0,0,0,0,0,0,1,8,0,3,0,0,0,0,0,0,0,16,107,6,0,14,0,57,2,10,29,1,66,0,54,2,0,1,0,6,0,26,61,3,24,2,1,4,0,0,5,4,10,26,19,0,12,31,4,0,6,15,0,0,2,1,0,0,21,0,0,0,0,54,2,0,0,30,0,0,0,0,24,1,0,0,7,0,0,0,0,0,0,0,4,0,0,37,25,19,28,13,17,0,5,0,31,14,12,57,0,0,0,0,0,0,0,0,0,0,0,24,0,45,73,0,0,0,0,0,0,0,0,0,0,0,0,0,0,0,0,0,0,0,0,0,0,0,0,0,0,0,0,0,0,0,0,0,0,0,0,0,0,0,0,0,0,0,0,0,0,0,0,0,0,0,0,0,0,0,0,0,0,0,0,0,0,0,0,0,0,0,0,0,0,0,0,0,0,0,0,0,0,0,0,0,0,29.75,78.25
20,0,0,0,0,0,6,0,20,44,22,0,2,0,0,0,0,0,0,0,0,2,0,3,6,0,0,0,0,0,0,0,0,0,0,12,2,0,0,0,0,0,0,0,0,0,0,0,0,0,0,0,0,0,0,0,3,0,3,0,0,0,0,0,0,0,0,0,0,0,0,0,0,0,0,0,0,0,0,0,0,0,0,0,0,0,0,0,0,0,0,0,0,0,0,0,0,0,0,0,0,0,0,0,0,0,0,0,0,0,0,0,0,0,0,0,0,0,0,0,0,0,0,0,0,3,0,0,0,0,0,1,0,4,0,0,0,8,0,10,0,3,0,12,7,7,0,0,0,0,0,0,0,0,0,0,0,0,0,0,0,0,0,0,0,0,0,0,0,0,4,2,1,2,0,0,0,1,0,1,5,29,1,0,12,0,15,1,6,23,6,30,0,27,1,0,5,0,8,0,6,20,1,30,5,4,8,0,1,2,26,34,21,12,1,5,11,8,1,1,3,0,0,4,1,0,0,5,0,0,1,0,44,0,0,0,25,0,0,0,0,6,4,0,0,6,3,0,0,0,0,0,0,2,0,0,24,18,36,21,18,12,0,19,0,6,5,7,15,0,0,0,0,0,0,0,0,0,0,0,13,0,18,15,0,0,0,0,0,0,0,0,0,0,0,0,0,0,0,0,0,0,0,0,0,0,0,0,0,0,0,0,0,0,0,0,0,0,0,0,0,0,0,0,0,0,0,0,0,0,0,0,0,0,0,0,0,0,0,0,0,0,0,0,0,0,0,0,0,0,0,0,0,0,0,0,0,0,0,0,0,0,0,0,0,0,29.75,78.5
21,0,0,0,0,0,8,0,10,40,18,2,3,0,0,0,0,0,0,0,0,1,0,3,15,1,1,2,0,0,0,0,0,0,0,14,4,0,0,0,0,2,0,0,0,0,0,0,0,0,0,0,0,0,0,0,3,0,4,0,0,0,0,0,0,0,0,0,0,0,0,0,0,0,0,0,0,0,0,0,0,0,0,0,0,0,0,0,0,0,0,0,0,0,0,0,0,0,0,0,0,0,0,0,0,0,0,0,0,0,0,0,0,0,0,0,0,0,0,0,0,0,0,0,0,4,0,0,2,0,0,3,0,4,0,0,0,6,0,7,0,2,0,9,7,4,0,0,1,0,0,0,0,0,0,0,0,0,0,0,0,0,0,0,0,0,0,1,0,0,5,13,3,3,0,0,0,0,0,0,7,39,5,0,13,1,22,2,10,20,3,33,2,29,1,0,4,1,6,0,11,28,2,33,5,3,7,2,2,2,15,20,17,10,3,13,15,5,2,1,6,0,0,5,1,0,0,13,1,0,1,0,45,0,0,2,20,1,0,0,0,16,3,1,0,13,2,0,0,0,0,0,5,3,0,0,20,14,25,23,16,15,1,14,1,10,6,6,18,7,0,0,0,0,0,0,0,0,0,0,12,5,23,21,4,2,1,0,0,0,0,0,0,0,0,0,0,0,0,0,0,0,0,0,0,0,0,0,0,0,0,0,0,0,0,0,0,0,0,0,0,0,0,0,0,0,0,0,0,0,0,0,0,0,0,0,0,0,0,0,0,0,0,0,0,0,0,0,0,0,0,0,0,0,0,0,0,0,0,0,0,0,0,0,0,0,29.75,78.75
22,0,0,0,0,0,18,0,0,18,19,18,1,0,0,0,0,0,0,0,0,0,0,3,10,2,1,0,0,0,0,0,0,0,0,15,5,0,0,0,0,2,0,0,0,0,0,0,0,0,0,0,0,0,0,0,0,0,6,0,0,0,0,0,0,0,0,0,0,0,0,0,0,0,0,0,0,0,0,0,0,0,0,0,0,0,0,0,0,0,0,0,0,0,0,0,0,0,0,0,0,0,0,0,0,0,0,0,0,0,0,0,0,0,0,0,0,0,0,0,0,0,0,0,0,0,0,0,0,18,0,7,7,4,0,0,0,4,1,0,0,0,2,7,8,4,4,0,0,2,0,9,0,0,0,0,0,0,0,0,0,0,0,4,0,0,0,6,0,0,2,16,0,2,1,0,0,5,4,0,2,25,9,1,20,0,2,1,6,6,8,12,3,7,2,19,10,11,2,0,0,1,12,17,13,8,8,5,17,7,5,26,8,7,1,5,4,6,5,5,10,1,0,6,0,0,0,30,0,0,0,0,25,10,0,2,9,1,0,0,0,14,6,2,0,13,0,0,2,10,0,0,1,0,0,5,0,3,19,14,17,11,7,1,0,1,6,3,18,14,6,0,0,1,0,0,0,0,2,0,6,14,46,45,21,1,0,0,0,0,0,0,1,0,4,0,0,0,0,0,0,0,0,0,0,0,0,0,0,0,0,0,0,0,0,0,0,0,0,0,0,0,0,0,0,0,0,0,0,0,0,0,0,0,0,0,0,0,0,0,0,0,0,0,0,0,0,0,0,0,0,0,0,0,0,0,0,0,0,0,0,0,0,0,0,0,29.75,79.0
23,0,0,0,0,0,15,0,0,26,13,16,0,0,0,0,0,0,0,0,0,0,0,1,6,1,0,0,0,0,0,0,0,0,0,24,3,0,0,0,0,2,0,0,0,0,0,0,0,0,0,0,0,0,0,0,0,0,1,0,0,0,0,0,0,0,0,0,0,0,0,0,0,0,0,0,0,0,0,0,0,0,0,0,0,0,0,0,0,0,0,0,0,0,0,0,0,0,0,0,0,0,0,0,0,0,0,0,0,0,0,0,0,0,0,0,0,0,0,0,0,0,0,0,0,0,0,0,0,19,0,1,1,1,0,0,0,1,0,0,0,0,0,2,2,1,0,0,0,0,0,1,0,0,0,0,0,0,0,0,0,0,0,1,0,0,0,1,0,0,0,2,0,0,2,0,0,2,12,0,6,28,2,0,26,0,1,4,5,3,4,4,0,16,1,19,5,2,1,0,0,0,15,15,20,5,11,3,24,13,1,20,17,18,0,1,1,1,5,7,22,1,0,7,1,0,0,26,0,0,0,0,27,8,0,0,5,0,0,0,0,2,1,0,0,4,0,0,0,23,0,0,0,0,0,1,0,1,9,12,11,11,11,1,1,2,3,3,6,6,1,0,0,0,0,0,0,0,0,0,7,13,53,48,21,0,0,0,0,0,0,0,3,0,11,0,0,0,0,0,0,0,0,0,0,0,0,0,0,0,0,0,0,0,0,0,0,0,0,0,0,0,0,0,0,0,0,0,0,0,0,0,0,0,0,0,0,0,0,0,0,0,0,0,0,0,0,0,0,0,0,0,0,0,0,0,0,0,0,0,0,0,0,0,0,0,29.75,79.25
24,0,0,0,0,0,10,0,0,11,11,14,0,0,0,0,0,0,0,0,0,1,2,2,4,3,1,1,0,0,0,0,0,0,0,26,4,0,0,0,0,3,0,0,0,0,0,1,0,0,0,0,1,0,2,2,0,0,7,0,0,0,0,0,0,0,0,0,0,0,0,0,0,0,0,0,0,0,0,0,0,0,0,0,0,0,0,0,0,0,0,0,0,0,0,0,0,0,0,0,0,0,0,0,0,0,0,0,0,0,0,0,0,0,0,0,0,0,0,0,2,0,0,0,9,0,0,1,0,13,0,0,3,15,1,0,0,1,3,3,0,0,0,6,12,5,0,0,0,3,0,0,0,0,0,0,0,0,0,0,0,0,0,10,0,0,0,3,0,0,0,12,4,4,0,0,8,8,10,2,10,55,0,1,27,2,3,3,22,3,28,7,0,15,20,16,4,4,0,0,0,6,8,4,6,6,27,5,5,14,4,16,19,7,0,1,1,3,3,15,3,2,0,39,0,0,0,37,0,0,0,0,46,2,0,0,9,5,0,0,1,20,0,0,1,3,0,3,3,12,0,0,1,0,6,1,0,4,15,12,35,9,9,4,0,2,3,4,41,8,0,0,0,0,0,0,0,0,0,0,9,19,49,46,24,7,0,0,0,0,0,0,0,0,3,0,0,0,0,0,0,0,0,0,0,0,0,0,0,0,0,0,0,0,0,0,0,0,0,0,0,0,0,0,0,0,0,0,0,0,0,0,0,0,0,0,0,0,0,0,0,0,0,0,0,0,0,0,0,0,0,0,0,0,0,0,0,0,0,0,0,0,0,0,0,0,29.75,79.5
25,0,0,0,0,0,7,0,0,9,11,16,0,0,0,0,0,0,0,0,0,0,1,4,4,3,5,6,0,0,0,0,0,0,0,25,2,0,0,0,0,1,0,0,0,0,0,1,0,0,0,0,1,0,3,1,0,0,7,0,0,0,0,0,0,0,0,0,0,0,0,0,0,0,0,0,0,0,0,0,0,0,0,1,0,0,0,0,0,0,0,0,0,0,0,0,0,0,0,0,0,0,0,0,2,2,0,0,0,0,0,0,0,1,0,0,0,0,0,0,1,0,0,0,5,0,6,5,6,1,2,1,7,21,4,1,0,4,3,0,0,1,0,7,9,4,0,0,0,4,5,0,0,0,0,0,0,0,0,0,0,0,1,25,0,0,1,6,1,0,0,12,1,1,0,0,6,7,15,8,47,39,4,2,17,8,6,5,36,13,24,12,0,28,19,17,1,4,0,0,2,11,14,3,7,10,17,5,3,17,15,12,16,9,9,2,3,9,3,31,0,5,0,41,1,0,0,38,0,0,0,0,47,0,2,1,6,7,0,0,3,56,0,2,6,11,2,21,10,1,0,0,4,0,19,6,0,8,17,7,29,9,4,8,1,0,1,10,40,10,0,0,0,6,0,0,0,0,0,1,6,20,39,42,27,8,0,0,0,0,0,0,2,0,2,0,0,0,0,0,0,0,0,0,0,0,0,0,0,0,0,0,0,0,0,0,0,0,0,0,0,0,0,0,0,0,0,0,0,0,0,0,0,0,0,0,0,0,0,0,0,0,0,0,0,0,0,0,0,0,0,0,0,0,0,0,0,0,0,0,0,0,0,0,0,0,29.75,79.75
26,0,0,0,0,1,6,0,0,16,12,16,0,0,0,0,0,0,0,0,0,0,5,3,4,0,3,6,0,0,0,0,0,0,0,27,7,0,0,0,0,4,0,0,0,0,0,0,0,0,0,0,0,0,3,0,0,0,4,0,0,0,0,0,0,0,0,0,0,0,0,0,0,0,0,0,0,0,0,0,0,0,0,7,0,0,0,0,0,0,0,0,0,0,0,0,0,0,0,0,0,0,0,0,2,4,2,0,0,0,0,0,0,0,0,0,0,0,0,0,2,0,4,1,1,0,10,1,3,5,4,0,10,49,2,17,0,4,2,0,0,4,0,20,4,0,0,0,0,9,3,0,0,0,0,0,0,0,0,0,0,0,2,6,0,2,10,17,1,0,1,17,1,0,0,2,2,1,4,24,45,18,5,9,23,6,9,10,27,3,9,14,0,25,10,21,2,4,5,0,5,89,16,2,19,14,22,18,9,55,17,1,10,17,57,0,31,33,1,20,0,32,0,42,1,0,0,67,0,0,0,0,43,0,12,0,4,5,0,3,12,64,6,14,31,24,11,8,4,2,0,0,0,3,3,0,0,5,9,4,22,17,6,35,1,0,0,5,47,12,0,0,0,2,0,1,0,0,0,15,15,19,41,36,15,1,0,0,0,0,0,0,8,0,1,0,0,0,0,0,0,0,0,0,0,0,0,0,0,0,0,0,0,0,0,0,0,0,0,0,0,0,0,0,0,0,0,0,0,0,0,0,0,0,0,0,0,0,0,0,0,0,0,0,0,0,0,0,0,0,0,0,0,0,0,0,0,0,0,0,0,0,0,0,0,0,29.75,80.0
27,0,0,0,0,3,21,1,0,6,8,17,1,0,0,0,0,0,0,1,1,1,2,2,8,2,5,9,0,0,0,0,0,0,0,47,2,0,0,0,0,6,0,0,0,0,0,1,0,0,0,0,0,0,5,1,2,0,4,0,0,0,0,0,0,0,0,0,0,0,0,0,0,0,0,0,0,0,0,0,0,0,0,5,0,0,0,0,0,0,0,0,0,0,0,0,0,0,0,0,1,0,0,0,1,3,1,0,0,0,0,0,0,0,0,0,0,0,0,2,6,10,5,1,2,5,3,0,2,8,33,3,21,48,3,5,1,36,3,0,0,1,15,9,1,1,1,0,0,3,1,0,0,0,0,0,0,0,0,0,1,0,1,2,18,1,2,5,5,0,1,27,0,6,0,24,28,25,19,65,46,21,8,14,16,19,7,37,69,2,23,21,14,18,19,81,2,9,14,1,108,68,9,8,18,17,39,27,6,18,88,10,16,20,37,7,44,53,7,21,0,27,0,33,1,0,23,40,0,14,8,0,32,1,4,1,4,7,4,6,6,67,2,8,34,89,21,22,13,2,0,9,16,94,42,12,19,22,25,9,28,24,2,14,1,1,1,13,52,19,0,0,0,0,0,29,0,0,0,3,25,34,53,42,11,3,0,0,0,0,0,0,2,0,0,0,0,0,0,0,0,0,0,0,0,0,0,0,0,0,0,0,0,0,0,0,0,0,0,0,0,0,0,0,0,0,0,0,0,0,0,0,0,0,0,0,0,0,0,0,0,0,0,0,0,0,0,0,0,0,0,0,0,0,0,0,0,0,0,0,0,0,0,0,0,0,29.75,80.25
28,0,0,0,0,0,9,0,9,33,9,3,1,0,0,0,0,0,0,0,0,0,0,14,26,1,0,0,0,0,0,0,0,0,3,38,22,0,0,0,1,1,0,0,0,0,0,0,0,0,0,0,2,0,1,0,3,0,4,0,0,0,0,0,0,0,0,0,0,0,0,0,0,0,0,0,0,0,0,0,0,0,0,0,0,0,0,0,0,0,0,0,0,0,0,0,0,0,0,0,0,0,0,0,0,0,0,0,0,0,0,0,0,0,0,0,0,0,0,0,3,0,0,0,0,4,0,0,4,1,0,0,0,7,0,0,0,3,2,1,0,0,0,22,8,3,0,0,0,3,0,0,0,0,0,0,0,0,0,0,0,0,0,5,0,0,0,1,0,2,0,6,0,0,0,0,1,0,0,1,2,29,5,0,5,1,5,0,12,0,8,21,0,8,6,9,16,2,10,0,2,21,8,1,9,0,6,2,0,4,7,28,17,5,18,0,26,1,4,21,0,1,0,10,0,0,0,11,0,0,0,0,25,1,0,0,4,2,0,0,0,6,0,0,0,2,0,0,2,0,0,0,0,8,0,0,5,2,6,25,11,1,1,2,1,18,36,24,47,17,0,0,0,0,0,0,0,0,0,18,11,2,18,19,4,0,0,0,0,0,0,0,0,0,3,0,0,0,0,0,0,0,0,0,0,0,0,0,0,0,0,0,0,0,0,0,0,0,0,0,0,0,0,0,0,0,0,0,0,0,0,0,0,0,0,0,0,0,0,0,0,0,0,0,0,0,0,0,0,0,0,0,0,0,0,0,0,0,0,0,0,0,0,0,0,0,30.0,77.75
29,0,0,0,0,0,10,0,9,43,19,4,6,0,0,0,0,0,0,0,0,0,0,20,31,1,1,1,0,0,0,0,0,0,1,17,9,0,0,0,2,3,0,0,0,0,0,0,0,0,0,0,2,0,1,0,11,1,6,0,0,0,0,0,0,0,0,0,0,0,0,0,0,0,0,0,0,0,0,0,0,0,0,0,0,0,0,0,0,0,0,0,0,0,0,0,0,0,0,0,0,0,0,0,0,0,0,0,0,0,0,0,0,0,0,0,0,0,0,0,4,0,0,0,0,6,0,0,5,1,0,0,1,10,0,0,0,4,2,6,0,1,0,27,4,4,0,0,0,4,1,0,0,0,0,0,0,0,0,0,0,0,0,6,0,0,1,2,1,0,1,8,0,1,0,0,1,0,0,4,5,49,10,0,10,4,18,1,16,1,11,63,0,26,8,5,11,3,2,0,8,17,9,5,27,0,8,4,1,5,31,39,21,18,19,4,26,0,13,27,1,1,0,14,0,0,0,19,0,0,0,0,88,4,0,0,11,2,0,0,0,14,0,0,1,7,3,1,4,0,0,0,0,18,0,0,18,5,14,30,10,1,2,3,2,17,61,13,38,12,0,0,0,0,0,2,0,0,0,26,3,3,16,20,5,0,1,0,0,0,0,0,0,0,4,0,0,0,0,0,0,0,0,0,0,0,0,0,0,0,0,0,0,0,0,0,0,0,0,0,0,0,0,0,0,0,0,0,0,0,0,0,0,0,0,0,0,0,0,0,0,0,0,0,0,0,0,0,0,0,0,0,0,0,0,0,0,0,0,0,0,0,0,0,0,0,30.0,78.0
30,0,0,0,0,2,20,0,4,47,17,5,5,0,0,0,0,0,0,0,0,1,0,9,19,1,3,2,0,0,0,0,0,0,1,22,6,0,0,0,1,2,0,0,0,0,0,0,0,0,0,0,4,0,1,2,14,1,12,0,0,0,0,0,0,0,0,0,0,0,0,0,0,0,0,0,0,0,0,0,0,0,0,0,0,0,0,0,0,0,0,0,0,0,0,0,0,0,0,0,0,0,0,0,1,0,0,0,0,0,0,0,0,0,0,0,0,0,0,0,0,3,0,0,3,4,0,10,7,0,5,9,0,17,0,0,0,14,4,7,0,0,0,14,6,10,0,0,2,6,0,0,0,0,0,0,0,0,0,0,0,0,6,2,3,0,0,22,1,0,5,9,4,8,2,0,0,0,3,11,7,49,26,13,40,10,17,6,32,7,2,49,0,22,3,6,4,2,3,2,12,21,12,35,26,16,14,1,13,13,15,18,22,13,7,2,25,8,7,13,4,7,0,19,0,0,0,30,0,0,0,1,80,2,0,0,28,8,0,0,0,12,0,0,0,6,1,2,0,0,0,0,0,1,5,0,16,5,21,62,27,10,5,2,1,13,28,10,31,36,2,0,1,0,0,0,0,0,0,9,6,0,25,15,0,2,0,0,0,0,0,0,0,0,0,0,0,0,0,0,0,0,0,0,0,0,0,0,0,0,0,0,0,0,0,3,0,0,0,1,0,0,0,0,0,0,0,0,0,0,0,0,0,0,0,0,0,0,0,0,0,0,0,0,0,0,0,0,0,0,0,0,0,0,0,0,0,0,0,0,0,0,0,0,0,0,30.0,78.25
31,0,0,0,0,1,13,0,10,47,18,2,4,0,0,0,0,0,0,0,0,1,0,3,4,1,2,4,0,0,0,0,0,0,1,15,3,0,0,0,0,2,0,0,0,0,0,0,0,0,0,0,0,0,0,0,4,0,10,0,0,0,0,0,0,0,0,0,0,0,0,0,0,0,0,0,0,0,0,0,0,0,0,0,0,0,0,0,0,0,0,0,0,0,0,0,0,0,0,0,0,0,0,0,1,0,0,0,0,0,0,0,0,0,0,0,0,0,0,0,0,0,0,0,0,2,0,0,2,0,2,3,0,5,0,0,0,10,0,4,0,2,0,10,9,9,0,0,4,2,0,0,0,0,0,0,0,0,0,0,0,0,1,0,0,0,0,17,0,0,5,7,1,11,0,0,0,0,0,0,5,16,6,0,27,5,1,4,23,10,3,23,3,13,0,1,5,1,5,0,4,11,3,42,8,5,12,4,3,1,15,22,13,8,0,2,8,7,4,1,2,0,0,10,1,0,0,20,0,0,1,1,47,1,0,3,13,1,0,0,0,4,3,0,0,4,2,0,0,0,0,0,0,1,0,0,9,7,32,45,34,9,3,11,2,2,5,7,16,28,0,0,0,0,0,0,0,0,0,0,6,0,16,12,0,0,1,0,0,0,0,0,0,0,0,0,0,0,0,0,0,0,0,0,0,0,0,0,0,0,0,0,0,0,0,0,0,0,0,1,0,0,0,0,0,0,0,0,0,0,0,0,0,0,0,0,0,0,0,0,0,0,0,0,0,0,0,0,0,0,0,0,0,0,0,0,0,0,0,0,0,0,0,0,0,0,30.0,78.5
32,0,0,0,0,1,18,0,0,37,15,3,6,0,0,0,0,0,0,0,0,1,0,2,4,0,3,7,0,0,0,0,0,0,0,13,3,0,0,0,0,1,0,0,0,0,0,1,0,0,0,0,0,0,1,2,3,0,15,0,0,0,0,0,0,0,0,0,0,0,0,0,0,0,0,0,0,0,0,0,0,0,0,0,0,0,0,0,0,0,0,0,0,0,0,0,0,0,0,0,0,0,0,0,0,0,0,0,0,0,0,0,0,0,0,0,0,0,0,0,1,0,0,0,0,1,0,0,3,0,3,2,0,5,0,0,0,9,0,0,0,2,0,5,11,8,0,0,7,4,0,0,0,0,0,0,0,0,0,0,0,0,8,2,1,0,0,7,0,0,6,7,3,13,0,0,0,4,0,0,1,24,13,5,25,22,0,9,37,0,3,12,7,9,1,4,6,4,2,0,0,3,0,38,19,9,8,9,24,5,3,26,13,10,0,1,23,3,9,7,5,3,0,25,0,0,1,37,0,1,0,0,40,1,0,7,11,6,0,0,0,1,3,0,0,1,0,0,0,0,0,0,0,0,0,1,0,2,18,55,13,12,6,3,4,4,4,4,20,18,1,0,1,0,0,0,0,0,0,0,2,0,19,10,0,1,3,1,0,0,0,0,0,0,0,0,0,0,0,0,0,0,0,0,0,0,0,0,0,0,0,0,0,0,0,0,0,0,0,2,0,0,0,0,0,0,0,0,0,0,0,0,0,0,0,0,0,0,0,0,0,0,0,0,0,0,0,0,0,0,0,0,0,0,0,0,0,0,0,0,0,0,0,0,0,0,30.0,78.75
33,0,0,0,0,1,23,0,0,12,18,17,2,0,0,0,0,0,0,0,0,1,3,1,5,1,4,1,0,0,0,0,0,0,0,22,3,0,0,0,0,1,0,0,0,0,0,1,0,0,0,0,0,0,0,1,1,0,12,0,0,0,0,0,0,0,0,0,0,0,0,0,0,0,0,1,0,0,0,0,0,0,0,0,0,0,0,0,0,0,0,0,0,0,0,0,0,0,0,0,0,0,0,0,0,0,0,0,0,0,1,0,0,2,0,0,0,0,0,0,2,0,0,0,4,0,0,0,0,15,1,8,8,10,1,1,0,8,0,2,0,0,0,9,6,6,4,0,0,4,0,10,0,0,0,0,0,0,0,0,0,0,2,8,0,0,0,8,0,0,4,11,1,1,1,0,0,23,24,1,2,27,9,1,17,9,0,11,15,6,18,24,3,13,28,27,11,12,3,2,0,11,13,18,26,16,5,6,26,37,6,18,11,6,0,14,10,7,9,37,10,5,0,12,0,0,0,42,0,0,0,0,36,9,0,2,11,6,0,0,0,23,8,2,0,12,0,0,3,6,0,0,0,0,1,17,1,3,21,23,16,16,6,1,0,3,7,3,16,7,7,0,0,1,0,0,0,0,2,0,3,7,35,32,15,1,0,5,0,0,0,0,1,0,3,0,0,0,0,0,0,0,0,0,0,0,0,0,0,0,0,0,0,0,0,0,0,0,0,1,0,0,0,0,0,0,0,0,0,0,0,0,0,0,0,0,0,0,0,0,0,0,0,0,0,0,0,0,0,0,0,0,0,0,0,0,0,0,0,0,0,0,0,0,0,0,30.0,79.0
34,0,0,0,0,0,22,0,0,12,19,18,2,0,0,0,0,0,0,0,0,0,2,1,6,1,3,0,0,0,0,0,0,0,0,20,4,0,0,0,0,1,0,0,0,0,0,1,0,0,0,0,0,0,0,0,1,0,10,0,0,0,0,0,0,0,0,0,0,0,0,0,0,0,0,0,0,0,0,0,0,0,0,0,0,0,0,0,0,0,0,0,0,0,0,0,0,0,0,0,0,0,0,0,0,0,0,0,0,0,1,0,0,1,0,0,0,0,0,0,1,0,0,0,3,0,0,0,0,18,1,9,9,7,1,1,0,6,0,1,0,0,0,10,6,5,4,0,0,3,0,12,0,0,0,0,0,0,0,0,0,0,1,7,0,0,0,7,0,0,3,13,1,2,1,0,0,19,19,0,2,27,9,1,19,6,1,7,12,6,15,22,3,11,21,26,12,14,2,1,0,8,14,17,22,14,5,6,25,30,6,18,10,6,0,12,7,8,8,28,11,4,0,8,0,0,0,37,0,0,0,0,32,11,0,2,10,4,0,0,0,22,8,3,0,13,0,0,3,7,0,0,0,0,1,13,1,3,21,18,17,14,6,1,0,2,8,4,18,9,8,0,0,2,0,0,0,0,2,0,4,10,41,37,18,1,0,4,0,0,0,0,2,0,3,0,0,0,0,0,0,0,0,0,0,0,0,0,0,0,0,0,0,0,0,0,0,0,0,0,0,0,0,0,0,0,0,0,0,0,0,0,0,0,0,0,0,0,0,0,0,0,0,0,0,0,0,0,0,0,0,0,0,0,0,0,0,0,0,0,0,0,0,0,0,0,30.0,79.25
35,0,0,0,0,0,13,0,0,7,11,16,0,0,0,0,0,0,0,0,0,0,1,2,3,3,1,2,1,0,0,0,0,0,0,25,2,0,0,0,0,1,0,0,0,0,0,1,0,0,0,0,1,0,3,2,0,0,7,0,0,0,0,0,0,0,0,0,0,0,0,0,0,0,0,0,0,0,0,0,0,0,0,0,0,0,0,0,0,0,0,0,0,0,0,0,0,0,0,0,0,0,0,0,0,2,0,0,0,0,0,0,0,0,0,0,0,0,0,0,1,0,0,0,7,0,0,11,1,4,0,1,6,19,8,0,0,1,2,0,0,0,0,10,11,6,1,0,0,7,2,2,0,0,0,0,0,0,0,0,0,0,0,19,0,0,1,3,0,0,0,16,1,3,0,0,14,16,34,17,97,39,1,3,25,16,12,9,46,33,47,25,1,7,36,26,2,9,0,0,5,6,29,10,11,9,21,5,5,21,35,24,21,17,1,2,5,6,5,63,3,3,0,39,0,0,0,52,0,0,0,0,53,2,0,4,10,7,0,0,7,57,1,3,12,28,5,23,9,3,0,0,10,0,48,16,0,15,26,9,24,9,5,12,1,1,3,20,37,7,1,0,0,0,0,0,0,0,0,0,4,18,40,39,26,15,0,0,0,0,0,0,0,0,2,0,0,0,0,0,0,0,0,0,0,0,0,0,0,0,0,0,0,0,0,0,0,0,0,0,0,0,0,0,0,0,0,0,0,0,0,0,0,0,0,0,0,0,0,0,0,0,0,0,0,0,0,0,0,0,0,0,0,0,0,0,0,0,0,0,0,0,0,0,0,0,30.0,79.5
36,0,0,0,0,0,16,0,0,5,12,17,0,0,0,0,0,0,0,0,0,0,0,3,3,3,3,3,2,0,0,0,0,0,0,29,0,0,0,0,0,0,0,0,0,0,0,1,0,0,0,0,0,0,5,1,1,0,9,0,0,0,0,0,0,0,0,0,0,0,0,0,0,0,0,0,0,0,0,0,0,0,0,1,0,0,0,0,0,0,0,0,0,0,0,0,0,0,0,0,0,0,0,0,1,5,0,0,0,0,0,0,0,0,0,0,0,0,0,0,0,0,1,0,4,1,1,21,2,0,0,0,5,25,14,0,1,1,1,0,0,1,0,13,12,5,0,0,0,9,4,0,0,0,0,0,0,0,0,0,1,0,1,23,1,0,2,3,1,0,0,17,1,4,0,0,25,22,53,31,176,16,0,5,19,29,22,16,67,58,64,37,0,7,47,34,0,10,1,1,10,9,46,15,12,10,15,5,1,27,64,28,23,25,3,8,10,9,6,105,0,6,0,37,0,0,0,61,0,0,0,0,58,0,0,6,14,7,0,1,12,87,0,5,24,51,10,42,14,0,0,0,19,0,92,29,0,24,36,6,25,10,5,20,2,3,1,34,43,7,0,0,0,0,0,1,0,0,0,0,1,22,39,41,29,25,0,0,0,0,0,0,0,0,0,0,0,0,0,0,0,0,0,0,0,0,0,0,0,0,0,0,0,0,0,0,0,0,0,0,0,0,0,0,0,0,0,0,0,0,0,0,0,0,0,0,0,0,0,0,0,0,0,0,0,0,0,0,0,0,0,0,0,0,0,0,0,0,0,0,0,0,0,0,0,0,30.0,79.75
37,0,0,0,0,3,13,0,0,6,10,21,0,0,0,0,0,0,0,0,5,2,1,3,4,0,4,6,0,0,0,0,0,0,0,30,1,0,0,0,0,1,0,0,0,0,0,5,0,0,0,0,0,0,6,7,8,0,4,0,0,0,0,0,0,0,0,0,0,0,0,0,0,0,0,0,0,0,0,0,0,0,0,10,1,0,0,0,0,0,0,0,0,0,0,0,0,0,0,4,4,0,0,0,5,6,0,0,0,0,0,0,0,3,0,0,0,0,0,3,2,1,7,0,22,12,4,3,0,3,4,0,4,10,2,4,12,12,1,0,0,8,5,8,3,4,1,0,0,3,2,2,0,0,0,0,0,0,0,0,6,0,10,3,18,3,4,4,8,1,5,18,5,2,0,4,8,5,10,17,40,14,2,10,16,8,17,21,33,8,50,20,2,23,17,26,3,9,14,12,29,62,15,10,17,14,15,13,9,21,37,20,26,9,20,78,31,16,3,27,0,21,0,27,0,0,3,52,0,2,5,1,43,0,6,4,12,5,1,7,6,33,3,13,24,60,21,14,11,1,0,0,3,9,54,12,2,9,25,8,23,12,6,20,1,5,0,14,36,6,1,1,0,0,0,14,0,0,0,6,9,28,36,31,18,4,0,0,0,0,0,0,5,0,0,0,0,0,0,0,0,0,0,0,0,0,4,0,0,0,0,0,0,0,2,1,0,0,0,0,0,0,0,0,0,0,0,0,0,0,0,0,0,0,0,0,0,0,0,0,0,0,0,0,0,0,0,0,0,0,0,0,0,0,0,0,0,0,0,0,0,0,0,0,0,0,30.0,80.0
38,0,0,0,0,3,20,0,0,5,8,18,1,0,0,0,0,0,0,1,2,1,2,2,7,2,5,9,0,0,0,0,0,0,0,44,2,0,0,0,0,5,0,0,0,0,0,2,0,0,0,0,0,0,6,3,4,0,4,0,0,0,0,0,0,0,0,0,0,0,0,0,0,0,0,0,0,0,0,0,0,0,0,7,0,0,0,0,0,0,0,0,0,0,0,0,0,0,0,2,2,0,0,0,2,4,1,0,0,0,0,0,0,1,0,0,0,0,0,2,5,8,6,1,9,9,3,0,1,7,28,2,17,19,1,4,4,33,2,0,0,3,14,8,1,2,1,0,0,2,1,1,0,0,0,0,0,0,0,0,3,0,4,1,21,1,2,3,6,0,2,26,2,6,0,21,25,22,15,56,38,20,6,14,15,17,10,35,62,2,33,22,13,19,18,72,2,10,16,5,98,69,9,9,18,16,33,25,7,16,82,13,20,16,32,33,44,46,7,20,0,26,0,30,1,0,20,42,0,12,8,0,32,1,4,1,6,7,4,7,5,56,2,10,32,88,23,19,13,2,0,8,13,80,49,13,16,19,24,9,27,21,3,14,1,2,1,14,46,16,0,0,0,0,0,29,0,0,0,3,22,33,47,37,13,3,0,0,0,0,0,0,2,0,0,0,0,0,0,0,0,0,0,0,0,0,2,0,0,0,0,0,0,0,1,0,0,0,0,0,0,0,0,0,0,0,0,0,0,0,0,0,0,0,0,0,0,0,0,0,0,0,0,0,0,0,0,0,0,0,0,0,0,0,0,0,0,0,0,0,0,0,0,0,0,0,30.0,80.25
39,0,0,0,0,3,20,0,0,5,8,18,1,0,0,0,0,0,0,1,2,1,2,2,8,2,5,10,0,0,0,0,0,0,0,46,2,0,0,0,0,5,0,0,0,0,0,1,0,0,0,0,0,0,6,2,3,0,4,0,0,0,0,0,0,0,0,0,0,0,0,0,0,0,0,0,0,0,0,0,0,0,0,6,0,0,0,0,0,0,0,0,0,0,0,0,0,0,0,1,1,0,0,0,1,4,1,0,0,0,0,0,0,1,0,0,0,0,0,2,6,9,5,1,6,7,3,0,1,7,31,2,19,28,1,4,3,35,2,0,0,2,15,8,1,2,1,0,0,2,1,1,0,0,0,0,0,0,0,0,2,0,3,1,20,1,2,4,6,0,2,27,1,6,0,23,27,24,17,61,41,21,7,15,15,18,9,36,66,2,29,22,14,18,19,77,2,10,15,3,105,69,9,9,18,16,36,26,7,17,86,12,19,18,34,21,45,50,7,21,0,27,0,31,1,0,22,41,0,14,8,0,31,1,4,1,5,7,4,6,6,61,2,9,33,90,22,21,13,2,0,9,15,88,47,13,17,21,24,9,28,22,3,14,1,2,1,14,49,17,0,0,0,0,0,30,0,0,0,3,23,34,49,39,12,3,0,0,0,0,0,0,2,0,0,0,0,0,0,0,0,0,0,0,0,0,1,0,0,0,0,0,0,0,0,0,0,0,0,0,0,0,0,0,0,0,0,0,0,0,0,0,0,0,0,0,0,0,0,0,0,0,0,0,0,0,0,0,0,0,0,0,0,0,0,0,0,0,0,0,0,0,0,0,0,0,30.0,80.5
40,0,0,0,0,1,15,0,9,40,23,1,10,0,0,0,0,0,0,0,1,0,0,15,20,1,2,7,0,0,0,0,0,0,3,13,14,0,0,0,1,1,0,0,0,0,0,0,0,0,0,0,0,0,1,0,5,0,5,0,0,0,0,0,0,0,0,0,0,0,0,0,0,0,0,0,0,0,0,0,0,0,0,0,0,0,0,0,0,0,0,0,0,0,0,0,0,0,0,0,0,0,0,0,0,0,0,0,0,0,0,0,0,0,0,0,0,0,0,0,0,0,1,0,0,4,0,0,0,0,1,3,0,7,0,0,0,3,0,10,0,5,0,21,5,5,1,0,0,0,0,0,0,0,0,0,0,0,0,0,0,0,0,0,0,0,0,8,1,1,4,4,1,13,0,0,0,0,4,5,27,31,5,0,33,31,5,11,3,0,20,80,0,26,2,13,2,0,15,1,1,68,6,25,3,3,12,18,12,1,37,72,34,19,4,50,5,2,9,46,3,0,0,51,0,0,0,32,0,0,0,2,132,6,0,0,16,3,1,0,0,80,1,2,8,12,12,8,13,0,0,2,2,86,4,0,1,1,20,30,6,2,1,10,3,34,18,23,31,17,0,0,3,0,0,23,0,0,2,26,9,1,7,1,1,0,11,0,0,0,0,0,0,0,0,0,0,0,0,0,0,0,0,0,0,0,0,0,0,0,0,0,0,0,0,0,0,0,0,0,0,0,0,0,0,0,0,0,0,0,0,0,0,0,0,0,0,0,0,0,0,0,0,0,0,0,0,0,0,0,0,0,0,0,0,0,0,0,0,0,0,0,0,0,2,2,30.25,78.0
41,0,0,0,0,3,26,0,0,31,18,9,3,0,0,0,0,0,0,0,0,3,0,4,6,1,6,3,0,0,0,0,0,0,1,25,2,0,0,0,0,2,0,0,0,0,0,0,0,0,0,0,7,0,3,4,14,2,16,0,0,0,0,0,0,0,0,0,0,0,0,0,0,0,0,0,0,0,0,0,0,0,0,0,0,0,0,0,0,0,0,0,0,0,0,0,0,0,0,0,0,0,0,0,2,0,0,0,0,0,0,0,1,0,0,0,0,0,0,0,0,5,0,0,7,1,0,20,13,0,8,12,0,26,0,0,0,16,7,6,0,0,0,5,7,15,0,0,2,11,1,0,0,0,0,0,0,0,0,0,0,0,13,4,5,0,0,25,2,0,8,12,5,8,3,0,0,0,5,19,3,32,42,24,63,21,0,18,40,1,5,25,0,7,4,10,4,3,2,4,2,9,14,36,34,33,20,1,26,26,16,20,24,13,0,2,21,11,5,21,0,14,0,40,0,0,0,43,0,0,0,1,72,1,1,0,41,15,0,0,0,12,0,0,0,2,1,4,0,0,0,0,0,4,18,0,6,0,19,71,19,12,8,2,0,7,5,6,27,33,5,0,2,1,0,1,0,0,0,1,1,0,26,7,0,5,0,0,0,0,0,0,0,0,0,0,0,0,0,0,0,0,0,0,0,0,0,0,0,0,0,0,0,0,0,6,0,0,0,3,0,0,0,0,0,0,0,0,0,0,0,0,0,0,0,0,0,0,0,0,0,0,0,0,0,0,0,0,0,0,0,0,0,0,0,0,0,0,0,0,0,0,0,0,0,0,30.25,78.25
42,0,0,0,0,1,15,0,0,44,14,1,8,0,0,0,0,0,0,0,0,1,0,3,6,1,2,3,0,0,0,0,0,0,0,18,3,0,0,0,0,1,0,0,0,0,0,1,0,0,0,0,0,0,1,2,4,0,14,0,0,0,0,0,0,0,0,0,0,0,0,0,0,0,0,0,0,0,0,0,0,0,0,0,0,0,0,0,0,0,0,0,0,0,0,0,0,0,0,0,0,0,0,0,1,0,0,0,0,0,0,0,0,0,0,0,0,0,0,0,0,0,0,0,0,3,0,0,2,0,4,4,0,3,0,0,0,8,0,0,0,2,0,7,10,11,0,0,6,5,0,0,0,0,0,0,0,0,0,0,0,0,8,0,0,0,0,16,0,0,5,10,2,16,0,0,0,1,0,0,3,22,11,4,26,21,0,4,31,1,0,15,3,10,1,1,3,1,2,0,3,6,2,37,11,4,10,3,19,3,1,22,13,5,0,0,17,2,3,2,3,1,0,18,0,0,0,30,0,0,0,0,46,1,0,2,5,2,0,0,0,4,2,0,0,1,0,0,0,0,0,0,0,0,0,0,0,1,19,49,26,9,4,1,2,2,5,4,19,31,0,0,0,0,0,0,0,0,0,0,3,0,19,12,0,1,1,1,0,0,0,0,0,0,0,0,0,0,0,0,0,0,0,0,0,0,0,0,0,0,0,0,0,0,0,0,0,0,0,1,0,0,0,0,0,0,0,0,0,0,0,0,0,0,0,0,0,0,0,0,0,0,0,0,0,0,0,0,0,0,0,0,0,0,0,0,0,0,0,0,0,0,0,0,0,0,30.25,78.5
43,0,0,0,0,1,21,0,0,21,10,11,1,0,0,0,0,0,0,0,1,1,0,1,1,2,3,9,0,0,0,0,0,0,0,15,1,0,0,0,0,1,0,0,0,0,0,1,0,0,0,0,2,0,1,3,4,0,13,0,0,0,0,0,0,0,0,0,0,0,0,0,0,0,0,0,0,0,0,0,0,0,0,0,0,0,0,0,0,0,0,0,0,0,0,0,0,0,0,0,0,0,0,0,0,0,0,0,0,0,0,0,0,0,0,0,0,0,0,0,6,1,0,0,2,0,0,1,0,0,1,1,0,25,0,0,0,14,0,0,0,0,0,1,9,7,0,0,1,8,0,0,0,0,0,0,0,0,0,0,0,0,6,12,3,0,0,12,1,1,5,5,7,3,0,0,1,15,0,1,4,36,20,7,11,25,1,28,25,0,12,5,1,12,2,14,5,8,1,0,0,14,2,18,30,21,7,5,24,9,1,32,13,13,0,0,36,7,10,28,1,11,0,39,1,0,2,54,0,3,0,0,50,1,0,1,23,16,0,0,0,0,0,0,0,0,0,0,0,0,0,0,0,0,1,5,0,0,21,64,9,20,7,1,0,4,2,2,11,6,3,0,3,1,0,0,0,0,0,0,0,0,17,7,0,2,2,3,0,0,0,0,1,1,1,0,0,0,0,0,0,0,0,0,0,0,0,0,0,0,0,0,0,0,0,0,0,0,0,2,0,0,0,0,0,0,0,0,0,0,0,0,0,0,0,0,0,0,0,0,0,0,0,0,0,0,0,0,0,0,0,0,0,0,0,0,0,0,0,0,0,0,0,0,0,0,30.25,78.75
44,0,0,0,0,1,30,0,0,15,23,16,3,0,0,0,0,0,0,0,1,2,11,3,2,0,9,1,0,0,0,0,0,0,0,32,0,0,0,0,0,0,0,0,0,0,0,3,0,0,0,0,1,0,1,2,3,0,23,0,0,0,0,0,0,0,0,0,0,0,0,0,0,0,0,2,0,0,0,0,0,0,0,0,0,0,0,0,0,0,0,0,0,0,0,0,0,0,0,0,0,0,0,0,0,0,0,0,0,0,3,0,0,6,0,0,0,0,0,0,6,0,0,0,13,0,0,1,0,0,0,0,0,24,4,4,0,13,0,5,0,0,0,8,9,8,0,0,0,7,0,0,0,0,0,0,0,0,0,0,0,0,5,8,1,0,0,9,0,0,9,10,3,0,0,0,0,61,73,2,1,19,8,1,16,29,1,30,35,0,39,48,2,29,98,46,3,3,9,6,0,39,6,28,40,25,7,2,33,109,5,34,16,2,0,38,19,2,14,108,0,18,0,24,0,0,0,79,0,1,0,0,47,2,0,0,11,20,0,0,0,40,6,0,0,1,0,0,2,0,0,0,0,0,5,57,4,6,27,35,22,32,7,4,0,8,2,1,15,2,2,0,0,0,0,0,0,0,2,0,3,0,33,37,3,2,0,18,0,0,0,0,0,0,0,0,0,0,0,0,0,0,0,0,0,0,0,0,0,0,0,0,0,0,0,0,0,0,0,2,0,0,0,0,0,0,0,0,0,0,0,0,0,0,0,0,0,0,0,0,0,0,0,0,0,0,0,0,0,0,0,0,0,0,0,0,0,0,0,0,0,0,0,0,0,0,30.25,79.0
45,0,0,0,0,2,31,0,0,14,21,11,2,0,0,0,0,0,0,0,1,2,6,4,3,0,7,0,0,0,0,0,0,0,0,27,0,0,0,0,0,0,0,0,0,0,0,2,0,0,0,0,0,0,1,4,8,0,17,0,0,0,0,0,0,0,0,0,0,0,0,0,0,0,0,9,0,0,0,0,0,0,0,0,1,0,0,0,0,0,0,0,0,0,0,0,0,0,0,0,1,0,0,0,3,0,0,0,0,0,2,0,0,3,0,0,0,0,0,1,4,1,0,0,9,0,0,0,1,0,1,1,0,15,5,2,6,11,0,4,0,1,0,11,5,8,0,0,0,4,0,0,0,0,0,0,0,0,0,0,0,0,5,6,1,5,2,5,2,0,7,14,4,2,0,0,0,63,56,5,10,47,6,10,20,18,6,15,59,0,33,38,12,38,78,42,4,3,11,6,1,48,4,18,39,34,13,6,22,73,6,30,10,7,0,21,22,7,17,91,0,33,1,42,0,0,5,65,0,8,0,0,45,4,0,0,12,16,1,0,1,40,9,0,0,13,1,2,6,1,0,0,0,1,5,34,2,7,19,25,21,21,8,8,0,8,2,6,17,2,2,0,0,0,0,1,0,0,1,0,3,4,30,31,4,7,1,9,0,0,0,2,0,0,1,0,0,0,0,0,0,0,0,0,0,0,0,0,0,0,0,0,0,0,0,0,0,0,0,2,0,0,0,0,0,0,0,0,0,0,0,0,0,0,0,0,0,0,0,0,0,0,0,0,0,0,0,0,0,0,0,0,0,0,0,0,0,0,0,0,0,0,0,0,0,0,30.25,79.25
46,0,0,0,0,4,30,0,0,7,13,11,0,0,0,0,0,0,0,0,1,1,3,4,3,1,5,1,1,0,0,0,0,0,1,22,0,0,0,0,0,1,0,0,0,0,0,0,0,0,0,0,0,0,4,8,11,0,12,0,0,0,0,0,0,0,0,0,0,0,0,0,0,0,0,6,0,0,0,0,0,0,0,0,0,0,0,0,0,0,0,0,0,0,0,0,0,0,0,0,3,0,0,0,4,2,0,0,0,0,1,0,0,1,0,0,0,0,0,2,1,1,0,0,3,0,0,8,1,0,1,0,2,14,7,0,8,8,0,1,0,1,0,8,5,6,0,0,0,4,2,0,0,0,0,0,0,0,0,0,0,0,3,9,2,5,2,2,1,0,4,16,3,4,0,0,9,44,43,14,74,32,2,10,16,17,8,9,64,21,45,33,10,27,57,42,2,4,10,4,8,29,19,10,24,24,12,7,10,41,25,23,12,19,1,5,17,10,15,86,0,28,2,37,1,0,4,51,1,7,0,0,36,3,0,2,10,9,3,0,5,52,5,2,8,34,6,18,7,0,0,0,7,5,40,21,0,11,24,14,20,13,6,12,1,10,1,18,24,6,3,0,0,0,0,2,0,0,0,0,1,11,32,27,11,18,2,3,0,0,0,0,0,0,1,0,0,0,0,0,0,0,0,0,0,0,2,0,0,0,0,0,0,0,0,0,0,0,0,2,0,0,0,0,0,0,0,0,0,0,0,0,0,0,0,0,0,0,0,0,0,0,0,0,0,0,0,0,0,0,0,0,0,0,0,0,0,0,0,0,0,0,0,0,0,0,30.25,79.5
47,0,0,0,0,2,16,0,0,5,10,18,0,0,0,0,0,0,0,0,3,1,1,3,3,2,3,4,1,0,0,0,0,0,0,27,1,0,0,0,0,1,0,0,0,0,0,3,0,0,0,0,1,0,5,6,6,0,6,0,0,0,0,0,0,0,0,0,0,0,0,0,0,0,0,0,0,0,0,0,0,0,0,5,0,0,0,0,0,0,0,0,0,0,0,0,0,0,0,2,3,0,0,0,3,5,0,0,0,0,0,0,0,2,0,0,0,0,0,2,1,0,3,0,15,6,2,8,1,1,1,0,3,15,6,1,8,7,1,0,0,4,3,8,7,5,1,0,0,4,2,1,0,0,0,0,0,0,0,0,3,0,5,12,10,2,2,2,4,1,4,18,3,3,0,1,12,13,25,16,75,25,1,6,19,14,15,15,42,23,56,24,1,15,31,27,2,9,8,7,17,27,23,10,12,11,16,8,5,19,38,24,24,14,6,43,16,9,5,51,0,11,1,33,0,0,1,50,0,1,3,1,48,1,2,4,11,7,1,4,6,44,2,7,17,47,14,22,11,1,0,0,7,4,59,16,1,12,28,9,24,10,5,15,1,5,1,19,36,6,1,1,0,0,0,7,0,0,0,2,5,23,36,33,22,13,1,0,0,0,0,0,2,0,1,0,0,0,0,0,0,0,0,0,0,0,3,0,0,0,0,0,0,0,1,1,0,0,0,0,0,0,0,0,0,0,0,0,0,0,0,0,0,0,0,0,0,0,0,0,0,0,0,0,0,0,0,0,0,0,0,0,0,0,0,0,0,0,0,0,0,0,0,0,0,0,30.25,79.75
48,0,0,0,0,3,14,0,0,5,10,21,0,0,0,0,0,0,0,0,5,2,1,3,4,1,4,7,0,0,0,0,0,0,0,31,1,0,0,0,0,1,0,0,0,0,0,5,0,0,0,0,0,0,6,7,8,0,4,0,0,0,0,0,0,0,0,0,0,0,0,0,0,0,0,0,0,0,0,0,0,0,0,10,1,0,0,0,0,0,0,0,0,0,0,0,0,0,0,4,5,0,0,0,5,6,0,0,0,0,0,0,0,3,0,0,0,0,0,3,2,1,7,0,22,12,4,3,0,3,5,0,4,9,2,3,12,13,1,0,0,7,6,7,3,4,1,0,0,2,2,2,0,0,0,0,0,0,0,0,6,0,10,4,19,3,3,3,9,1,5,18,5,3,0,5,9,7,12,19,43,14,2,10,16,9,17,22,36,9,53,21,3,22,19,29,3,10,14,12,33,57,16,11,17,14,15,13,9,18,42,21,26,9,17,79,30,16,4,29,0,20,0,26,0,0,4,50,0,2,5,1,43,0,5,4,12,5,1,7,5,33,3,12,23,64,22,16,12,1,0,1,4,13,58,14,2,10,26,8,24,12,6,19,1,6,0,15,36,6,1,1,0,0,0,16,0,0,0,5,9,29,37,32,18,5,0,0,0,0,0,0,4,0,0,0,0,0,0,0,0,0,0,0,0,0,4,0,0,0,0,0,0,0,2,1,0,0,0,0,0,0,0,0,0,0,0,0,0,0,0,0,0,0,0,0,0,0,0,0,0,0,0,0,0,0,0,0,0,0,0,0,0,0,0,0,0,0,0,0,0,0,0,0,0,0,30.25,80.0
49,0,0,0,0,3,16,0,0,6,9,20,0,0,0,0,0,0,0,0,4,1,1,2,5,1,4,8,0,0,0,0,0,0,0,35,1,0,0,0,0,2,0,0,0,0,0,4,0,0,0,0,0,0,6,6,7,0,4,0,0,0,0,0,0,0,0,0,0,0,0,0,0,0,0,0,0,0,0,0,0,0,0,9,1,0,0,0,0,0,0,0,0,0,0,0,0,0,0,3,4,0,0,0,4,6,1,0,0,0,0,0,0,2,0,0,0,0,0,3,3,4,6,1,17,11,4,2,0,4,13,1,9,9,1,4,9,20,1,0,0,6,9,8,2,3,1,0,0,3,1,2,0,0,0,0,0,0,0,0,5,0,8,2,20,3,3,4,8,1,4,21,4,4,0,10,14,11,12,32,38,16,3,12,16,11,14,26,44,5,44,21,6,21,18,43,3,10,15,9,55,66,13,10,18,14,21,18,8,20,54,17,24,12,25,62,36,27,5,24,0,24,0,28,0,0,9,49,0,6,6,1,39,0,5,3,10,5,2,7,6,41,3,12,27,71,22,16,12,1,0,3,7,36,52,12,7,12,24,8,25,15,5,18,1,4,0,14,39,9,1,1,0,0,0,20,0,0,0,5,14,30,39,33,16,4,0,0,0,0,0,0,4,0,0,0,0,0,0,0,0,0,0,0,0,0,3,0,0,0,0,0,0,0,1,1,0,0,0,0,0,0,0,0,0,0,0,0,0,0,0,0,0,0,0,0,0,0,0,0,0,0,0,0,0,0,0,0,0,0,0,0,0,0,0,0,0,0,0,0,0,0,0,0,0,0,30.25,80.25
50,0,0,0,0,3,18,0,0,6,9,19,0,0,0,0,0,0,0,1,3,1,2,2,6,1,5,9,0,0,0,0,0,0,0,41,2,0,0,0,0,4,0,0,0,0,0,3,0,0,0,0,0,0,6,4,5,0,4,0,0,0,0,0,0,0,0,0,0,0,0,0,0,0,0,0,0,0,0,0,0,0,0,8,0,0,0,0,0,0,0,0,0,0,0,0,0,0,0,2,2,0,0,0,3,4,1,0,0,0,0,0,0,2,0,0,0,0,0,2,5,6,6,1,11,9,4,0,1,6,22,2,14,27,1,5,6,27,2,0,0,4,12,9,1,2,1,0,0,2,1,1,0,0,0,0,0,0,0,0,3,0,5,1,19,2,3,4,6,1,3,24,2,5,0,16,19,17,13,46,35,19,6,13,16,14,11,31,53,2,33,20,10,20,17,60,2,9,15,6,79,69,10,9,18,16,30,22,8,19,68,13,20,14,31,39,41,39,6,19,0,26,0,30,1,0,16,45,0,10,7,1,35,1,5,2,7,6,3,7,5,51,3,11,30,79,22,17,12,2,0,6,10,62,45,11,12,16,24,9,26,19,4,17,1,3,1,12,45,14,0,0,0,0,0,24,0,0,0,5,19,32,45,36,13,2,0,0,0,0,0,0,3,0,0,0,0,0,0,0,0,0,0,0,0,0,2,0,0,0,0,0,0,0,1,1,0,0,0,0,0,0,0,0,0,0,0,0,0,0,0,0,0,0,0,0,0,0,0,0,0,0,0,0,0,0,0,0,0,0,0,0,0,0,0,0,0,0,0,0,0,0,0,0,0,0,30.25,80.5
51,0,0,0,0,3,19,0,0,6,8,18,1,0,0,0,0,0,0,1,2,1,2,2,7,2,5,9,0,0,0,0,0,0,0,43,2,0,0,0,0,5,0,0,0,0,0,2,0,0,0,0,0,0,6,3,4,0,4,0,0,0,0,0,0,0,0,0,0,0,0,0,0,0,0,0,0,0,0,0,0,0,0,7,0,0,0,0,0,0,0,0,0,0,0,0,0,0,0,2,2,0,0,0,2,4,1,0,0,0,0,0,0,1,0,0,0,0,0,2,5,8,6,1,9,8,3,0,1,7,26,2,16,22,1,4,4,31,2,0,0,3,14,8,1,2,1,0,0,2,1,1,0,0,0,0,0,0,0,0,3,0,5,1,20,2,2,4,6,0,2,25,2,5,0,20,23,20,15,53,38,20,6,14,15,16,10,33,59,2,32,21,12,19,18,68,2,10,15,5,92,70,9,9,18,16,32,24,7,18,77,13,20,16,33,33,43,44,6,20,0,27,0,31,1,0,19,43,0,11,8,0,33,1,5,1,6,6,3,7,6,55,2,10,32,85,22,19,12,2,0,7,12,75,47,12,15,18,24,9,27,20,4,16,1,2,1,13,46,15,0,0,0,0,0,27,0,0,0,4,21,33,46,37,13,3,0,0,0,0,0,0,3,0,0,0,0,0,0,0,0,0,0,0,0,0,2,0,0,0,0,0,0,0,1,0,0,0,0,0,0,0,0,0,0,0,0,0,0,0,0,0,0,0,0,0,0,0,0,0,0,0,0,0,0,0,0,0,0,0,0,0,0,0,0,0,0,0,0,0,0,0,0,0,0,0,30.25,80.75
52,0,0,0,0,3,21,0,0,5,8,18,1,0,0,0,0,0,0,1,2,1,2,2,8,2,5,10,0,0,0,0,0,0,0,46,1,0,0,0,0,5,0,0,0,0,0,2,0,0,0,0,0,0,6,3,3,0,4,0,0,0,0,0,0,0,0,0,0,0,0,0,0,0,0,0,0,0,0,0,0,0,0,7,0,0,0,0,0,0,0,0,0,0,0,0,0,0,0,1,2,0,0,0,2,4,1,0,0,0,0,0,0,1,0,0,0,0,0,2,6,10,5,1,7,8,2,0,0,8,32,2,19,13,0,3,3,37,2,0,0,2,16,8,1,2,0,0,0,2,0,1,0,0,0,0,0,0,0,0,3,0,3,0,22,1,2,3,6,0,2,27,1,6,0,24,28,25,17,63,40,21,6,15,14,19,9,38,68,2,31,22,14,18,19,80,2,10,16,3,111,70,9,9,18,16,36,26,7,15,91,13,20,18,34,25,46,51,7,21,0,27,0,30,1,0,23,41,0,14,9,0,30,1,4,1,5,7,4,7,5,61,2,9,34,94,24,21,13,2,0,9,16,93,50,14,18,21,24,9,28,22,3,14,1,2,1,14,47,17,0,0,0,0,0,32,0,0,0,3,23,34,47,37,12,3,0,0,0,0,0,0,2,0,0,0,0,0,0,0,0,0,0,0,0,0,1,0,0,0,0,0,0,0,1,0,0,0,0,0,0,0,0,0,0,0,0,0,0,0,0,0,0,0,0,0,0,0,0,0,0,0,0,0,0,0,0,0,0,0,0,0,0,0,0,0,0,0,0,0,0,0,0,0,0,0,30.25,81.0
53,0,0,0,0,3,28,0,3,52,26,2,16,1,0,0,0,0,0,0,1,1,3,12,25,2,7,1,0,0,0,0,0,0,2,16,9,0,0,0,0,2,0,0,0,0,0,0,0,0,0,0,0,0,6,1,8,0,8,0,0,0,0,0,0,0,0,0,0,0,0,0,0,0,0,0,0,0,0,0,0,0,0,0,0,0,0,0,0,0,0,0,0,0,0,0,0,0,0,0,0,0,0,0,1,1,0,1,0,0,0,0,0,0,0,0,0,0,0,0,0,0,0,0,0,3,0,0,0,0,1,1,0,3,0,0,0,3,1,2,0,2,0,29,4,24,0,0,6,2,0,0,0,0,0,0,0,0,0,0,0,1,1,0,0,0,0,5,1,2,13,7,5,6,0,0,0,0,17,5,15,4,7,6,62,20,1,34,2,0,46,29,1,3,13,5,9,0,9,7,3,9,8,30,21,28,31,34,11,2,28,52,67,30,2,13,51,6,16,24,20,4,0,131,0,0,0,42,0,4,0,2,104,1,0,1,25,9,0,0,0,108,5,11,2,73,2,1,7,0,0,2,2,6,8,2,1,0,31,48,6,9,3,21,9,36,15,10,26,96,0,0,3,1,0,2,0,0,0,5,8,6,3,0,7,3,11,0,0,0,0,0,0,0,1,0,0,0,0,0,0,0,0,0,0,0,0,0,0,0,0,0,0,0,0,0,0,0,0,3,0,0,0,0,0,0,0,0,0,0,0,0,0,0,0,0,0,0,0,0,0,0,0,0,0,0,0,0,0,0,0,0,0,0,0,0,0,0,0,0,0,0,0,0,1,1,30.5,78.0
54,0,0,0,0,4,23,0,0,54,21,5,6,0,0,0,0,0,0,0,1,2,1,10,15,1,11,1,0,0,0,0,0,0,1,23,4,0,0,0,0,1,0,0,0,0,0,0,0,0,0,0,1,0,6,3,7,0,12,0,0,0,0,0,0,0,0,0,0,0,0,0,0,0,0,0,0,0,0,0,0,0,0,0,0,0,0,0,0,0,0,0,0,0,0,0,0,0,0,0,0,0,0,0,9,1,0,1,0,0,0,0,0,0,0,0,0,0,0,0,0,1,0,0,2,1,1,5,7,1,5,9,3,3,0,0,0,4,5,1,0,1,0,11,7,18,0,0,4,12,1,0,0,0,0,0,0,0,0,0,0,2,7,1,0,0,0,26,1,1,12,0,0,4,0,0,0,0,0,2,0,7,9,10,47,16,0,53,6,0,11,25,1,4,7,2,7,4,4,0,0,0,2,12,22,25,24,5,3,2,18,14,23,18,0,1,34,10,2,35,1,7,0,47,0,0,1,57,1,5,0,0,59,3,2,1,12,7,0,0,0,14,6,1,0,0,0,0,0,0,7,0,0,0,34,2,1,1,24,43,7,11,4,1,4,12,7,8,29,33,1,0,0,1,1,0,0,0,1,1,2,1,6,2,0,5,4,6,0,0,0,0,1,0,1,0,0,0,0,0,0,0,0,0,0,0,0,0,0,0,0,0,0,0,0,3,0,0,0,5,0,0,0,0,0,0,0,0,0,0,0,0,0,0,0,0,0,0,0,0,0,0,0,0,0,0,0,0,0,0,0,0,0,0,0,0,0,0,0,0,0,0,0,0,1,1,30.5,78.25
55,0,0,0,0,3,21,0,0,50,18,3,5,0,0,0,0,0,0,0,1,1,1,7,17,1,8,1,0,0,0,0,0,0,1,21,3,0,0,0,0,0,0,0,0,0,0,1,0,0,0,0,0,0,5,3,5,0,13,0,0,0,0,0,0,0,0,0,0,0,0,0,0,0,0,0,0,0,0,0,0,0,0,0,0,0,0,0,0,0,0,0,0,0,0,0,0,0,0,0,0,0,0,0,8,1,0,1,0,0,0,0,0,1,0,0,0,0,0,0,0,0,0,0,1,1,1,2,3,2,5,14,7,1,0,0,0,3,7,1,0,1,0,8,7,17,0,0,9,7,1,0,0,0,0,0,0,0,0,0,0,0,2,0,0,0,0,17,0,3,10,0,0,1,0,0,0,0,0,0,0,5,11,7,17,28,0,40,2,0,6,13,1,5,0,1,7,4,3,0,0,0,1,21,25,31,27,6,8,3,4,15,20,6,0,0,10,20,0,23,0,8,0,42,0,0,0,47,1,1,0,0,57,0,0,0,37,6,0,0,0,3,5,0,0,0,0,1,0,0,0,0,0,0,16,3,0,1,34,50,14,4,11,0,0,21,5,11,21,34,2,0,0,7,0,1,0,0,0,0,0,0,13,1,0,4,0,1,0,0,0,0,1,0,0,0,0,0,0,0,0,0,0,0,0,0,0,0,0,0,0,0,0,0,0,0,0,0,0,7,0,0,0,0,0,0,0,0,0,0,0,0,0,0,0,0,0,0,0,0,0,0,0,0,0,0,0,0,0,0,0,0,0,0,0,0,0,0,0,0,0,0,0,0,1,1,30.5,78.5
56,0,0,0,0,2,19,0,0,21,16,13,2,0,0,0,0,0,0,0,2,1,1,4,4,2,8,2,0,0,0,0,0,0,0,13,1,0,0,0,0,0,0,0,0,0,0,1,0,0,0,0,1,0,3,9,14,0,12,0,0,1,0,0,0,0,0,0,0,0,0,0,0,0,0,0,0,0,0,0,0,0,0,0,0,0,0,0,0,0,0,0,0,0,0,0,0,0,0,6,0,0,0,0,0,0,0,0,0,0,0,0,0,0,0,0,0,0,0,1,7,7,0,0,4,1,0,2,0,0,1,1,0,17,0,4,3,11,1,0,0,1,0,6,9,11,1,0,0,9,4,1,0,0,0,0,0,0,0,0,0,0,14,17,21,0,6,4,0,2,9,10,3,4,3,0,0,43,6,2,6,65,8,36,14,26,0,11,16,0,20,35,0,28,14,13,4,3,7,31,26,26,7,18,29,35,16,3,26,19,6,40,13,11,3,3,38,5,3,10,0,53,0,47,0,0,6,48,6,7,5,1,39,4,2,0,29,19,0,0,0,23,20,17,9,9,4,15,10,24,0,0,0,87,20,16,0,0,22,35,11,11,7,15,0,4,4,5,15,16,1,0,1,1,4,0,0,0,0,0,0,0,12,4,0,1,0,1,0,0,0,0,0,0,0,0,0,0,0,0,0,0,0,0,0,0,0,0,0,0,0,0,0,0,0,0,0,0,0,1,0,0,0,0,0,0,0,0,0,0,0,0,0,0,0,0,0,0,0,0,0,0,0,0,0,0,0,0,0,0,0,0,0,0,0,0,0,0,0,0,0,0,0,0,0,0,30.5,78.75
57,0,0,0,0,2,23,0,0,20,22,17,0,0,0,0,0,0,0,0,2,1,1,6,6,2,11,1,0,0,0,0,0,0,0,18,0,0,0,0,0,0,0,0,0,0,0,1,0,0,0,0,0,0,3,8,19,0,12,0,0,1,0,0,0,0,0,0,0,0,0,0,0,0,0,1,0,0,0,0,0,0,0,0,0,0,0,0,0,0,0,0,0,0,0,0,0,0,0,7,0,0,0,0,0,0,0,0,0,0,0,0,0,0,0,0,0,0,0,1,10,8,0,0,5,0,0,2,1,0,1,1,0,15,2,5,4,7,1,3,0,1,0,17,9,13,1,0,0,11,5,1,0,0,0,0,0,0,0,0,0,0,13,19,21,1,6,2,0,2,9,17,4,4,3,0,0,54,19,3,6,76,5,38,18,25,14,3,20,0,22,38,2,34,24,14,5,4,8,33,27,33,7,17,27,37,16,4,19,33,8,45,6,11,3,10,33,2,6,15,0,55,0,54,1,0,6,53,6,7,5,1,50,6,2,0,24,23,0,0,3,27,25,17,10,11,5,19,15,26,0,0,0,89,21,23,0,2,18,22,14,9,6,19,0,2,5,7,18,11,1,0,0,0,4,0,0,0,1,1,2,3,17,22,4,1,1,1,0,0,0,4,1,0,0,0,0,0,0,0,0,0,0,0,0,0,0,0,0,0,0,0,0,0,0,0,0,0,0,0,0,0,0,0,0,0,0,0,0,0,0,0,0,0,0,0,0,0,0,0,0,0,0,0,0,0,0,0,0,0,0,0,0,0,0,0,0,0,0,0,0,0,0,0,0,0,30.5,79.0
58,0,0,0,0,4,34,0,0,12,16,7,0,0,0,0,0,0,0,0,2,1,2,4,4,1,5,1,0,0,0,0,0,0,1,20,0,0,0,0,0,1,0,0,0,0,0,0,0,0,0,0,0,0,2,9,15,0,12,0,0,0,0,0,0,0,0,0,0,0,0,0,0,0,0,10,0,0,0,0,0,0,0,0,1,0,0,0,0,0,0,0,0,0,0,0,0,0,0,0,3,0,0,0,5,1,0,0,0,0,1,0,0,1,0,0,0,0,0,2,2,1,0,0,4,0,0,0,1,0,1,1,0,8,4,0,10,10,0,1,0,1,0,9,2,7,0,0,0,2,0,0,0,0,0,0,0,0,0,0,0,0,4,3,2,7,2,2,2,0,5,16,5,3,0,0,0,52,33,5,15,54,5,13,18,10,7,4,63,0,29,26,15,38,51,38,4,2,12,5,5,42,2,8,30,33,14,9,12,39,5,24,6,14,0,5,21,10,19,63,0,37,2,47,1,0,6,47,1,11,0,0,37,5,0,0,10,11,3,0,2,30,9,0,0,22,3,5,6,1,0,0,0,5,9,12,0,5,15,19,18,12,7,9,0,11,2,9,17,5,3,0,0,0,0,2,0,0,1,0,2,6,28,24,5,11,3,2,0,0,0,2,0,0,1,0,0,0,0,0,0,0,0,0,0,0,2,0,0,0,0,0,0,0,0,0,0,0,0,3,0,0,0,0,0,0,0,0,0,0,0,0,0,0,0,0,0,0,0,0,0,0,0,0,0,0,0,0,0,0,0,0,0,0,0,0,0,0,0,0,0,0,0,0,0,0,30.5,79.25
59,0,0,0,0,8,42,0,0,11,12,9,0,0,0,0,0,0,0,0,3,1,4,6,5,1,5,1,0,0,0,0,0,0,2,16,1,0,0,0,1,2,0,0,0,0,0,0,0,0,0,0,0,0,5,17,22,0,12,0,0,0,0,0,0,0,0,0,0,0,0,0,0,0,0,2,0,0,0,0,0,0,0,0,0,0,0,0,0,0,0,0,0,0,0,0,0,0,0,0,6,0,0,0,6,1,0,0,0,0,1,0,1,2,0,0,0,0,0,3,1,2,0,0,2,0,0,0,0,0,0,0,0,3,1,0,12,10,0,1,0,2,1,4,1,6,0,0,1,1,0,0,0,0,0,0,0,0,0,0,0,0,1,2,3,4,1,1,1,0,8,18,6,3,0,0,0,30,17,1,11,19,3,7,9,10,4,2,31,0,35,18,6,22,33,37,4,1,14,4,12,13,2,3,12,14,5,9,6,34,3,17,6,19,0,3,12,9,17,37,0,21,6,25,2,0,1,32,1,5,0,0,24,6,1,0,4,10,7,0,1,12,7,1,0,25,7,9,2,1,0,0,0,12,18,7,0,2,18,15,15,9,3,5,1,18,3,10,16,9,6,0,0,0,0,2,0,0,0,0,1,8,32,25,4,14,6,1,0,0,0,1,0,0,0,0,0,0,0,0,0,0,0,0,0,0,5,0,0,0,0,0,0,0,0,1,0,0,0,4,0,0,0,0,0,0,0,0,0,0,0,0,0,0,0,0,0,0,0,0,0,0,0,0,0,0,0,0,0,0,0,0,0,0,0,0,0,0,0,0,0,0,0,0,0,0,30.5,79.5
60,0,0,0,0,6,31,0,0,7,11,12,0,0,0,0,0,0,0,0,3,1,2,4,4,1,5,3,0,0,0,0,0,0,1,20,0,0,0,0,0,1,0,0,0,0,0,2,0,0,0,0,0,0,5,13,16,0,9,0,0,0,0,0,0,0,0,0,0,0,0,0,0,0,0,4,0,0,0,0,0,0,0,3,1,0,0,0,0,0,0,0,0,0,0,0,0,0,0,1,5,0,0,0,6,3,0,0,0,0,1,0,0,2,0,0,0,0,0,3,1,1,2,0,9,4,1,3,0,1,1,0,1,6,3,0,13,10,0,0,0,3,2,4,2,5,0,0,0,1,1,1,0,0,0,0,0,0,0,0,2,0,5,3,8,5,2,1,4,0,6,17,5,3,0,1,4,28,20,8,34,24,2,9,12,9,7,8,43,7,44,22,7,26,35,36,3,4,14,7,16,30,9,6,17,18,9,10,8,27,17,19,13,16,3,27,19,11,13,46,0,25,3,29,1,0,3,39,1,6,2,0,30,4,2,2,8,7,4,2,2,26,5,4,8,40,11,12,6,0,0,0,2,9,35,10,0,6,21,12,18,10,5,10,1,13,2,13,23,7,4,0,0,0,0,6,0,0,0,1,2,15,33,24,10,13,4,1,0,0,0,0,1,0,0,0,0,0,0,0,0,0,0,0,0,0,4,0,0,0,0,0,0,0,1,1,0,0,0,3,0,0,0,0,0,0,0,0,0,0,0,0,0,0,0,0,0,0,0,0,0,0,0,0,0,0,0,0,0,0,0,0,0,0,0,0,0,0,0,0,0,0,0,0,0,0,30.5,79.75
61,0,0,0,0,4,21,0,0,7,10,18,0,0,0,0,0,0,0,0,5,1,2,3,4,1,4,5,0,0,0,0,0,0,1,26,1,0,0,0,0,1,0,0,0,0,0,4,0,0,0,0,0,0,6,10,12,0,6,0,0,0,0,0,0,0,0,0,0,0,0,0,0,0,0,0,0,0,0,0,0,0,0,7,1,0,0,0,0,0,0,0,0,0,0,0,0,0,0,3,5,0,0,0,6,5,0,0,0,0,0,0,0,3,0,0,0,0,0,3,1,1,5,0,16,8,3,4,0,2,2,0,2,8,3,3,12,10,0,0,0,6,4,7,3,4,1,0,0,3,1,2,0,0,0,0,0,0,0,0,4,0,7,4,13,3,3,3,6,1,6,18,5,2,0,2,7,10,13,13,44,12,2,8,13,9,14,15,32,11,49,20,2,20,22,29,3,7,13,9,22,43,15,8,14,12,11,12,7,23,30,19,21,13,13,56,23,13,7,34,0,19,2,25,1,0,2,46,0,2,3,1,38,2,4,3,10,6,3,5,5,30,4,10,18,51,18,15,9,1,0,0,3,8,51,12,1,8,24,9,21,10,5,16,1,9,1,15,31,7,2,1,0,0,0,10,0,0,0,4,6,23,35,30,16,9,2,0,0,0,0,0,3,0,0,0,0,0,0,0,0,0,0,0,0,0,4,0,0,0,0,0,0,0,1,1,0,0,0,1,0,0,0,0,0,0,0,0,0,0,0,0,0,0,0,0,0,0,0,0,0,0,0,0,0,0,0,0,0,0,0,0,0,0,0,0,0,0,0,0,0,0,0,0,0,0,30.5,80.0
62,0,0,0,0,3,16,0,0,6,9,20,0,0,0,0,0,0,0,0,4,1,1,2,5,1,4,7,0,0,0,0,0,0,0,35,1,0,0,0,0,2,0,0,0,0,0,4,0,0,0,0,0,0,6,5,6,0,4,0,0,0,0,0,0,0,0,0,0,0,0,0,0,0,0,0,0,0,0,0,0,0,0,9,1,0,0,0,0,0,0,0,0,0,0,0,0,0,0,3,3,0,0,0,4,5,1,0,0,0,0,0,0,2,0,0,0,0,0,3,3,4,6,1,16,10,4,3,0,4,13,1,9,10,2,4,8,19,1,0,0,6,8,9,3,3,1,0,0,3,1,2,0,0,0,0,0,0,0,0,5,0,7,3,18,3,3,4,7,1,4,21,3,4,0,10,15,12,14,33,46,16,3,12,16,12,15,26,45,8,44,22,6,21,19,44,3,9,14,8,54,65,15,10,18,14,22,17,8,21,55,17,23,13,26,57,36,28,5,28,0,23,0,29,0,0,9,50,0,6,6,1,39,0,5,3,10,6,2,7,6,45,3,12,28,70,22,17,11,1,0,3,8,35,53,13,7,13,24,8,25,15,5,19,1,4,0,15,40,10,1,1,0,0,0,19,0,0,0,5,13,29,40,33,16,5,0,0,0,0,0,0,4,0,0,0,0,0,0,0,0,0,0,0,0,0,3,0,0,0,0,0,0,0,1,1,0,0,0,0,0,0,0,0,0,0,0,0,0,0,0,0,0,0,0,0,0,0,0,0,0,0,0,0,0,0,0,0,0,0,0,0,0,0,0,0,0,0,0,0,0,0,0,0,0,0,30.5,80.25
63,0,0,0,0,4,18,0,0,42,27,1,8,0,0,0,0,0,0,0,1,1,0,11,20,2,6,1,0,0,0,0,0,0,1,15,7,0,0,0,0,0,0,0,0,0,0,0,0,0,0,0,0,0,14,2,6,0,11,0,0,0,0,0,0,0,0,0,0,0,0,0,0,0,0,0,0,0,0,0,0,0,0,0,0,0,0,0,0,0,0,0,0,0,0,0,0,0,0,0,0,0,0,0,1,1,0,2,0,0,0,0,0,0,0,0,0,0,0,0,0,0,1,0,1,0,13,2,0,0,0,0,0,0,0,0,0,5,8,3,0,2,0,7,4,24,0,0,6,5,0,0,0,0,0,0,0,0,0,0,0,1,1,0,0,0,0,5,1,0,17,1,0,2,0,0,0,0,1,0,1,0,0,19,23,17,4,48,0,17,23,14,0,2,8,0,14,0,6,0,0,0,10,16,29,31,12,23,6,2,20,27,10,5,0,0,46,7,1,12,1,11,0,84,0,0,0,37,3,9,0,0,28,1,0,2,21,11,0,0,0,20,7,2,0,5,0,0,5,0,0,0,0,0,0,11,0,0,18,19,7,13,4,4,4,19,7,10,24,59,0,0,0,1,0,9,0,0,0,0,0,9,0,0,3,21,1,0,0,0,0,0,0,0,2,0,0,0,0,0,0,0,0,0,0,0,0,0,0,0,0,0,0,0,1,0,0,0,0,4,0,0,0,0,0,0,0,0,0,0,0,0,0,0,0,0,0,0,0,0,0,0,0,0,0,0,0,0,0,0,0,0,0,0,0,0,0,0,0,0,0,0,0,0,0,0,30.75,77.75
64,0,0,0,0,4,19,0,0,44,24,3,7,0,0,0,0,0,0,0,1,2,1,9,17,2,8,1,0,0,0,0,0,0,1,16,5,0,0,0,0,0,0,0,0,0,0,0,0,0,0,0,0,0,12,2,7,0,11,0,0,0,0,0,0,0,0,0,0,0,0,0,0,0,0,0,0,0,0,0,0,0,0,0,0,0,0,0,0,0,0,0,0,0,0,0,0,0,0,0,0,0,0,0,3,1,0,3,0,0,0,0,0,0,0,0,0,0,0,0,0,1,0,0,2,0,12,6,0,0,3,7,1,1,0,0,0,6,11,4,0,1,0,5,4,27,0,0,7,6,0,0,0,0,0,0,0,0,0,0,0,4,3,0,0,0,0,15,2,1,18,1,1,3,0,0,0,0,2,3,2,4,2,26,22,22,4,47,0,0,33,21,1,6,20,2,16,4,12,1,0,1,12,15,34,36,17,26,8,3,21,24,15,9,0,1,66,17,5,20,3,11,0,88,0,0,2,41,1,14,0,0,54,3,0,2,23,16,0,0,0,36,10,4,0,11,0,0,4,0,12,0,0,0,1,4,0,0,24,28,7,16,5,7,9,22,6,7,22,58,0,0,0,2,1,2,0,0,1,0,0,8,0,0,1,19,8,9,0,0,0,0,1,0,2,0,0,0,0,0,0,0,0,0,0,0,0,0,0,0,0,0,0,0,0,0,0,0,0,5,0,0,0,0,0,0,0,0,0,0,0,0,0,0,0,0,0,0,0,0,0,0,0,0,0,0,0,0,0,0,0,0,0,0,0,0,0,0,0,0,0,0,0,0,0,0,30.75,78.0
65,0,0,0,0,3,15,0,0,42,14,8,0,1,0,0,0,0,0,0,3,5,3,10,13,2,15,0,0,0,0,0,0,0,0,18,4,0,0,0,0,1,0,0,0,0,0,0,0,0,0,0,0,0,5,4,9,0,13,0,0,0,0,0,0,0,0,0,0,0,0,0,0,0,0,0,0,0,0,0,0,0,0,0,0,0,0,0,0,0,0,0,0,0,0,0,0,0,0,0,0,0,0,0,11,2,0,7,0,0,0,0,0,1,0,0,0,0,0,0,0,4,0,0,9,0,2,16,0,1,10,29,5,3,0,0,0,12,12,3,0,0,0,0,3,25,0,0,3,3,1,0,0,0,0,0,0,0,0,0,0,15,9,0,0,0,0,43,5,0,18,0,0,6,0,0,0,0,0,12,2,16,6,50,7,20,0,21,0,0,36,40,4,18,48,4,17,19,26,0,0,2,8,8,44,32,27,7,4,6,3,30,8,10,0,0,103,46,12,71,0,9,0,70,0,0,10,43,2,22,0,0,106,9,0,0,22,24,0,0,0,46,33,4,0,0,0,0,3,0,54,0,0,0,2,7,0,0,27,36,11,44,4,8,23,20,7,11,13,30,0,0,0,2,6,1,0,0,4,0,0,2,0,0,0,14,24,40,0,0,0,0,3,0,4,0,0,0,0,0,0,0,0,0,0,0,0,0,0,0,0,0,0,0,0,0,0,0,0,3,0,0,0,0,0,0,0,0,0,0,0,0,0,0,0,0,0,0,0,0,0,0,0,0,0,0,0,0,0,0,0,0,0,0,0,0,0,0,0,0,0,0,0,0,0,0,30.75,78.25
66,0,0,0,0,4,19,0,0,38,14,4,0,0,0,0,0,0,0,0,3,2,2,5,18,1,9,1,0,0,0,0,0,0,0,16,3,0,0,0,0,1,0,0,0,0,0,2,0,0,0,0,0,0,4,9,7,1,14,0,0,4,0,0,1,0,0,0,0,0,0,0,0,0,0,0,0,0,0,0,0,0,0,0,1,0,0,0,0,0,0,0,0,0,0,0,0,0,0,0,0,0,0,0,10,3,0,3,0,0,0,0,1,1,0,0,0,0,0,0,0,3,0,0,4,0,2,5,0,2,7,18,9,2,0,0,0,7,12,1,0,0,0,4,4,17,0,0,10,4,3,0,0,0,0,0,0,0,0,0,0,2,8,0,0,0,3,17,1,3,17,0,0,3,0,0,0,0,0,1,0,13,18,38,7,18,4,27,3,8,28,23,1,15,18,4,15,20,7,0,0,2,10,7,20,23,17,6,4,21,6,15,10,8,0,0,28,13,12,35,1,14,0,60,0,0,1,20,3,15,0,0,45,2,0,0,23,17,0,0,0,18,10,1,0,1,0,3,2,0,7,0,0,1,10,15,0,0,19,30,9,23,4,6,3,34,4,7,18,12,2,0,0,1,1,4,0,0,0,0,0,4,1,0,0,8,2,11,0,0,0,0,2,0,3,0,0,0,0,0,0,0,0,0,0,0,0,0,0,0,0,0,0,0,0,0,0,0,0,3,0,0,0,0,0,0,0,0,0,0,0,0,0,0,0,0,0,0,0,0,0,0,0,0,0,0,0,0,0,0,0,0,0,0,0,0,0,0,0,0,0,0,0,0,0,0,30.75,78.5
67,0,0,0,0,5,17,0,0,24,11,7,0,0,0,0,0,0,0,0,4,2,3,3,10,1,9,2,0,0,0,0,0,0,1,12,3,0,0,0,0,2,0,0,0,0,0,2,0,0,0,0,0,0,3,18,11,3,13,0,0,9,0,0,2,0,0,0,0,0,0,0,0,0,0,0,0,0,0,0,0,0,0,0,2,0,0,0,0,0,0,0,0,0,0,0,0,0,0,1,0,0,0,0,7,3,0,4,0,1,0,0,2,1,0,0,0,0,0,0,1,8,0,0,3,0,1,3,0,0,5,3,2,5,0,1,1,12,8,1,0,0,0,7,3,12,0,0,3,6,4,0,0,0,0,0,0,0,0,0,0,1,11,4,5,0,10,10,2,1,25,2,0,6,1,0,0,10,2,0,1,40,5,15,7,14,9,6,9,20,51,18,0,16,31,10,8,6,9,8,7,11,18,5,23,20,14,3,7,49,6,19,3,4,1,1,27,9,26,22,3,22,0,40,0,0,1,26,5,22,1,0,38,3,0,0,14,14,0,0,0,13,13,6,3,4,1,4,7,6,2,0,0,23,25,28,0,0,24,19,15,19,5,14,1,68,3,7,11,12,1,0,1,0,2,3,0,0,0,0,0,8,3,1,0,8,0,5,0,0,0,0,0,0,8,0,0,0,0,0,0,0,0,0,0,0,0,0,0,0,0,0,0,0,0,0,0,0,0,3,0,0,0,0,0,0,0,0,0,0,0,0,0,0,0,0,0,0,0,0,0,0,0,0,0,0,0,0,0,0,0,0,0,0,0,0,0,0,0,0,0,0,0,0,0,0,30.75,78.75
68,0,0,0,0,3,24,0,0,24,20,12,0,0,0,0,0,0,0,0,2,2,1,5,7,2,9,1,0,0,0,0,0,0,1,19,1,0,0,0,0,1,0,0,0,0,0,1,0,0,0,0,0,0,2,10,15,1,13,0,0,4,0,0,1,0,0,0,0,0,0,0,0,0,0,2,0,0,0,0,0,0,0,0,1,0,0,0,0,0,0,0,0,0,0,0,0,0,0,3,0,0,0,0,2,1,0,1,0,0,0,0,1,0,0,0,0,0,0,1,8,6,0,0,3,0,0,2,1,0,2,1,0,10,2,2,3,8,3,3,0,2,0,17,6,12,0,0,0,10,3,1,0,0,0,0,0,0,0,0,0,0,10,12,10,1,6,4,1,1,14,14,4,4,1,0,0,35,16,2,4,61,6,22,16,20,20,3,21,7,30,23,2,26,26,12,7,5,7,16,13,24,9,12,24,28,15,5,11,40,8,37,4,8,2,8,27,5,17,21,1,33,0,51,1,0,4,46,4,12,3,0,56,6,1,0,18,19,0,0,3,17,19,9,5,7,3,12,12,14,1,0,0,43,18,23,0,2,20,21,15,12,6,15,0,26,4,8,16,9,1,0,0,0,2,1,0,0,1,1,3,6,16,24,5,4,1,2,0,0,0,4,1,0,3,0,0,0,0,0,0,0,0,0,0,0,0,0,0,0,0,0,0,0,0,0,0,0,0,1,0,0,0,0,0,0,0,0,0,0,0,0,0,0,0,0,0,0,0,0,0,0,0,0,0,0,0,0,0,0,0,0,0,0,0,0,0,0,0,0,0,0,0,0,0,0,30.75,79.0
69,0,0,0,0,5,36,0,0,16,16,10,0,0,0,0,0,0,0,0,2,1,2,6,6,1,6,1,0,0,0,0,0,0,1,19,0,0,0,0,0,1,0,0,0,0,0,1,0,0,0,0,0,0,4,12,19,0,12,0,0,1,0,0,0,0,0,0,0,0,0,0,0,0,0,4,0,0,0,0,0,0,0,0,0,0,0,0,0,0,0,0,0,0,0,0,0,0,0,1,4,0,0,0,4,1,0,0,0,0,1,0,0,1,0,0,0,0,0,2,4,2,0,0,2,0,0,0,1,0,1,1,0,6,2,1,9,8,0,2,0,2,0,10,3,8,0,0,0,4,1,0,0,0,0,0,0,0,0,0,0,0,4,6,5,4,2,1,1,0,7,18,5,3,1,0,0,39,21,3,10,41,5,14,14,13,11,2,36,0,28,21,7,28,31,29,5,3,11,8,11,24,3,8,19,23,10,9,8,33,5,27,6,15,1,5,18,8,16,36,0,29,3,40,1,0,3,42,2,6,1,0,39,6,1,0,10,13,4,0,2,17,12,3,2,20,5,10,6,5,0,0,0,21,15,10,0,3,17,18,15,9,5,8,1,12,4,10,17,7,4,0,0,0,1,2,0,0,1,1,2,7,29,28,6,10,4,1,0,0,0,3,1,0,1,0,0,0,0,0,0,0,0,0,0,0,3,0,0,0,0,0,0,0,0,1,0,0,0,3,0,0,0,0,0,0,0,0,0,0,0,0,0,0,0,0,0,0,0,0,0,0,0,0,0,0,0,0,0,0,0,0,0,0,0,0,0,0,0,0,0,0,0,0,0,0,30.75,79.25
70,0,0,0,0,6,39,0,0,13,14,10,0,0,0,0,0,0,0,0,3,1,3,6,6,1,6,1,0,0,0,0,0,0,1,17,0,0,0,0,1,2,0,0,0,0,0,0,0,0,0,0,0,0,5,14,21,0,12,0,0,0,0,0,0,0,0,0,0,0,0,0,0,0,0,3,0,0,0,0,0,0,0,0,0,0,0,0,0,0,0,0,0,0,0,0,0,0,0,1,5,0,0,0,5,1,0,0,0,0,1,0,1,1,0,0,0,0,0,2,3,2,0,0,2,0,0,0,1,0,1,1,0,4,2,1,11,9,0,1,0,2,1,7,2,7,0,0,0,3,1,0,0,0,0,0,0,0,0,0,0,0,3,4,5,4,1,1,1,0,8,18,5,3,0,0,0,35,18,2,11,31,4,12,11,11,7,2,34,0,31,19,7,25,31,33,4,2,13,6,12,19,2,5,15,19,8,9,7,32,4,22,6,17,1,3,15,9,16,35,0,26,4,33,2,0,3,36,2,6,1,0,30,6,1,0,7,11,6,0,1,15,9,2,1,23,6,10,4,3,0,0,0,19,17,8,0,2,18,16,15,8,4,7,1,15,3,10,16,8,5,0,0,0,0,2,0,0,1,0,1,7,30,25,5,12,5,0,0,0,0,2,0,0,0,0,0,0,0,0,0,0,0,0,0,0,4,0,0,0,0,0,0,0,0,1,0,0,0,4,0,0,0,0,0,0,0,0,0,0,0,0,0,0,0,0,0,0,0,0,0,0,0,0,0,0,0,0,0,0,0,0,0,0,0,0,0,0,0,0,0,0,0,0,0,0,30.75,79.5
71,0,0,0,0,5,36,0,0,14,15,11,0,0,0,0,0,0,0,0,3,1,2,5,6,1,5,2,0,0,0,0,0,0,1,21,0,0,0,0,0,1,0,0,0,0,0,1,0,0,0,0,0,0,4,12,18,0,11,0,0,1,0,0,0,0,0,0,0,0,0,0,0,0,0,4,0,0,0,0,0,0,0,1,0,0,0,0,0,0,0,0,0,0,0,0,0,0,0,1,5,0,0,0,5,1,0,0,0,0,1,0,0,1,0,0,0,0,0,2,3,1,1,0,5,2,0,0,1,0,1,1,0,5,2,0,11,9,0,2,0,3,1,9,2,7,0,0,0,3,0,0,0,0,0,0,0,0,0,0,1,0,3,4,4,4,1,1,2,0,7,19,6,3,0,0,1,33,20,3,11,34,5,10,14,11,12,4,38,0,31,17,7,26,31,31,5,3,12,5,11,26,2,7,18,20,10,10,7,31,7,24,8,15,2,15,17,9,16,38,0,23,3,36,1,0,3,41,1,6,1,0,39,6,1,0,8,11,4,1,2,15,9,2,2,25,7,9,6,2,0,0,0,8,18,9,0,3,18,17,17,9,4,7,1,13,3,10,19,6,4,0,0,0,0,3,0,0,1,1,3,10,32,30,7,10,4,1,0,0,0,3,1,0,1,0,0,0,0,0,0,0,0,0,0,0,3,0,0,0,0,0,0,0,0,1,0,0,0,3,0,0,0,0,0,0,0,0,0,0,0,0,0,0,0,0,0,0,0,0,0,0,0,0,0,0,0,0,0,0,0,0,0,0,0,0,0,0,0,0,0,0,0,0,0,0,30.75,79.75
72,0,0,0,0,5,27,0,0,6,10,16,0,0,0,0,0,0,0,0,4,1,2,4,4,1,5,4,0,0,0,0,0,0,1,23,0,0,0,0,0,1,0,0,0,0,0,3,0,0,0,0,0,0,5,12,15,0,7,0,0,0,0,0,0,0,0,0,0,0,0,0,0,0,0,2,0,0,0,0,0,0,0,5,1,0,0,0,0,0,0,0,0,0,0,0,0,0,0,2,6,0,0,0,6,4,0,0,0,0,1,0,0,2,0,0,0,0,0,3,1,1,4,0,14,7,2,2,0,1,2,0,1,6,2,1,13,11,0,0,0,5,3,4,2,5,1,0,0,1,1,1,0,0,0,0,0,0,0,0,4,0,7,3,12,4,2,1,6,1,7,17,5,3,0,2,5,20,16,9,31,20,2,9,13,8,10,12,38,6,48,21,5,25,28,32,4,6,15,9,21,37,10,8,16,16,10,11,8,22,23,20,18,13,6,48,22,10,10,38,0,22,2,26,1,0,3,41,1,4,3,1,33,3,3,3,9,6,4,4,2,24,4,7,11,47,15,13,8,1,0,0,2,9,43,11,1,6,23,11,20,10,5,12,1,12,1,13,26,6,3,1,0,0,0,9,0,0,0,2,4,19,34,26,12,10,3,0,0,0,0,0,2,0,0,0,0,0,0,0,0,0,0,0,0,0,5,0,0,0,0,0,0,0,1,1,0,0,0,2,0,0,0,0,0,0,0,0,0,0,0,0,0,0,0,0,0,0,0,0,0,0,0,0,0,0,0,0,0,0,0,0,0,0,0,0,0,0,0,0,0,0,0,0,0,0,30.75,80.0
73,0,0,0,0,7,17,3,0,30,24,1,9,0,0,0,0,0,0,0,2,0,0,13,21,1,7,0,0,0,0,0,0,0,1,14,8,0,0,0,0,0,0,0,0,0,0,0,0,0,0,0,0,0,12,2,6,0,13,0,0,0,0,0,0,0,0,0,0,0,0,0,0,0,0,0,0,0,0,0,0,0,0,0,0,0,0,0,0,0,0,0,0,0,0,0,0,0,0,0,0,0,0,0,2,0,0,1,0,0,0,0,0,0,0,0,0,0,0,0,0,0,0,0,5,0,13,4,0,0,1,3,1,1,0,0,0,8,8,2,0,2,0,13,5,21,0,0,0,6,0,0,0,0,0,0,0,0,0,0,0,1,1,0,2,0,0,8,6,3,16,1,2,1,0,0,0,0,0,1,0,2,0,18,14,13,14,35,0,30,24,12,3,2,21,4,5,4,7,0,0,0,4,13,19,20,16,15,3,10,8,23,5,15,0,0,27,10,1,17,2,10,0,69,0,0,1,33,12,8,0,0,37,5,0,1,18,9,0,0,0,17,8,2,0,0,0,1,3,0,11,0,0,0,0,8,0,0,15,14,12,12,3,4,5,14,9,12,23,51,0,3,1,1,1,8,0,0,0,0,0,3,0,0,11,22,3,5,0,0,0,0,0,0,1,0,0,0,0,0,0,0,0,0,0,0,0,0,0,0,0,0,0,0,3,0,0,0,0,6,0,0,0,0,0,0,0,0,0,0,0,0,0,0,0,0,0,0,0,0,0,0,0,0,0,0,0,0,0,0,0,0,0,0,0,0,0,0,0,0,0,0,0,0,0,0,31.0,78.0
74,0,0,0,0,4,16,0,0,37,13,6,0,0,0,0,0,0,0,0,3,3,2,7,15,2,11,0,0,0,0,0,0,0,1,15,4,0,0,0,1,1,0,0,0,0,0,1,0,0,0,0,0,0,5,8,8,1,13,0,0,3,0,0,1,0,0,0,0,0,0,0,0,0,0,0,0,0,0,0,0,0,0,0,0,0,0,0,0,0,0,0,0,0,0,0,0,0,0,0,0,0,0,0,9,3,0,4,0,0,0,0,1,1,0,0,0,0,0,0,0,4,0,0,6,0,2,9,0,1,7,20,7,2,0,0,0,9,11,2,0,0,0,3,3,19,0,0,6,3,2,0,0,0,0,0,0,0,0,0,0,6,8,0,0,0,3,25,2,2,17,1,0,4,0,0,0,0,0,5,1,15,13,38,6,17,3,21,2,6,31,26,2,15,30,5,15,18,14,0,0,2,11,6,27,24,19,6,4,17,5,19,7,8,0,0,52,23,13,44,1,11,0,58,0,0,4,26,3,17,0,0,62,4,0,0,20,18,0,0,0,26,17,2,0,0,0,2,3,0,22,0,0,0,8,12,0,0,22,29,9,30,3,7,10,31,6,8,15,19,1,0,0,1,3,3,0,0,2,0,0,4,0,0,0,11,10,20,0,0,0,0,2,0,4,0,0,0,0,0,0,0,0,0,0,0,0,0,0,0,0,0,0,0,1,0,0,0,0,4,0,0,0,0,0,0,0,0,0,0,0,0,0,0,0,0,0,0,0,0,0,0,0,0,0,0,0,0,0,0,0,0,0,0,0,0,0,0,0,0,0,0,0,0,0,0,31.0,78.25
75,0,0,0,0,5,17,0,0,32,12,6,0,0,0,0,0,0,0,0,4,3,3,5,13,1,10,1,0,0,0,0,0,0,1,13,4,0,0,0,1,2,0,0,0,0,0,2,0,0,0,0,0,0,4,13,9,2,13,0,0,6,0,0,2,0,0,0,0,0,0,0,0,0,0,0,0,0,0,0,0,0,0,0,1,0,0,0,0,0,0,0,0,0,0,0,0,0,0,0,0,0,0,0,9,3,0,5,0,1,0,0,1,1,0,0,0,0,0,0,0,6,0,0,5,0,2,7,0,1,6,13,5,2,0,0,0,11,10,2,0,0,0,4,3,16,0,0,5,4,3,0,0,0,0,0,0,0,0,0,0,3,9,0,0,0,6,19,2,1,22,0,0,5,0,0,0,0,0,2,0,23,10,23,6,16,7,16,5,15,43,19,1,13,30,7,12,12,11,0,0,4,15,6,25,21,17,5,4,36,5,17,5,5,0,0,37,17,21,36,2,12,0,49,0,0,2,25,3,20,0,0,52,3,0,0,17,15,0,0,0,17,13,2,1,1,0,1,4,0,11,0,0,1,16,20,0,0,24,26,13,25,5,10,5,57,4,8,13,15,1,0,1,1,2,3,0,0,1,0,0,6,2,0,0,10,6,13,0,0,0,0,1,0,6,0,0,0,0,0,0,0,0,0,0,0,0,0,0,0,0,0,0,0,0,0,0,0,0,4,0,0,0,0,0,0,0,0,0,0,0,0,0,0,0,0,0,0,0,0,0,0,0,0,0,0,0,0,0,0,0,0,0,0,0,0,0,0,0,0,0,0,0,0,0,0,31.0,78.5
76,0,0,0,0,5,17,0,0,25,12,7,0,0,0,0,0,0,0,0,4,2,2,4,10,1,9,1,0,0,0,0,0,0,1,12,3,0,0,0,0,2,0,0,0,0,0,2,0,0,0,0,0,0,4,17,11,3,13,0,0,8,0,0,2,0,0,0,0,0,0,0,0,0,0,0,0,0,0,0,0,0,0,0,1,0,0,0,0,0,0,0,0,0,0,0,0,0,0,2,0,0,0,0,7,3,0,4,0,1,0,0,1,1,0,0,0,0,0,0,1,8,0,0,4,0,1,4,0,1,5,6,3,5,0,1,1,12,8,1,0,0,0,6,3,13,0,0,3,6,4,0,0,0,0,0,0,0,0,0,0,2,11,3,5,0,8,12,2,1,23,2,0,6,1,0,0,9,2,1,1,37,7,22,7,15,8,9,8,17,47,21,0,17,31,9,9,9,10,7,6,10,17,6,24,21,15,4,7,44,6,20,4,5,1,1,33,11,23,27,3,22,0,45,0,0,2,26,4,21,1,0,42,3,0,0,15,16,0,0,0,17,14,6,3,3,1,4,7,6,5,0,0,22,22,26,0,0,23,21,13,22,5,14,2,60,3,7,12,12,1,0,1,0,3,3,0,0,0,0,0,7,3,1,0,8,2,8,0,0,0,0,1,0,7,0,0,0,0,0,0,0,0,0,0,0,0,0,0,0,0,0,0,0,0,0,0,0,0,3,0,0,0,0,0,0,0,0,0,0,0,0,0,0,0,0,0,0,0,0,0,0,0,0,0,0,0,0,0,0,0,0,0,0,0,0,0,0,0,0,0,0,0,0,0,0,31.0,78.75
77,0,0,0,0,5,23,0,0,22,15,11,0,0,0,0,0,0,0,0,4,2,2,5,8,2,9,2,0,0,0,0,0,0,1,15,2,0,0,0,0,2,0,0,0,0,0,1,0,0,0,0,0,0,3,16,15,2,13,0,0,6,0,0,2,0,0,0,0,0,0,0,0,0,0,0,0,0,0,0,0,0,0,0,1,0,0,0,0,0,0,0,0,0,0,0,0,0,0,2,1,0,0,0,4,2,0,3,0,1,0,0,1,1,0,0,0,0,0,1,5,7,0,0,3,0,1,2,1,0,3,1,1,7,1,2,3,10,4,2,0,1,0,12,4,11,0,0,1,8,4,0,0,0,0,0,0,0,0,0,0,1,9,7,7,0,7,6,1,1,19,10,3,5,1,0,0,21,8,1,3,46,5,16,11,17,15,3,13,13,41,18,0,19,27,13,7,5,9,11,11,15,13,8,20,21,12,5,8,45,6,28,3,7,1,4,25,7,22,19,2,24,1,41,1,0,2,35,4,15,2,0,45,5,1,0,13,16,1,0,2,12,15,7,4,7,3,9,9,9,1,0,0,32,22,24,0,1,22,18,15,15,5,14,1,47,4,8,14,10,1,0,1,0,2,2,0,0,1,0,2,8,13,15,3,6,1,3,0,0,0,2,0,0,5,0,0,0,0,0,0,0,0,0,0,0,1,0,0,0,0,0,0,0,0,0,0,0,0,3,0,0,0,0,0,0,0,0,0,0,0,0,0,0,0,0,0,0,0,0,0,0,0,0,0,0,0,0,0,0,0,0,0,0,0,0,0,0,0,0,0,0,0,0,0,0,31.0,79.0
78,0,0,0,0,4,34,0,0,17,18,11,0,0,0,0,0,0,0,0,2,1,2,6,6,1,7,1,0,0,0,0,0,0,1,19,0,0,0,0,0,1,0,0,0,0,0,1,0,0,0,0,0,0,3,10,18,0,12,0,0,1,0,0,0,0,0,0,0,0,0,0,0,0,0,4,0,0,0,0,0,0,0,0,0,0,0,0,0,0,0,0,0,0,0,0,0,0,0,2,3,0,0,0,4,1,0,0,0,0,1,0,0,1,0,0,0,0,0,2,5,3,0,0,3,0,0,1,1,0,1,1,0,8,2,1,8,8,0,2,0,2,0,12,4,9,0,0,0,5,1,0,0,0,0,0,0,0,0,0,0,0,5,8,7,4,3,1,1,1,7,18,5,3,1,0,0,42,22,3,10,49,5,18,16,15,13,2,36,0,26,23,7,29,31,27,5,3,10,11,13,27,3,9,21,26,12,8,10,33,6,30,5,14,1,6,21,7,15,34,0,33,3,44,1,0,4,45,2,7,2,0,42,6,1,0,13,15,3,0,3,20,14,5,3,18,5,11,8,8,0,0,0,30,15,13,0,3,17,19,16,9,5,10,1,10,4,9,17,8,3,0,0,0,1,1,0,0,1,1,2,6,27,27,6,8,3,1,0,0,0,3,1,0,1,0,0,0,0,0,0,0,0,0,0,0,2,0,0,0,0,0,0,0,0,0,0,0,0,2,0,0,0,0,0,0,0,0,0,0,0,0,0,0,0,0,0,0,0,0,0,0,0,0,0,0,0,0,0,0,0,0,0,0,0,0,0,0,0,0,0,0,0,0,0,0,31.0,79.25
79,0,0,0,0,5,36,0,0,15,16,10,0,0,0,0,0,0,0,0,2,1,3,6,6,1,6,1,0,0,0,0,0,0,1,19,0,0,0,0,0,1,0,0,0,0,0,1,0,0,0,0,0,0,4,12,19,0,12,0,0,1,0,0,0,0,0,0,0,0,0,0,0,0,0,4,0,0,0,0,0,0,0,0,0,0,0,0,0,0,0,0,0,0,0,0,0,0,0,1,4,0,0,0,5,1,0,0,0,0,1,0,0,1,0,0,0,0,0,2,4,2,0,0,2,0,0,0,1,0,1,1,0,6,2,1,10,8,0,2,0,2,0,10,3,8,0,0,0,4,1,0,0,0,0,0,0,0,0,0,0,0,4,6,5,4,2,1,1,0,7,18,5,3,1,0,0,39,21,3,11,41,5,14,14,13,10,2,37,0,28,21,7,28,32,30,5,2,11,8,12,24,3,7,19,23,10,9,8,33,5,26,6,16,1,5,18,8,16,37,0,30,3,39,1,0,3,41,2,7,1,0,38,6,1,0,10,13,4,0,2,18,11,3,2,20,5,10,6,5,0,0,0,22,15,10,0,3,17,18,15,9,5,8,1,13,4,10,17,8,4,0,0,0,1,2,0,0,1,0,2,7,29,27,5,10,4,1,0,0,0,3,0,0,1,0,0,0,0,0,0,0,0,0,0,0,3,0,0,0,0,0,0,0,0,1,0,0,0,3,0,0,0,0,0,0,0,0,0,0,0,0,0,0,0,0,0,0,0,0,0,0,0,0,0,0,0,0,0,0,0,0,0,0,0,0,0,0,0,0,0,0,0,0,0,0,31.0,79.5
80,0,0,0,0,6,38,0,0,15,15,10,0,0,0,0,0,0,0,0,2,1,3,6,6,1,5,2,0,0,0,0,0,0,1,20,0,0,0,0,0,1,0,0,0,0,0,1,0,0,0,0,0,0,4,12,19,0,12,0,0,1,0,0,0,0,0,0,0,0,0,0,0,0,0,4,0,0,0,0,0,0,0,1,0,0,0,0,0,0,0,0,0,0,0,0,0,0,0,0,5,0,0,0,5,1,0,0,0,0,1,0,0,1,0,0,0,0,0,2,4,1,1,0,3,1,0,0,1,0,1,1,0,4,2,0,10,8,0,2,0,3,1,9,2,7,0,0,0,3,0,0,0,0,0,0,0,0,0,0,1,0,3,4,4,4,1,1,2,0,7,19,6,3,0,0,0,33,20,3,10,32,5,9,13,11,12,3,36,0,30,17,7,25,30,31,5,3,12,4,10,23,2,6,17,19,9,10,6,32,6,24,7,15,1,11,16,9,17,37,0,22,4,36,2,0,2,40,1,5,0,0,39,6,1,0,8,12,5,1,2,14,9,1,1,23,6,9,5,2,0,0,0,8,17,9,0,3,18,17,16,9,4,7,1,14,3,10,18,7,5,0,0,0,0,3,0,0,1,1,3,9,32,30,7,11,4,1,0,0,0,3,1,0,0,0,0,0,0,0,0,0,0,0,0,0,4,0,0,0,0,0,0,0,0,1,0,0,0,3,0,0,0,0,0,0,0,0,0,0,0,0,0,0,0,0,0,0,0,0,0,0,0,0,0,0,0,0,0,0,0,0,0,0,0,0,0,0,0,0,0,0,0,0,0,0,31.0,79.75
81,0,0,0,0,10,12,0,0,21,8,9,0,0,0,0,0,0,0,0,1,0,1,11,19,2,8,0,0,0,0,0,0,0,5,6,2,0,0,0,7,1,0,0,0,0,0,0,0,0,1,1,0,0,7,2,13,1,5,0,0,0,0,5,0,0,0,0,0,0,0,0,0,0,0,0,0,0,0,0,1,0,0,0,0,0,0,0,0,0,0,0,0,0,0,0,0,0,0,0,0,0,0,0,3,1,0,1,0,0,1,0,5,1,0,0,0,0,0,1,0,2,1,0,9,0,0,1,0,0,1,5,1,1,0,0,0,1,1,0,2,2,0,2,1,8,0,0,0,1,0,1,0,0,0,0,0,0,0,0,0,2,1,0,0,0,0,8,2,0,5,3,2,2,0,0,0,0,0,2,0,2,4,6,4,2,2,3,0,0,3,2,1,5,14,5,6,1,7,0,0,0,3,2,7,7,7,1,6,2,1,4,2,5,0,0,16,11,4,13,0,1,0,13,3,0,1,5,3,4,0,0,7,2,1,0,1,1,0,0,0,2,2,0,0,0,0,0,0,0,3,0,0,0,0,0,0,1,12,5,4,5,1,1,5,7,14,3,12,29,0,0,0,0,0,0,0,1,0,0,0,1,0,0,0,8,2,2,0,0,0,0,0,0,0,0,0,0,0,0,0,0,0,0,0,0,0,0,0,0,0,0,0,0,8,0,0,0,0,7,0,0,0,0,0,0,0,0,0,0,0,0,0,0,0,0,0,0,0,0,0,0,0,0,0,0,0,0,0,0,0,0,0,0,0,0,0,0,0,0,0,0,0,0,4,4,31.25,78.25
82,0,0,0,0,4,21,0,0,24,17,11,0,0,0,0,0,0,0,0,3,2,2,5,8,1,8,2,0,0,0,0,0,0,1,17,2,0,0,0,0,1,0,0,0,0,0,2,0,0,0,0,0,0,3,12,13,2,12,0,0,6,0,0,2,0,0,0,0,0,0,0,0,0,0,0,0,0,0,0,0,0,0,0,1,0,0,0,0,0,0,0,0,0,0,0,0,0,0,2,0,0,0,0,3,1,0,2,0,0,0,0,1,0,0,0,0,0,0,0,6,6,0,0,3,0,0,2,1,0,3,1,0,7,1,2,1,8,4,2,0,1,0,11,4,11,0,0,0,9,3,0,0,0,0,0,0,0,0,0,0,0,8,9,6,0,6,5,1,1,17,10,3,4,1,0,0,21,10,1,3,44,6,15,12,17,19,3,11,11,33,16,0,18,22,8,7,5,6,10,8,15,11,9,20,21,13,4,8,46,6,26,3,7,1,4,25,5,19,16,2,21,0,44,1,0,2,38,4,13,2,0,51,5,1,0,14,17,0,0,3,11,15,7,3,4,2,9,10,10,1,0,0,29,18,23,0,2,20,19,14,13,5,13,0,38,5,7,14,8,1,0,1,0,2,1,0,0,1,1,2,7,12,19,4,4,1,3,0,0,0,4,1,0,4,0,0,0,0,0,0,0,0,0,0,0,0,0,0,0,0,0,0,0,0,0,0,0,0,2,0,0,0,0,0,0,0,0,0,0,0,0,0,0,0,0,0,0,0,0,0,0,0,0,0,0,0,0,0,0,0,0,0,0,0,0,0,0,0,0,0,0,0,0,0,0,31.25,79.0
