Days,1901,1902,1903,1904,1905,1906,1907,1908,1909,1910,1911,1912,1913,1914,1915,1916,1917,1918,1919,1920,1921,1922,1923,1924,1925,1926,1927,1928,1929,1930,1931,1932,1933,1934,1935,1936,1937,1938,1939,1940,1942,1943,1944,1945,1946,1947,1948,1949,1950,1951,1952,1953,1954,1955,1956,1957,1958,1960,1961,1962,1963,1964,1965,1966,1967,1968,1969,1970,1971,1972,1973,1974,1975,1976,1977,1978,1979,1980,1981,1982,1983,1984,1985,1986,1987,1988,1989,1990,1991,1992,1993,1994,1995,1996,1997,1998,1999
1,24,0,0,0,0,0,0,0,0,0,0,0,0,0,0,0,0,0,0,0,0,22,0,0,0,0,0,17,0,0,0,0,0,0,0,0,0,3,0,0,0,0,0,5,0,0,0,0,0,0,0,8,27,0,0,0,0,0,9,0,7,0,0,0,0,0,0,0,0,0,0,0,1,0,0,0,0,0,0,0,0,0,2,0,0,0,0,0,9,0,0,0,0,0,0,0,0
2,0,0,0,0,0,0,0,0,0,0,0,20,0,0,0,0,0,0,0,0,0,0,0,0,0,7,0,0,0,0,0,0,0,0,0,0,0,0,0,0,0,5,0,5,0,0,0,0,0,0,0,0,11,0,11,27,0,0,0,0,0,0,0,0,0,1,0,0,0,0,0,0,1,0,0,0,0,0,0,4,0,0,0,0,0,0,0,0,0,0,0,0,29,0,0,0,0
3,0,0,0,0,0,0,0,0,0,0,0,0,0,0,0,0,0,0,0,0,0,0,0,0,0,0,16,1,0,0,0,0,0,0,0,0,0,1,0,0,0,0,0,0,4,0,0,0,0,0,0,0,0,0,0,0,0,0,0,0,0,0,0,0,0,0,0,0,0,0,0,0,0,0,0,0,0,0,0,0,0,0,4,0,0,0,0,0,23,0,0,0,0,0,1,0,0
4,0,0,0,0,0,0,3,0,0,0,0,0,0,0,0,0,2,0,0,0,0,0,0,0,0,0,0,0,0,0,0,0,0,0,0,0,0,0,0,0,0,0,0,0,2,0,0,9,0,0,0,0,0,0,0,0,0,0,0,0,0,0,0,0,0,0,0,0,0,0,0,0,0,0,0,0,0,0,0,0,0,0,0,0,0,0,0,0,0,0,0,0,0,7,0,0,0
5,0,0,0,0,0,0,17,0,0,0,0,0,0,0,0,0,0,0,0,0,0,0,0,0,3,0,0,0,0,0,1,0,0,0,0,0,0,0,0,0,0,0,0,0,5,0,0,0,0,0,0,0,0,0,0,0,0,0,0,0,0,0,0,0,0,0,0,0,0,0,0,0,0,0,0,0,0,0,0,0,0,0,0,0,0,0,0,0,0,0,0,0,0,6,0,0,0
6,0,0,0,0,0,0,1,0,0,0,0,0,0,0,0,0,0,0,0,0,0,0,0,0,0,0,0,0,0,0,0,0,6,1,0,0,0,0,0,0,0,18,0,0,0,0,0,0,0,0,0,0,0,0,0,0,0,0,0,0,0,0,0,0,0,0,0,0,0,0,0,0,0,0,0,0,0,0,0,0,3,0,3,0,0,0,0,0,0,0,0,0,0,0,0,0,0
7,0,0,0,0,0,0,5,7,0,0,0,0,0,0,0,0,0,0,0,0,0,0,0,0,0,0,0,0,0,0,0,0,26,0,0,0,0,0,0,0,0,0,0,0,0,0,0,0,0,0,0,0,0,0,0,0,0,0,0,0,0,0,0,0,0,0,0,0,4,0,0,0,0,0,0,0,0,0,0,0,0,0,0,0,0,0,0,0,7,0,0,0,0,0,0,0,0
8,0,0,0,0,0,0,0,0,0,0,0,0,0,0,0,0,0,0,0,0,0,0,0,0,0,0,0,0,0,0,0,0,0,0,0,0,0,0,0,0,1,0,0,0,0,0,0,0,0,0,0,0,0,0,0,0,0,0,0,0,0,0,0,0,0,0,0,0,8,0,0,0,0,0,24,0,0,0,0,0,3,0,0,0,0,0,0,0,20,0,0,0,0,0,0,0,0
9,0,0,0,0,0,0,0,0,0,0,0,0,0,0,0,0,0,0,0,0,2,0,0,0,0,0,0,0,0,0,0,0,0,0,0,0,0,0,0,0,5,0,0,0,0,0,0,0,0,0,0,0,0,0,0,0,0,0,0,0,0,0,0,0,0,8,0,0,5,0,0,0,0,1,0,0,11,0,0,0,28,0,0,0,0,0,0,0,0,0,0,1,0,0,0,0,0
10,0,0,0,0,0,0,2,0,0,0,0,0,0,0,0,5,0,0,0,0,0,0,0,0,0,0,0,0,0,0,0,0,0,0,0,0,0,0,0,0,4,0,0,0,0,0,0,0,0,0,0,0,0,0,0,0,0,0,0,0,0,0,0,0,0,0,1,0,0,0,0,0,0,0,1,0,0,0,10,0,70,0,0,0,0,0,0,0,0,0,0,0,0,0,0,0,0
11,0,0,0,0,0,0,7,0,23,0,0,0,0,0,0,0,0,0,0,0,0,0,0,0,0,0,0,0,0,0,0,0,0,0,0,0,0,0,0,0,0,0,0,0,0,0,0,0,0,0,0,0,0,0,0,0,0,0,0,0,0,10,0,0,0,0,2,0,4,0,0,0,0,0,4,29,0,0,0,0,5,0,0,0,0,0,0,0,0,0,0,0,0,0,0,0,0
12,0,0,0,0,0,0,0,0,1,0,0,0,0,0,0,0,0,0,0,0,0,0,0,0,0,0,0,0,0,0,0,0,0,0,0,0,0,0,0,0,0,0,0,0,0,0,0,0,0,0,0,4,0,0,0,0,0,0,0,0,0,0,0,0,0,0,0,0,23,0,0,0,0,0,0,0,0,0,3,0,0,0,0,0,1,0,0,0,0,0,0,0,0,0,0,0,0
13,0,0,0,0,0,0,13,13,4,0,0,2,0,0,0,0,0,0,0,0,0,0,0,0,0,0,0,0,0,0,0,0,0,9,0,0,0,0,0,0,0,0,0,8,0,0,0,0,0,0,0,0,0,0,0,0,0,0,0,0,0,0,0,0,0,1,0,0,0,0,0,0,0,0,0,0,0,0,0,0,0,0,0,0,0,0,0,0,0,3,0,0,0,0,0,0,0
14,0,0,0,0,0,0,0,0,2,0,0,0,0,0,0,0,0,0,0,0,0,0,0,0,0,0,0,0,0,0,0,0,0,0,0,0,0,0,0,3,0,0,0,0,0,0,0,0,0,0,0,1,0,0,0,0,1,0,0,0,0,0,0,0,0,0,0,0,3,0,0,0,0,0,0,0,0,0,0,3,0,0,0,0,0,0,0,0,0,0,0,0,0,0,0,0,0
15,0,0,0,0,0,0,0,0,15,0,0,0,0,0,0,0,24,0,0,0,0,0,0,0,0,0,0,0,0,0,0,0,0,0,0,0,0,0,0,2,0,0,0,2,0,0,0,0,0,0,0,0,0,0,0,0,3,0,0,2,0,0,0,0,0,0,2,0,11,0,0,0,0,0,0,0,0,0,0,0,0,0,0,0,0,4,0,0,0,0,0,0,0,0,0,0,0
16,0,0,0,0,0,0,0,0,2,0,0,0,0,0,0,0,8,0,0,0,0,0,0,0,0,0,0,0,0,0,0,0,6,0,0,0,0,0,0,0,0,2,0,0,0,0,0,0,0,0,0,0,0,0,0,0,0,0,0,0,0,0,0,0,0,0,0,0,13,0,0,0,0,0,0,0,0,0,0,0,0,0,0,0,0,0,0,0,0,0,0,0,0,0,0,0,0
17,0,0,0,0,20,0,0,0,7,0,6,2,0,0,0,0,0,0,0,0,8,0,0,0,2,0,0,0,0,0,0,0,0,0,0,0,0,0,0,0,0,8,0,0,5,0,0,0,0,0,12,0,0,0,0,0,0,0,0,0,0,0,0,0,0,0,0,0,0,0,0,0,0,0,0,0,0,0,1,0,0,0,0,0,0,0,0,0,0,0,0,2,0,0,0,0,0
18,0,0,0,0,3,0,0,0,0,0,0,0,0,0,0,0,0,0,9,0,0,0,0,0,11,0,0,0,2,0,0,0,0,0,0,0,0,0,0,0,0,0,0,1,0,0,0,0,0,0,0,0,0,0,0,0,0,0,0,0,0,1,0,0,0,0,0,0,0,0,0,0,0,0,0,2,0,0,0,0,0,4,0,1,0,0,0,0,0,0,0,0,0,0,0,0,0
19,0,3,0,0,1,0,0,0,0,0,0,0,0,0,0,0,0,0,2,0,0,0,0,0,0,0,0,0,0,0,0,0,0,1,0,0,0,0,0,0,0,0,0,2,3,0,0,0,0,0,0,0,0,0,0,0,0,0,0,0,0,0,0,0,0,0,0,0,0,0,0,0,0,15,0,1,0,0,0,0,0,0,0,1,1,0,0,0,0,0,0,0,0,0,0,0,0
20,0,12,0,0,0,0,0,0,0,0,0,1,0,0,0,0,0,0,0,0,0,0,0,0,0,0,0,0,0,1,0,2,0,0,0,0,0,0,0,0,0,0,0,4,0,0,0,0,0,0,0,0,0,0,0,0,0,0,0,0,0,0,0,0,0,0,0,0,0,0,0,0,0,0,0,0,0,0,0,2,0,0,0,24,0,0,0,0,0,0,5,0,0,1,0,0,0
21,0,1,0,0,2,0,0,0,4,0,0,0,0,0,0,0,0,0,0,0,0,0,0,0,0,0,0,0,0,0,0,1,0,0,0,0,0,0,0,0,0,0,0,0,0,0,0,0,0,0,0,0,0,0,0,0,0,0,0,2,0,0,0,0,0,0,0,0,0,0,0,0,0,1,0,0,0,0,0,3,0,0,0,0,0,8,0,0,0,0,0,0,0,15,0,25,0
22,0,0,0,0,0,0,0,0,0,0,0,0,0,0,0,0,0,0,0,0,0,0,0,0,0,0,0,0,0,0,0,0,0,0,0,0,0,0,0,0,0,0,0,0,0,0,0,0,0,0,0,0,0,0,0,0,6,0,0,0,0,0,0,0,0,8,0,0,0,0,0,0,0,0,0,0,0,0,0,0,0,0,0,3,0,0,0,1,0,0,0,0,0,19,0,0,0
23,0,0,0,0,0,0,0,0,0,0,0,0,0,0,0,0,0,0,0,0,0,0,0,0,0,0,0,0,0,0,0,0,0,0,0,0,0,0,0,0,0,0,0,0,0,0,0,0,0,0,0,0,0,0,0,0,2,0,0,3,0,0,0,0,0,0,2,0,0,0,0,0,0,0,1,0,0,0,0,10,0,0,0,0,0,0,0,0,0,0,21,0,0,0,0,0,0
24,0,0,0,0,0,0,0,5,1,0,0,0,0,0,0,0,0,0,0,2,0,0,0,0,0,0,0,0,0,0,0,0,0,26,0,0,0,0,0,0,1,0,0,0,0,0,0,0,0,0,0,0,0,2,0,0,0,0,0,0,0,0,0,0,0,1,0,0,0,0,2,0,0,0,0,0,0,0,0,0,0,0,0,0,2,0,0,0,0,12,0,5,0,0,0,0,0
25,0,0,0,0,0,0,0,0,0,0,0,0,0,0,0,0,0,0,0,0,0,0,0,1,0,0,0,0,0,0,0,0,0,0,0,0,0,0,0,0,0,0,0,0,0,0,0,0,0,0,0,2,0,0,0,0,0,0,0,4,0,0,0,0,0,0,2,0,11,0,0,0,0,0,1,0,1,0,0,0,0,4,0,0,5,0,0,0,0,0,0,0,0,0,0,0,0
26,0,0,0,0,0,0,0,0,0,0,0,0,0,0,0,0,0,0,0,0,0,0,0,0,0,0,0,0,0,0,0,0,1,0,0,0,0,0,0,0,0,0,0,0,0,0,0,0,0,0,0,1,0,0,0,0,0,0,1,0,0,0,0,0,0,0,1,0,0,0,0,0,0,0,1,0,0,0,0,0,3,0,0,0,4,0,0,0,0,1,0,0,0,0,0,0,0
27,0,0,0,0,0,0,0,0,0,0,0,0,0,0,0,0,0,0,0,0,0,0,0,0,0,0,0,0,0,0,0,0,25,0,0,0,0,0,0,0,0,0,0,0,0,0,0,0,0,2,0,0,0,0,0,0,0,0,1,0,0,0,0,0,0,2,1,0,0,0,0,0,0,0,5,0,0,0,0,0,0,0,0,0,19,0,0,0,0,2,0,0,0,0,0,0,0
28,0,0,0,0,0,0,0,0,0,0,0,0,0,0,0,0,0,0,1,0,0,0,0,1,0,0,5,0,0,0,0,0,0,0,0,0,0,0,0,0,0,0,0,0,0,0,0,6,0,3,0,4,0,0,0,0,0,0,0,2,0,0,0,0,0,0,1,0,0,0,0,0,0,0,0,0,0,0,0,0,0,0,0,0,0,0,0,0,4,1,0,0,0,0,0,0,0
29,0,0,0,0,0,0,0,0,0,0,0,7,0,1,0,0,0,0,0,0,0,0,0,2,0,0,1,0,0,0,0,0,0,0,0,0,0,0,0,0,0,0,0,0,0,2,0,0,0,0,0,0,0,3,0,0,0,0,0,0,0,0,0,0,0,0,0,0,0,1,0,0,1,0,6,0,0,0,0,0,0,0,0,0,6,0,0,0,0,0,0,0,0,0,0,0,0
30,0,0,0,0,0,0,0,0,0,0,0,0,0,42,0,0,0,0,0,0,0,0,0,3,0,0,0,0,0,0,0,0,1,13,0,0,0,0,0,0,2,0,0,0,0,1,0,0,0,0,0,0,0,0,0,0,0,0,0,0,0,0,0,0,0,0,0,0,0,0,0,0,0,0,0,0,0,0,0,0,0,0,0,0,0,3,0,0,0,0,0,0,0,0,0,0,0
31,6,0,0,5,0,0,0,0,0,0,0,0,0,0,0,0,5,0,0,0,0,0,0,1,0,0,0,0,0,0,0,0,1,0,0,0,0,0,0,0,0,0,0,0,5,0,5,0,0,0,0,9,0,0,0,0,0,0,0,0,0,0,0,0,0,0,0,0,0,0,0,0,0,0,1,0,0,0,22,0,0,0,0,0,10,0,0,0,0,27,0,0,0,0,0,0,0
32,0,0,0,0,0,0,0,0,0,0,0,0,0,0,11,0,0,31,0,0,0,0,0,0,0,0,0,0,0,0,0,0,2,0,0,0,3,0,0,0,0,0,0,0,0,0,0,0,0,0,0,2,0,0,0,0,0,0,3,2,0,1,0,0,0,0,0,1,0,0,0,0,0,0,4,0,0,0,0,0,0,0,0,0,3,10,0,2,0,0,0,0,0,0,0,0,0
33,0,0,0,1,1,0,0,0,0,0,0,0,2,1,0,0,4,0,0,0,0,0,0,0,0,0,6,0,0,0,17,0,17,0,0,0,0,0,0,0,0,0,0,0,0,0,0,14,0,0,0,7,0,0,0,0,0,0,8,0,0,0,0,1,0,0,0,0,1,0,0,0,0,0,0,0,0,0,0,0,0,0,0,0,0,0,0,0,0,0,0,0,0,0,1,48,0
34,0,0,0,0,0,0,0,0,0,0,0,6,0,13,0,0,1,0,16,0,0,0,0,0,0,2,0,0,0,0,0,0,8,0,0,0,4,0,0,0,0,0,0,0,0,0,0,0,0,0,0,0,0,0,0,0,0,0,0,0,0,0,0,5,0,0,0,0,0,0,0,0,0,0,0,0,0,0,4,0,0,0,0,0,0,0,0,0,0,0,0,0,1,0,0,0,0
35,2,0,0,0,0,0,0,0,0,0,0,0,0,0,0,0,0,0,0,0,0,0,6,1,0,1,0,0,0,0,0,0,0,19,0,0,0,0,0,0,0,0,0,0,0,0,0,0,0,0,0,0,0,0,0,0,0,2,0,0,0,0,0,0,0,0,0,0,0,0,0,0,0,0,0,0,0,0,3,0,0,0,0,0,0,0,0,0,0,0,0,4,0,0,0,0,0
36,0,1,0,6,0,0,0,0,0,0,0,0,0,16,0,0,0,0,0,3,0,0,0,0,0,0,0,13,0,0,0,0,0,0,0,0,2,0,0,0,0,0,0,0,4,0,0,0,0,0,0,0,0,0,0,0,0,0,0,0,0,0,0,23,0,0,0,0,0,0,3,0,0,0,18,0,0,0,0,0,3,3,0,3,0,4,0,1,0,0,9,4,0,0,0,1,0
37,0,0,0,0,0,0,0,32,0,0,0,0,0,9,9,14,0,0,0,1,0,0,2,0,0,5,0,0,0,0,0,0,0,0,0,0,0,0,0,0,0,0,0,0,0,0,0,0,0,0,0,0,0,0,0,0,0,0,0,0,6,0,0,6,0,0,0,0,0,0,0,0,0,0,3,0,0,0,15,0,1,0,0,0,0,0,0,0,0,0,9,1,0,0,0,0,0
38,0,5,0,0,0,0,0,0,0,0,0,0,1,0,0,0,41,0,0,0,0,0,0,0,0,13,0,0,0,0,0,0,0,0,0,0,0,0,0,0,0,0,0,0,21,0,0,0,0,0,0,0,0,0,0,0,1,0,0,0,0,7,0,1,16,0,1,0,12,0,3,0,0,0,0,4,0,0,0,5,0,0,1,0,0,0,0,1,0,0,0,0,0,0,0,0,10
39,0,0,1,0,0,0,0,0,0,0,0,34,0,0,0,0,0,0,0,0,0,0,6,0,0,0,0,0,0,2,40,0,0,0,0,0,0,0,0,0,7,0,0,0,3,0,0,4,0,0,0,0,0,0,15,0,0,0,0,0,0,15,0,0,0,0,1,0,2,0,0,0,0,2,0,0,0,0,0,19,1,0,3,0,0,0,2,0,0,0,0,0,0,0,0,0,21
40,0,0,0,9,0,0,0,0,0,0,0,0,5,0,0,0,0,11,11,0,0,0,1,0,0,0,0,0,2,3,0,0,0,0,0,0,0,0,0,0,4,0,0,0,0,0,0,0,0,0,0,0,0,0,25,0,0,0,0,0,0,6,0,0,0,0,0,0,0,0,0,28,1,0,0,0,0,0,0,17,0,0,8,0,0,0,0,5,0,0,0,0,0,0,0,0,0
41,0,0,0,7,0,0,0,0,0,0,0,0,0,0,0,0,0,0,0,0,0,0,0,0,0,0,1,0,0,0,0,0,0,0,0,3,0,0,0,0,3,0,0,0,27,0,0,0,0,0,0,0,0,0,0,0,0,0,0,0,0,1,0,0,0,0,0,0,21,0,0,0,0,64,0,0,52,0,0,0,0,0,0,0,0,0,0,0,0,0,0,0,0,0,0,0,40
42,0,0,0,2,0,0,0,0,15,0,0,0,7,0,0,0,0,0,1,2,0,0,0,0,0,7,0,0,0,0,0,0,0,0,0,0,0,1,0,0,0,0,0,0,11,0,0,2,0,0,0,0,0,0,9,0,2,0,0,0,0,0,0,0,0,0,0,0,16,0,0,2,0,3,4,0,8,1,0,0,0,0,0,10,0,0,0,28,0,0,0,0,0,0,0,0,0
43,1,0,0,0,0,0,1,0,0,0,0,0,0,2,0,0,0,0,2,9,0,0,0,0,0,0,0,0,0,0,0,0,0,0,0,0,0,0,0,0,0,0,0,0,20,0,0,0,0,0,0,0,0,0,0,0,0,1,0,0,0,0,0,0,0,0,0,0,0,0,0,0,12,0,0,0,0,0,0,0,40,0,0,0,0,0,0,0,0,0,0,0,0,0,0,1,0
44,1,0,0,0,0,6,0,0,0,0,0,0,0,2,0,0,0,0,0,2,0,0,0,0,0,0,0,0,0,0,0,0,0,0,0,0,1,0,0,0,0,0,0,9,9,0,0,0,0,0,0,0,0,0,0,0,0,3,0,0,0,0,0,0,0,0,0,0,0,0,0,0,2,0,0,0,0,0,0,0,4,0,0,0,0,0,0,0,0,0,2,0,0,0,0,15,0
45,0,0,0,0,0,0,0,0,0,0,0,0,1,0,0,0,0,0,0,0,0,0,3,0,1,0,0,0,0,0,0,0,0,0,0,0,1,0,0,0,0,0,0,2,1,0,0,0,4,0,0,0,0,0,0,0,0,4,0,0,0,0,0,0,0,0,17,0,0,0,0,0,0,1,0,0,0,0,0,0,0,0,0,0,0,18,2,0,0,0,0,0,0,0,0,0,4
46,7,0,0,0,0,0,0,0,2,0,0,0,0,0,0,0,0,0,0,0,1,0,0,0,0,0,0,0,0,19,0,0,0,0,0,0,0,0,0,0,0,0,0,0,0,0,0,0,0,1,0,0,0,0,0,14,0,3,0,0,0,0,0,0,0,0,12,0,0,0,0,0,0,0,0,1,0,0,0,0,0,0,0,0,0,0,0,0,0,0,0,0,0,0,0,0,0
47,0,0,0,0,0,0,16,0,0,0,0,0,12,0,0,0,11,0,0,0,0,0,0,0,0,0,0,0,0,0,0,0,0,0,0,0,4,0,3,0,0,0,0,0,0,0,0,2,21,0,0,0,0,0,0,1,0,0,0,0,0,0,0,0,0,0,0,0,8,0,0,0,0,0,0,2,0,0,0,0,0,0,0,1,0,0,3,2,0,0,0,0,0,0,0,0,0
48,0,0,0,0,0,0,0,0,0,0,0,2,4,0,0,0,0,0,0,0,0,0,5,0,0,0,0,0,0,0,0,0,0,0,0,0,0,0,11,5,0,0,0,0,0,0,0,20,0,0,2,0,0,0,0,0,0,0,0,0,0,0,0,0,0,4,0,8,0,0,0,0,0,16,0,0,0,0,0,1,0,0,0,0,0,0,0,0,0,0,3,0,0,0,0,0,5
49,15,0,0,0,0,0,0,0,0,0,0,0,2,0,0,0,0,0,0,1,0,0,0,0,0,0,0,0,0,0,0,0,0,0,0,0,0,0,0,13,0,0,0,0,0,0,0,0,0,0,0,0,0,0,0,0,0,0,0,0,0,1,0,0,0,0,0,3,1,0,0,0,2,0,0,0,0,0,1,0,1,0,0,0,0,0,0,0,0,0,0,1,0,0,0,0,0
50,0,0,0,0,0,0,0,0,0,0,0,0,0,0,0,0,0,0,0,0,0,0,0,1,0,0,0,0,0,0,0,0,0,0,0,0,0,0,0,0,0,0,0,0,0,0,0,0,0,0,0,0,0,0,0,0,0,0,1,0,0,5,4,0,0,0,0,0,0,0,0,0,2,0,5,0,0,0,0,0,3,0,3,0,0,0,0,0,0,0,0,0,0,0,1,0,0
51,0,0,0,0,0,0,0,0,0,0,0,0,0,0,0,0,1,0,0,0,0,0,0,0,0,0,0,0,0,0,0,0,0,0,0,25,0,0,0,0,0,0,0,0,0,0,7,0,0,0,0,0,0,0,0,0,0,0,0,0,0,3,4,0,0,0,0,0,0,0,0,0,0,0,3,0,1,0,0,0,0,0,0,0,0,6,41,0,0,0,0,0,0,0,0,0,2
52,0,0,0,1,0,0,0,0,0,0,0,1,0,0,0,0,0,0,0,0,0,1,0,2,0,0,0,0,0,0,0,0,8,0,0,0,5,8,0,0,0,0,0,0,0,3,5,7,0,0,0,0,0,0,0,0,0,4,0,0,0,0,0,0,0,0,0,0,57,0,0,0,0,0,0,0,0,0,0,0,0,0,0,0,0,0,2,1,0,0,0,3,0,0,0,0,0
53,0,0,9,0,0,1,22,0,0,4,0,0,0,0,0,0,0,0,0,20,0,5,0,0,0,0,8,0,0,0,0,0,0,0,0,8,0,0,0,0,3,0,0,0,0,0,0,0,0,10,0,0,0,0,1,0,0,3,0,0,0,0,0,0,0,0,0,0,18,0,0,0,0,0,3,0,1,0,0,0,0,0,0,0,0,0,0,0,20,51,0,0,0,0,0,0,0
54,0,8,7,0,0,2,0,0,0,0,0,0,0,0,0,0,0,0,0,3,0,0,0,0,0,0,0,0,0,0,0,0,0,0,0,0,0,1,0,0,3,0,0,0,0,0,2,0,0,0,0,0,0,0,0,0,0,0,0,0,0,0,0,0,0,0,0,1,1,0,0,0,0,0,0,0,0,0,14,0,0,0,0,0,0,0,0,10,0,0,0,0,0,0,0,0,0
55,0,0,9,10,0,0,10,0,0,12,0,0,0,0,0,0,0,0,0,0,0,0,0,0,0,0,30,0,0,0,0,0,0,0,0,41,0,0,0,0,0,0,0,0,0,5,0,11,0,0,0,0,0,0,4,0,0,0,0,0,1,0,0,0,0,0,0,0,27,0,0,0,0,0,0,0,0,0,0,0,0,0,0,0,0,0,0,0,0,0,2,2,0,0,0,0,0
56,0,0,0,0,0,0,9,0,0,0,0,0,0,0,0,0,0,0,0,0,0,0,0,0,0,0,0,0,0,0,3,0,0,0,0,0,0,14,0,2,0,0,0,5,4,0,0,1,0,0,0,0,0,0,0,0,0,0,0,0,0,0,0,0,0,0,0,0,16,0,0,0,0,0,0,0,0,0,0,0,0,0,0,0,0,0,0,27,0,0,1,0,0,0,0,0,0
57,26,0,0,2,0,0,0,0,0,0,3,0,0,0,0,0,0,0,0,0,0,0,0,0,0,0,0,0,0,1,0,0,0,0,6,0,0,8,0,0,0,0,0,0,0,0,0,0,0,0,0,0,0,0,0,0,2,0,0,0,2,0,0,0,0,0,0,0,0,0,0,0,0,0,0,0,3,0,0,0,0,0,0,0,0,0,0,0,0,0,0,5,0,0,0,0,0
58,0,0,0,0,5,0,0,0,0,0,0,0,0,0,0,0,0,0,0,0,0,0,0,0,3,0,0,0,0,0,0,0,0,0,0,0,2,0,0,0,0,0,0,0,4,0,0,1,3,0,9,0,0,0,15,0,0,0,0,0,7,0,0,2,0,0,13,0,10,0,0,0,0,0,0,0,0,5,0,0,0,1,0,0,0,0,2,1,0,0,1,0,0,0,0,0,0
59,0,0,0,0,0,0,0,0,0,0,0,0,21,3,0,0,0,0,0,0,0,0,0,0,8,0,0,78,0,0,0,0,0,0,0,0,0,0,0,0,0,0,0,1,1,0,0,0,2,0,0,0,8,0,2,0,0,0,0,0,0,0,0,0,0,0,0,1,0,0,0,0,0,0,0,0,0,0,0,0,0,16,0,0,0,0,0,0,6,0,0,0,0,0,2,0,0
60,12,0,0,0,0,0,0,0,2,0,0,0,0,6,0,0,0,0,0,0,16,0,0,0,0,0,0,0,0,0,0,0,0,0,0,0,0,1,0,0,0,0,0,0,0,0,0,0,0,0,0,0,3,0,9,1,0,0,0,1,0,0,0,0,0,0,0,2,2,0,0,0,3,0,0,0,0,0,15,0,0,0,0,0,0,0,1,0,3,0,0,0,0,0,2,0,0
61,1,0,0,0,15,0,0,0,0,0,1,0,0,0,0,6,0,0,0,0,0,4,0,0,0,0,0,0,1,0,0,0,0,0,0,6,0,45,0,0,0,0,1,0,2,0,0,2,0,0,0,0,34,0,4,11,0,0,0,0,6,0,0,0,0,4,0,0,1,0,0,0,0,0,0,0,0,3,1,0,0,0,0,0,0,0,1,0,1,0,0,0,0,0,0,0,0
62,0,0,0,0,5,0,0,0,0,0,0,0,0,0,0,19,25,1,0,0,0,0,1,0,2,0,0,0,5,0,0,0,0,0,0,28,0,0,0,0,0,0,0,0,0,0,0,12,0,0,0,0,0,0,3,7,0,0,0,0,11,0,0,0,0,1,0,1,21,0,0,0,9,0,0,0,0,0,1,0,0,0,0,0,0,4,0,0,0,0,0,0,0,0,0,0,0
63,0,0,0,0,5,0,0,0,0,0,0,0,0,20,0,0,15,3,0,0,0,0,0,0,0,0,0,0,0,0,0,0,0,3,0,74,0,4,0,0,0,0,0,0,0,0,0,0,0,0,16,0,12,0,0,5,0,0,0,0,5,0,0,0,0,2,0,0,18,0,0,0,2,0,0,0,0,3,0,0,0,0,0,0,0,6,7,0,36,0,0,0,0,0,2,0,1
64,0,3,7,0,0,0,0,0,0,0,0,0,0,17,0,0,6,0,0,0,0,0,0,0,0,0,0,0,0,0,0,0,0,0,0,9,0,0,1,0,0,0,70,0,0,34,0,0,0,1,1,0,6,0,14,0,0,0,0,0,1,0,0,0,0,3,0,16,0,0,0,1,1,0,2,0,0,26,0,1,0,26,0,0,0,0,17,0,93,0,0,0,0,0,6,0,2
65,0,5,0,0,0,0,0,0,0,0,0,0,0,0,15,0,0,3,0,0,0,26,0,0,0,0,0,1,0,0,0,0,4,0,0,30,0,1,14,0,0,0,0,0,0,1,0,0,0,3,1,0,3,0,11,0,0,0,0,0,31,0,0,0,0,1,0,1,23,0,0,1,0,28,0,0,0,0,0,0,0,43,0,0,0,4,6,0,8,0,0,0,0,3,0,0,0
66,0,0,0,0,0,0,0,0,15,0,0,0,0,0,0,0,0,5,0,0,0,7,0,0,37,0,0,37,0,0,0,0,1,0,0,0,0,0,2,0,0,0,0,0,0,0,0,0,0,0,13,0,3,0,18,0,0,0,0,0,0,0,0,0,0,0,0,0,0,0,0,2,0,33,2,0,0,0,0,0,0,15,1,0,0,0,0,0,0,0,0,0,0,1,0,0,0
67,0,0,0,0,0,0,0,0,13,0,0,1,0,0,0,0,0,25,16,0,0,0,0,0,55,0,0,5,0,0,0,0,0,0,0,0,0,0,0,0,0,0,0,0,0,0,0,0,0,0,1,0,0,0,7,0,0,0,10,2,0,0,0,0,0,0,0,0,0,0,3,0,0,30,12,0,0,0,0,1,0,2,1,0,0,0,0,0,27,0,0,0,0,2,0,0,0
68,0,0,0,0,13,0,0,0,0,0,0,0,0,0,0,0,0,0,0,0,0,0,0,0,0,0,0,0,0,0,0,0,0,0,0,0,0,0,0,0,9,0,0,0,0,0,0,0,0,1,0,28,0,0,0,0,0,0,0,0,19,0,0,0,0,0,0,0,0,0,0,0,0,0,0,0,0,0,0,0,0,27,0,0,0,0,0,0,0,0,0,6,0,29,0,0,0
69,0,0,0,0,0,0,0,3,2,0,0,0,0,4,2,0,34,50,0,0,0,0,0,0,0,0,1,9,0,0,0,0,0,0,0,0,7,0,0,0,0,0,0,0,2,1,0,0,0,0,0,0,0,5,0,7,0,0,5,2,0,0,0,0,0,2,0,0,32,0,2,0,0,74,0,0,0,0,18,27,0,69,2,0,46,0,0,0,1,0,0,0,0,0,0,0,0
70,0,15,0,0,0,7,0,1,55,0,0,6,0,0,13,0,0,11,0,0,0,0,0,0,3,0,0,0,0,0,0,0,0,0,0,2,5,0,0,0,0,0,0,0,0,28,0,0,3,0,0,0,0,5,3,0,0,0,15,2,0,0,0,0,2,3,0,0,0,0,10,0,0,6,1,74,0,0,0,5,0,0,0,0,20,0,0,0,0,0,0,0,0,0,0,0,0
71,0,50,1,0,0,0,0,0,12,8,0,0,0,0,0,0,0,3,1,0,0,0,0,0,2,0,0,69,0,0,0,0,0,0,0,5,17,10,0,0,0,14,0,0,3,0,0,7,12,0,0,0,0,0,0,0,0,0,7,17,0,0,0,0,1,0,0,0,0,0,15,0,0,1,0,0,0,9,0,0,8,46,0,0,0,2,0,0,40,19,0,16,0,6,0,0,1
72,0,0,1,0,0,0,0,0,45,0,0,0,0,0,0,1,0,51,0,0,0,0,0,0,0,0,0,1,0,0,0,0,0,0,38,0,0,6,0,0,0,10,0,0,4,0,0,0,5,0,0,0,1,1,1,0,0,0,1,19,4,0,0,0,2,4,0,6,0,0,48,0,0,24,0,0,14,0,0,4,0,20,0,0,0,1,0,0,21,0,0,0,0,0,0,0,2
73,0,0,7,0,0,0,0,0,93,11,5,1,22,0,0,0,0,20,2,4,5,0,0,0,0,0,0,81,0,0,0,0,0,0,0,1,2,18,2,0,0,0,0,0,31,0,0,0,0,0,0,0,1,1,2,0,0,0,4,13,0,0,0,0,0,2,0,1,1,0,50,0,0,12,0,0,0,23,0,6,6,3,0,0,0,0,0,0,0,0,1,1,0,32,0,0,0
74,13,0,0,0,0,0,0,0,0,17,64,0,12,0,0,1,0,25,0,0,0,0,0,0,0,0,0,3,9,2,0,0,10,0,0,0,1,120,0,0,0,2,0,0,0,0,0,0,48,0,0,3,0,16,1,0,0,0,0,7,0,0,0,0,0,3,0,21,4,0,17,0,0,3,0,9,4,1,0,8,0,3,0,3,0,0,44,0,29,0,2,0,0,5,0,0,0
75,33,0,2,0,0,0,0,0,0,71,13,0,0,0,0,7,0,24,0,0,1,2,0,0,0,0,0,10,0,0,28,0,0,0,0,3,3,26,5,0,0,13,1,0,1,0,0,0,17,0,0,6,0,9,0,0,0,0,0,2,18,0,0,12,4,0,0,24,3,0,87,0,0,4,0,4,3,0,0,17,0,2,0,0,0,6,4,3,0,0,2,0,0,2,0,0,7
76,0,0,2,0,0,0,0,0,41,36,16,0,0,0,0,0,8,17,2,0,15,0,0,0,0,0,0,0,0,9,2,0,3,49,0,0,0,0,0,0,7,94,0,0,16,3,0,0,16,3,0,0,0,3,0,0,0,0,3,0,21,0,0,1,11,19,0,3,29,0,0,0,0,5,0,0,4,4,0,29,0,10,0,1,0,0,0,10,0,0,14,7,0,11,0,5,27
77,0,0,0,0,0,0,2,2,2,4,4,0,0,0,8,0,0,2,9,0,4,0,0,0,0,0,0,0,0,0,3,0,0,27,0,35,0,0,14,21,18,126,0,0,0,0,0,0,16,0,0,0,12,0,0,0,0,0,0,0,1,0,0,33,6,29,0,26,13,0,0,37,0,25,7,15,0,0,0,29,0,1,0,49,0,8,3,1,0,0,1,0,0,0,0,55,0
78,0,0,0,1,1,14,8,0,9,3,0,0,0,0,6,0,0,0,26,3,0,0,4,0,0,0,1,0,1,25,0,0,0,0,0,11,0,3,0,1,0,2,0,4,5,0,0,0,0,0,1,0,10,1,0,0,2,0,15,0,15,0,0,0,2,0,0,56,2,0,65,17,12,42,0,8,0,2,2,13,0,0,2,0,0,3,0,48,24,21,20,0,9,12,0,0,4
79,0,0,0,0,0,0,0,0,1,6,0,0,0,0,0,0,0,0,0,0,0,0,0,0,0,0,0,0,0,0,0,0,0,0,0,0,0,0,0,0,27,0,0,0,0,0,0,0,0,5,0,6,0,0,0,0,0,0,0,0,0,0,0,0,0,0,0,0,0,0,0,0,0,0,0,0,40,0,0,0,0,4,0,0,7,0,0,0,0,0,0,0,0,23,0,0,0
80,0,0,0,0,18,1,0,1,1,1,2,0,0,0,0,0,3,2,5,1,0,0,1,0,0,0,5,0,1,0,0,0,0,33,0,0,0,22,15,0,0,0,5,0,8,0,0,0,2,0,4,15,2,12,12,0,0,0,0,0,0,0,0,16,7,2,18,0,0,0,0,14,1,7,11,24,0,2,1,0,0,17,0,2,0,9,9,0,1,0,0,0,13,1,4,0,2
81,0,0,0,0,1,0,0,23,6,0,0,0,0,0,0,5,70,29,1,2,1,0,0,0,8,20,121,0,0,4,1,0,0,0,0,3,12,30,0,15,1,0,0,0,9,0,0,0,9,0,8,0,5,37,7,0,0,0,6,1,0,2,1,0,0,4,1,0,0,0,0,0,101,3,5,79,9,5,0,0,0,12,2,7,0,0,0,0,0,4,0,0,43,0,1,0,0
82,0,26,0,0,2,0,0,101,0,0,0,0,0,0,0,33,23,0,0,0,18,0,0,0,30,4,74,0,2,6,0,0,0,1,0,0,0,45,0,11,0,1,4,1,15,0,0,0,11,0,0,3,6,10,21,5,0,0,8,5,0,7,0,0,0,6,0,0,10,0,64,0,37,0,0,32,20,0,44,0,0,65,0,0,0,0,2,3,0,7,0,36,58,1,0,0,9
83,0,0,0,7,0,0,15,18,0,30,0,25,0,0,2,7,47,17,0,0,0,14,1,0,54,0,0,4,0,6,50,0,33,1,0,39,0,30,18,0,0,0,1,3,1,0,0,0,24,0,1,4,0,0,0,0,0,0,22,7,0,11,3,0,0,0,0,0,2,0,53,0,105,0,0,25,10,11,4,1,0,0,0,0,0,24,0,48,0,217,0,12,1,2,0,0,0
84,0,0,0,53,1,0,0,0,0,0,1,0,7,0,15,40,0,1,0,5,26,3,0,0,19,0,0,0,39,0,76,20,1,58,0,24,0,25,2,0,65,0,0,3,4,0,3,0,27,0,33,31,0,0,2,13,0,32,33,37,0,0,7,14,7,3,1,0,15,0,0,20,34,0,2,5,50,0,1,4,0,0,0,0,2,1,6,33,0,26,10,25,5,73,0,0,11
85,0,0,0,140,0,20,0,0,0,20,0,0,41,2,1,26,0,2,0,28,126,0,1,0,0,0,14,10,4,0,0,0,2,17,0,48,2,0,29,0,40,0,10,17,8,0,9,0,0,0,23,5,0,0,3,3,1,27,0,20,2,6,11,9,12,66,0,5,0,2,3,0,5,0,2,25,0,1,38,4,4,0,38,67,0,17,18,18,0,61,125,18,0,12,30,0,0
86,0,0,0,1,0,0,0,0,15,10,0,0,36,1,8,1,0,8,0,38,27,8,0,0,0,0,0,0,8,48,0,28,13,4,0,62,0,4,6,0,2,0,26,23,15,5,0,4,0,0,8,3,3,0,22,5,0,0,0,11,0,5,0,12,0,47,0,0,0,34,0,0,0,0,34,3,22,3,58,15,2,7,88,6,0,0,48,5,0,55,10,6,0,0,0,0,0
87,0,0,68,0,0,14,0,0,0,0,4,0,6,0,0,6,14,0,2,131,105,0,2,0,0,0,0,17,5,2,0,0,4,5,0,45,22,13,6,23,26,0,51,1,0,0,0,26,85,0,3,12,0,34,0,15,13,0,0,3,0,41,0,21,3,0,3,0,7,3,0,0,2,0,1,112,5,52,26,0,22,7,1,14,0,29,21,10,0,1,13,63,0,1,9,1,0
88,0,0,0,0,0,55,0,0,1,0,0,0,3,0,42,48,17,0,8,24,15,35,10,0,1,0,0,0,4,0,0,0,21,22,0,37,15,14,1,5,0,0,53,7,5,1,9,4,30,30,14,25,0,29,0,1,4,7,0,1,0,0,5,17,42,2,0,1,10,3,4,0,1,0,4,3,0,2,0,0,130,4,81,35,0,67,0,52,0,0,34,2,118,1,0,110,27
89,0,0,1,0,0,14,0,0,7,0,0,0,12,0,7,0,2,0,0,93,0,0,0,0,1,0,0,0,31,0,0,0,25,19,1,82,2,0,27,0,19,0,6,0,15,19,1,2,25,4,41,2,4,3,0,12,2,20,0,0,17,7,0,8,35,23,23,0,0,0,8,0,3,0,31,6,0,4,65,3,16,32,3,13,0,5,0,1,0,10,13,1,34,0,27,4,23
90,0,0,0,0,0,0,0,0,4,0,0,0,0,0,0,0,0,0,0,0,0,0,0,0,1,0,0,0,0,0,0,0,0,0,0,0,0,0,0,0,15,0,0,0,0,0,0,0,0,0,0,0,0,0,0,10,0,0,0,0,0,0,0,0,0,0,0,0,0,0,0,0,0,0,0,0,0,0,0,0,0,0,0,0,0,0,0,0,0,0,0,0,0,0,0,0,0
91,0,0,0,0,0,3,0,0,58,0,0,0,10,0,0,0,11,0,0,31,10,0,0,7,1,0,28,0,23,7,0,10,18,5,0,6,0,8,2,2,0,0,46,1,42,5,0,0,25,5,11,5,0,0,0,0,5,38,14,0,0,8,4,18,0,9,0,0,3,0,49,5,4,0,0,8,107,45,47,1,6,70,20,37,0,4,14,5,0,24,0,13,0,68,50,31,14
92,0,0,0,0,0,6,32,63,17,20,0,0,57,1,1,0,0,20,0,51,3,8,0,41,8,0,1,8,2,3,0,0,12,7,0,4,0,3,11,5,9,1,0,0,0,11,0,0,7,5,16,3,0,1,6,9,37,0,23,0,7,32,0,21,4,3,22,0,2,0,10,2,39,0,1,33,26,23,39,6,0,64,7,0,0,19,0,0,58,1,0,3,0,42,1,26,0
93,0,0,0,0,0,4,0,4,71,13,0,0,17,18,0,0,0,0,16,7,0,0,13,38,1,0,18,14,1,28,0,1,24,33,0,5,1,17,4,2,38,0,0,0,9,22,0,0,3,20,8,4,0,9,5,1,52,0,0,0,0,0,0,10,5,2,0,0,13,0,0,5,3,19,1,4,78,14,5,0,0,0,0,0,0,2,7,0,32,0,0,0,2,25,8,87,1
94,0,0,0,0,0,2,0,77,35,30,0,0,0,165,4,0,13,7,0,1,0,54,1,42,29,10,9,2,0,0,3,0,9,0,39,0,31,0,0,18,64,5,1,9,39,14,7,0,37,14,17,26,0,31,54,0,0,0,0,0,20,0,8,1,0,0,1,0,35,2,0,11,4,2,0,10,4,15,20,0,7,25,0,0,0,3,1,20,4,0,0,0,35,0,7,15,19
95,0,1,0,0,3,0,0,151,16,46,0,0,0,12,8,1,18,20,0,1,0,10,0,45,29,3,17,0,0,0,23,0,3,6,20,0,49,1,0,7,10,2,10,27,3,2,4,0,71,18,5,17,22,51,19,0,12,0,0,0,8,0,9,0,0,0,0,0,71,0,0,12,0,0,4,3,0,31,15,0,3,1,0,0,1,0,10,0,4,1,22,90,4,0,0,0,42
96,0,1,0,2,9,0,0,20,5,0,0,0,0,79,45,16,0,54,0,19,0,44,1,5,34,51,4,0,7,0,0,0,46,0,26,2,0,1,0,10,2,4,1,1,16,6,8,0,7,25,0,26,31,28,30,0,11,0,0,0,18,0,12,0,5,24,1,2,75,12,1,11,20,12,0,0,1,0,4,0,3,4,2,0,1,15,0,13,3,1,0,2,45,0,84,9,0
97,0,12,0,0,62,1,0,0,1,0,0,0,0,16,4,0,44,5,0,14,0,6,1,9,0,65,65,1,1,1,0,1,2,4,0,1,5,7,5,49,0,0,24,0,2,37,15,46,43,0,0,0,5,27,20,1,3,0,0,0,0,21,0,0,6,16,1,3,7,8,7,1,30,10,105,51,0,2,3,0,26,63,11,0,2,0,0,57,0,0,1,1,8,0,7,0,12
98,0,9,0,0,6,13,0,30,57,0,0,0,0,5,8,0,20,4,12,23,0,9,5,28,21,0,22,4,2,106,69,46,35,0,0,0,2,21,0,17,0,0,47,0,13,20,13,0,4,0,16,1,0,14,1,31,0,0,1,0,14,38,0,0,27,14,0,0,6,29,7,0,0,1,7,57,1,0,16,0,0,2,43,0,19,50,39,11,0,0,0,2,7,8,66,2,0
99,0,10,0,0,0,15,0,27,63,0,0,22,2,3,5,31,0,12,5,56,0,0,0,28,19,2,0,15,0,43,0,28,39,8,0,58,31,57,0,31,0,25,11,47,27,22,0,2,31,0,0,7,0,28,3,31,16,0,13,0,1,0,0,0,10,6,3,5,66,2,0,0,2,29,1,9,0,4,10,0,0,95,11,9,2,116,61,28,0,0,20,12,70,0,3,126,57
100,14,33,0,13,0,24,0,5,46,0,0,1,0,2,0,14,5,46,10,1,0,0,10,17,1,0,31,0,37,33,0,2,6,21,5,21,6,63,8,27,1,0,89,15,24,13,4,11,13,0,19,4,7,13,0,29,32,8,16,3,8,29,0,0,2,0,0,0,0,31,7,6,0,0,4,0,0,57,0,0,0,7,50,32,38,30,10,33,1,0,12,49,34,0,53,13,49
101,0,0,0,2,1,0,0,0,0,0,0,0,0,0,0,0,0,0,28,0,0,0,0,0,5,0,0,0,0,0,0,0,0,0,0,0,0,0,0,17,0,0,0,0,0,0,0,0,0,0,0,0,2,0,0,0,0,0,0,0,0,0,0,0,0,0,0,0,0,0,0,0,0,0,0,0,0,0,0,0,0,0,0,0,0,0,0,0,0,0,0,0,0,0,0,0,0
102,4,3,0,23,0,1,0,3,12,0,0,15,0,0,0,0,11,48,6,0,37,71,1,0,31,0,7,1,9,2,1,0,15,23,19,15,0,13,1,19,10,7,43,34,88,3,6,37,1,0,7,5,0,3,8,61,0,32,23,8,24,26,8,0,44,38,37,2,2,3,0,0,5,18,36,33,20,18,16,0,0,12,15,55,0,0,31,136,0,0,0,10,1,1,0,14,0
103,13,12,0,2,0,19,0,0,44,35,18,0,0,7,0,4,10,2,1,0,11,0,5,48,29,5,0,99,10,0,1,0,5,2,5,24,1,0,0,14,0,1,0,26,68,1,0,79,31,14,4,51,21,1,0,11,6,62,12,11,7,36,0,0,27,0,7,2,6,0,7,2,1,26,15,0,34,4,13,0,0,77,10,229,17,0,2,306,0,0,50,1,10,23,119,22,0
104,38,0,0,0,44,6,0,1,37,1,36,0,1,0,0,45,34,1,1,0,5,2,26,6,30,0,0,31,8,0,0,0,2,0,10,94,84,38,21,6,0,0,27,8,39,0,66,5,21,4,15,44,40,71,0,0,3,14,5,0,21,19,0,0,0,2,21,6,31,9,0,0,1,58,18,0,2,0,0,0,4,3,13,268,0,11,37,38,38,0,23,46,19,3,47,38,8
105,32,0,0,0,23,3,0,3,11,1,26,34,5,1,0,11,33,14,0,33,12,38,24,0,5,0,0,23,35,0,35,0,0,0,1,14,34,0,4,0,42,0,15,15,1,11,12,27,1,0,1,41,5,4,44,0,1,4,12,4,7,2,0,0,0,0,2,1,22,0,2,4,31,61,21,3,30,5,0,69,5,0,0,0,9,19,73,0,7,6,11,63,27,78,19,14,6
106,10,7,23,0,26,5,0,8,0,3,8,2,23,5,0,8,0,0,31,28,19,17,37,0,8,1,0,11,0,2,6,22,0,2,10,24,0,8,76,0,4,0,6,12,42,1,4,25,0,3,0,25,34,3,3,16,4,12,1,1,4,7,10,0,0,51,25,50,6,19,5,3,30,1,33,4,55,13,134,1,15,10,16,0,6,62,7,0,9,14,3,0,43,81,0,21,0
107,0,5,0,0,7,7,0,68,39,0,28,0,0,0,0,3,0,0,40,63,1,0,25,19,1,118,0,25,0,18,0,0,4,18,3,24,15,5,2,0,5,2,0,43,2,3,10,1,16,7,0,32,0,34,12,6,23,49,12,0,8,6,6,2,0,2,11,0,0,1,1,1,9,25,69,6,14,16,41,1,3,0,41,1,10,19,6,3,0,2,32,0,1,2,9,12,0
108,0,3,0,50,5,1,0,14,1,7,0,0,4,35,10,0,0,0,13,29,11,0,75,68,3,63,2,14,1,0,4,0,1,13,6,9,14,10,123,8,3,10,0,57,4,12,32,17,14,0,31,41,9,1,4,4,32,10,31,17,7,14,0,0,56,7,41,0,0,0,7,6,13,34,40,0,4,2,0,0,0,0,35,26,40,11,42,67,0,4,5,0,36,8,21,2,1
109,0,0,0,39,0,0,0,13,1,14,0,2,6,41,20,0,0,0,72,10,43,19,4,15,18,12,10,8,0,0,0,0,0,0,8,0,3,36,5,142,1,13,1,52,1,15,18,4,2,0,2,12,2,3,6,20,0,76,21,36,21,64,0,0,51,45,47,1,51,49,4,8,13,9,28,14,8,9,11,0,0,0,27,87,6,13,25,2,24,0,45,0,3,27,0,6,0
110,1,11,0,74,0,17,0,0,0,8,0,3,4,0,0,9,0,0,17,8,5,3,8,3,27,7,68,51,17,2,8,0,0,10,0,0,16,44,37,34,2,14,10,2,8,59,15,3,20,0,4,15,6,4,0,12,4,10,8,14,1,18,2,19,18,30,50,0,0,1,0,4,8,20,16,145,0,8,55,1,4,0,1,45,0,1,8,0,20,3,43,34,52,52,4,7,11
111,4,5,5,22,3,0,1,1,0,2,0,0,1,3,0,20,1,0,1,2,36,42,10,1,2,80,73,12,7,61,1,20,0,0,12,22,2,43,4,10,74,14,0,5,3,6,6,10,55,4,0,8,15,24,0,1,29,8,1,18,3,0,93,0,22,34,5,0,5,9,0,10,21,33,9,123,0,33,54,0,56,46,9,27,0,2,30,20,4,17,21,0,22,46,10,6,3
112,2,0,0,0,0,0,0,0,0,0,0,0,0,0,0,0,0,0,0,0,0,7,0,0,0,0,0,0,0,0,0,0,0,0,0,0,0,0,0,0,0,0,0,0,0,0,0,0,2,0,1,1,1,0,0,0,0,0,26,0,0,0,0,0,0,0,0,0,0,0,0,0,6,0,0,0,0,3,0,0,0,0,5,0,0,0,0,0,0,0,0,0,0,0,0,0,0
113,0,0,0,0,0,0,0,0,0,0,0,0,0,0,0,0,0,0,3,0,1,7,0,0,0,0,0,1,0,0,0,0,0,0,0,0,0,0,0,0,0,0,0,0,0,0,0,0,0,5,0,0,1,0,0,0,0,0,0,0,0,0,11,0,0,0,0,7,0,0,0,0,0,0,0,0,2,0,0,0,0,0,0,0,0,0,0,0,0,0,0,0,0,0,5,0,0
114,108,1,7,12,3,34,0,0,1,1,0,0,0,0,0,0,1,0,1,0,13,48,7,23,9,76,0,0,86,26,3,0,0,0,12,5,5,22,0,6,23,15,26,73,31,5,0,53,35,17,1,7,27,36,2,4,11,64,1,3,13,0,25,2,12,32,0,0,0,0,3,9,61,3,14,27,33,10,98,45,27,8,5,1,6,0,3,89,54,25,1,29,1,1,0,33,33
115,92,1,0,3,1,38,28,5,78,0,0,0,0,12,5,26,2,0,0,0,5,63,2,6,66,0,0,2,22,0,57,0,2,0,46,3,63,1,13,3,61,3,34,6,36,2,14,11,40,0,2,9,27,25,7,26,6,50,0,0,36,0,11,23,0,5,10,0,0,0,6,6,34,14,5,34,0,27,1,18,11,13,18,0,1,6,9,112,0,22,0,6,0,3,41,10,53
116,23,5,2,3,15,1,6,0,56,0,0,11,0,13,4,27,4,0,0,168,0,44,0,2,1,0,5,1,6,0,56,33,26,28,35,5,2,10,35,0,26,0,16,16,29,17,12,1,16,0,24,42,20,0,0,3,8,0,32,0,34,0,6,8,0,5,0,31,6,0,0,0,12,1,11,12,2,13,7,0,1,0,41,94,0,5,13,0,17,5,0,4,7,1,0,28,15
117,15,2,34,13,0,5,13,2,56,14,0,52,2,0,28,51,14,0,0,3,14,7,1,15,0,0,2,0,4,0,34,4,15,36,1,1,0,1,31,3,18,7,10,2,2,5,11,12,12,6,0,54,8,3,8,20,15,0,0,0,4,0,9,2,4,85,1,0,0,0,0,5,12,30,16,2,13,13,8,0,114,3,42,22,1,13,0,7,17,56,3,7,8,43,48,0,5
118,7,1,2,17,0,0,7,2,11,6,0,0,70,2,12,2,47,0,4,0,8,11,9,0,30,13,30,0,2,0,9,0,3,6,3,1,1,9,3,39,26,0,27,1,12,13,0,39,0,16,6,32,57,0,43,5,11,0,8,4,0,8,0,30,4,150,16,0,12,0,7,4,40,1,49,0,24,34,6,106,12,53,6,12,5,10,0,30,0,3,18,2,0,16,0,0,3
119,2,10,0,8,13,0,59,0,3,3,0,0,4,0,28,4,28,1,6,5,0,57,14,0,44,1,2,5,24,2,10,7,58,61,22,11,6,0,6,6,54,3,28,3,20,7,1,6,22,0,15,33,46,3,4,14,21,0,3,1,0,69,7,35,7,64,15,0,15,0,12,16,13,4,3,0,11,0,4,20,0,19,112,24,1,0,0,1,1,41,2,2,1,10,0,5,16
120,12,101,4,8,0,44,76,1,16,0,0,54,1,0,27,16,9,4,12,0,0,1,8,10,24,3,3,43,1,6,27,0,39,2,20,14,5,3,4,17,1,3,88,0,51,15,0,0,16,0,6,0,30,14,6,20,13,3,0,18,38,25,17,85,17,12,27,0,11,0,23,44,12,0,48,0,25,12,0,66,12,46,31,0,1,122,0,42,0,6,0,0,0,5,2,3,1
121,0,122,0,0,0,0,32,1,1,37,11,12,0,4,86,6,16,0,14,4,25,8,21,10,14,30,10,25,0,63,21,0,11,1,14,33,0,5,9,0,4,3,3,33,47,5,14,27,1,0,4,1,22,19,0,3,13,0,2,6,0,27,3,46,2,3,28,0,6,0,8,86,4,28,3,0,65,1,1,63,50,72,3,8,40,23,8,24,0,4,79,1,0,8,0,3,4
122,0,1,3,2,0,15,0,2,0,14,5,0,4,32,16,27,18,0,17,6,0,0,0,47,5,5,0,18,3,32,5,0,0,0,0,2,0,1,53,38,5,0,0,75,66,13,11,6,0,0,11,8,30,9,20,14,15,28,0,1,4,5,0,1,2,0,26,0,12,0,18,7,17,19,8,0,0,29,62,20,69,164,1,13,3,121,8,113,0,123,6,28,0,0,4,0,6
123,3,3,6,8,8,2,0,3,1,26,0,2,1,11,0,15,32,0,8,16,14,0,0,62,16,13,3,1,5,18,0,0,0,1,1,85,10,1,25,8,7,2,1,2,5,10,19,48,5,1,6,7,0,1,23,6,1,1,0,7,29,5,1,0,18,0,3,0,6,0,7,2,43,3,11,4,0,4,81,3,15,122,19,0,1,33,7,25,0,4,22,10,1,23,0,19,24
124,0,0,0,0,0,0,0,0,0,0,0,0,0,0,0,0,0,0,0,0,15,28,0,0,0,0,0,0,0,0,0,0,0,0,0,0,0,0,0,0,0,0,0,0,0,0,0,0,0,0,0,0,0,0,0,0,0,2,0,4,0,0,0,0,0,3,0,37,0,0,4,0,0,0,0,0,0,0,0,0,0,0,0,0,0,0,0,0,0,0,0,0,0,0,24,0,0
125,0,3,32,73,17,40,4,19,1,37,6,2,0,58,0,1,0,32,2,29,0,0,0,0,0,17,2,0,2,72,10,5,5,5,29,40,19,73,11,5,9,0,9,4,3,0,17,0,11,0,6,10,6,10,0,42,7,0,91,12,16,21,5,3,3,27,9,81,11,0,10,4,3,7,20,52,7,3,20,0,8,11,43,1,1,23,32,1,0,3,0,0,34,23,0,23,22
126,0,16,7,38,12,5,7,10,0,29,4,0,0,0,15,9,3,0,0,30,2,1,5,0,0,60,15,0,52,68,0,0,5,1,70,9,22,90,108,27,9,7,36,66,2,23,2,18,7,32,0,2,42,1,0,61,2,57,43,11,0,35,1,7,2,2,0,10,4,0,6,10,1,0,11,7,22,7,4,4,0,11,0,6,1,0,18,0,17,2,0,4,24,0,34,0,7
127,3,6,8,7,1,20,0,0,0,16,3,0,7,16,131,0,21,0,9,5,3,0,0,8,3,16,1,17,23,0,8,68,9,3,6,0,27,21,0,2,0,5,14,64,14,2,0,48,9,2,5,1,12,62,15,22,17,19,17,0,4,0,6,86,1,6,0,156,16,0,2,16,2,0,0,0,15,10,28,0,3,0,0,55,11,32,5,0,1,42,81,25,13,1,0,1,25
128,3,10,17,7,5,5,19,54,1,58,3,20,0,0,14,2,10,13,0,1,0,0,0,4,6,22,3,0,12,3,2,0,0,3,3,79,4,34,9,20,6,0,0,1,9,7,0,8,18,1,1,22,10,13,13,10,7,3,44,1,22,3,15,20,10,5,35,49,37,0,62,10,2,3,6,0,17,74,40,72,37,13,8,2,0,28,20,7,9,0,20,0,23,20,7,5,3
129,0,21,20,1,1,69,54,67,1,34,34,14,4,0,1,12,10,69,0,12,0,3,4,0,14,135,6,0,30,0,1,0,0,8,25,1,0,24,1,12,38,37,0,0,44,3,18,2,69,3,0,3,2,118,0,32,8,1,31,2,0,14,37,11,0,12,0,8,22,0,13,5,17,13,11,126,14,9,4,0,9,35,3,11,0,22,56,11,1,23,6,0,21,0,32,45,0
130,2,2,7,8,3,16,4,24,1,9,29,1,0,1,13,0,0,4,0,0,15,29,1,1,16,19,8,8,35,8,104,3,0,10,9,9,10,21,0,1,3,21,3,2,2,4,93,0,3,1,1,2,24,57,42,5,22,0,1,0,2,21,21,0,0,2,24,5,1,0,0,4,31,0,17,54,39,32,33,7,34,3,10,0,6,64,0,0,30,2,47,5,60,22,64,4,0
131,0,0,0,14,15,13,0,0,6,1,0,5,68,29,1,0,70,0,5,3,10,1,63,42,7,2,9,6,26,12,81,18,0,107,0,18,42,34,0,1,0,12,1,3,2,0,2,0,16,10,11,12,26,39,0,0,23,14,46,15,17,6,1,0,21,1,3,1,0,0,0,31,34,3,12,94,0,0,20,31,6,17,30,69,1,0,0,7,35,11,64,9,12,15,0,93,27
132,8,15,44,1,8,1,0,0,4,0,29,24,0,26,12,0,6,0,15,10,15,11,97,32,6,2,9,2,23,6,15,0,0,6,24,42,1,3,2,0,1,19,5,16,15,40,31,6,15,0,6,0,3,56,0,0,23,0,2,17,0,18,0,1,45,25,11,3,42,6,29,16,14,3,0,5,1,31,2,2,24,3,23,0,1,1,0,11,21,1,68,1,1,6,0,0,14
133,1,4,9,0,14,9,6,0,24,0,4,1,27,0,0,8,0,0,11,43,37,11,28,29,16,0,3,0,141,0,5,14,0,28,1,10,7,17,10,2,19,8,46,27,15,0,62,12,0,50,2,1,9,11,0,0,40,2,16,11,17,39,0,25,8,75,11,9,5,10,72,21,10,4,6,2,0,2,1,10,4,1,12,0,1,10,8,3,6,2,5,11,7,13,4,5,17
134,28,0,3,3,10,1,19,15,25,0,15,4,19,0,8,3,0,4,6,25,66,21,3,1,32,0,0,0,99,4,24,15,18,0,0,60,28,27,12,24,4,13,0,3,0,4,13,25,7,20,12,0,10,2,0,23,25,0,3,2,4,4,0,9,5,3,5,11,26,21,30,43,7,7,7,75,0,3,0,0,1,0,0,1,1,2,35,54,26,0,2,1,15,1,0,5,12
135,0,0,0,0,19,0,0,0,0,0,0,0,0,0,0,0,0,0,0,0,28,4,0,2,0,0,0,0,0,0,0,0,0,0,0,1,0,0,4,0,0,0,0,0,0,0,0,0,0,0,0,0,0,0,0,0,0,0,0,5,0,8,0,0,0,0,0,0,0,0,0,0,0,0,0,21,0,0,0,0,0,0,1,0,0,0,0,0,0,0,0,0,0,0,0,0,0
136,61,10,2,13,3,21,0,4,57,0,5,0,1,0,99,4,0,0,0,1,26,92,5,0,4,0,14,0,64,9,19,19,3,15,44,1,53,1,4,20,48,0,10,7,1,0,16,11,7,2,2,3,67,14,0,9,26,9,4,4,24,5,0,11,28,49,52,15,17,7,33,24,5,8,30,5,56,19,34,0,0,0,0,0,0,9,3,1,72,19,28,0,2,10,0,33,13
137,0,55,1,3,0,27,9,31,49,4,0,5,0,6,81,0,1,0,2,11,0,30,8,12,3,1,0,0,30,6,7,0,0,10,9,0,14,72,0,23,9,26,4,2,1,51,2,29,17,10,16,11,25,0,5,10,19,8,5,1,8,0,0,22,5,6,0,3,14,12,29,4,0,38,4,16,0,5,0,0,0,1,44,1,5,64,6,23,61,23,0,31,5,19,2,43,8
138,4,7,0,4,3,8,14,2,30,0,0,0,0,21,3,13,0,1,7,9,2,22,32,15,20,1,26,0,9,12,10,0,2,1,7,15,2,10,6,24,1,23,0,0,4,5,1,1,33,0,6,9,14,9,0,0,27,8,7,0,55,3,0,21,32,20,1,2,5,4,0,7,0,31,0,0,18,10,0,40,19,0,3,0,17,3,5,35,87,5,2,30,16,11,0,22,21
139,0,0,21,9,0,31,0,6,14,2,83,0,0,2,0,3,0,0,3,13,0,22,0,16,78,5,38,0,46,11,9,0,0,1,19,4,1,26,0,32,14,28,0,0,0,6,16,14,17,3,14,8,56,4,1,12,19,3,11,4,13,0,12,20,2,70,24,4,8,8,2,10,5,1,0,62,8,70,3,2,29,0,0,0,3,80,45,1,1,27,0,27,3,31,69,35,1
140,20,0,80,6,11,15,10,7,0,87,48,0,0,0,1,42,13,0,41,6,120,29,0,4,32,4,36,0,14,17,13,0,1,0,34,20,14,26,19,4,41,16,19,75,3,0,21,39,2,29,11,9,7,12,13,26,13,16,34,8,7,0,0,7,7,19,1,10,5,18,37,6,22,3,17,32,78,33,0,0,4,1,0,25,8,28,2,14,0,3,24,35,9,27,22,20,49
141,57,0,236,21,13,0,1,0,0,45,0,1,0,0,10,33,13,0,13,2,18,0,0,5,9,1,6,0,1,41,1,13,0,0,46,4,2,14,12,9,28,23,0,51,16,50,52,3,26,5,24,2,16,17,14,7,30,0,10,7,1,10,0,9,0,0,10,25,24,22,0,21,0,36,0,35,31,5,1,4,0,9,0,1,44,25,5,69,0,0,0,0,31,1,37,9,17
142,10,0,32,1,4,31,0,4,1,2,7,2,0,0,0,1,0,4,5,11,0,0,0,51,0,25,58,1,29,50,0,33,11,1,5,0,23,3,12,2,3,30,7,36,15,2,0,14,0,10,39,4,66,9,9,52,24,7,6,6,9,10,0,25,7,0,0,19,10,2,0,4,0,3,16,11,5,18,0,0,7,0,0,2,3,8,39,58,0,1,0,0,64,1,2,49,12
143,0,0,2,0,3,0,1,10,0,64,3,107,0,2,1,0,1,0,6,9,0,7,11,10,0,20,32,1,2,1,0,8,36,5,9,0,0,1,1,0,9,6,0,1,4,7,0,16,22,22,8,16,72,6,2,8,2,1,28,2,3,0,0,31,16,29,0,0,6,13,4,26,9,9,77,0,93,10,9,0,6,0,42,0,0,9,1,5,0,0,0,0,5,37,0,41,0
144,0,0,0,0,9,0,8,41,0,7,6,23,0,0,8,8,5,4,0,3,59,33,30,36,0,4,16,50,0,1,32,0,61,7,2,0,2,0,0,5,13,65,0,5,0,0,13,17,6,50,5,3,15,62,17,5,4,4,13,12,14,22,9,6,39,3,18,1,1,0,8,1,3,9,2,0,5,13,1,35,12,8,0,4,0,18,2,19,62,4,5,3,16,16,0,16,0
145,1,5,0,8,4,1,0,22,0,44,3,1,0,63,7,0,4,0,0,0,37,3,0,0,26,48,5,1,15,10,0,0,0,7,2,0,10,0,24,0,23,58,0,24,6,1,4,13,42,0,6,13,12,9,0,28,12,1,27,16,6,0,0,3,38,5,14,14,22,1,4,1,3,21,0,0,141,5,0,3,1,0,21,3,0,1,0,0,10,2,29,3,1,3,0,77,4
146,0,0,0,0,7,0,0,0,0,0,0,0,0,0,0,0,0,0,0,0,0,0,0,0,0,0,0,0,0,0,0,0,4,0,0,0,0,0,0,0,0,0,8,0,0,0,0,0,0,0,0,0,0,7,0,0,0,0,0,0,0,0,0,0,0,0,0,0,0,0,0,0,1,0,0,0,0,0,0,0,0,0,0,0,0,0,0,0,0,0,0,0,0,0,0,0,0
147,14,0,0,48,10,0,0,3,0,47,10,4,0,24,0,0,0,6,47,0,3,67,7,0,0,16,8,5,33,17,0,9,66,10,7,14,37,17,0,0,29,2,0,9,0,8,6,7,24,1,38,0,58,1,9,1,19,2,4,47,0,38,0,13,4,4,20,1,42,3,0,4,0,29,0,1,3,3,1,1,2,0,24,45,2,5,3,4,6,1,0,1,13,4,57,25,1
148,0,0,12,8,6,0,6,3,3,4,59,19,0,8,13,0,0,5,78,0,11,8,36,0,0,0,0,2,14,0,10,1,28,31,4,6,1,37,4,12,19,2,0,0,0,0,0,17,5,0,24,0,54,0,0,11,1,2,13,42,21,31,6,3,1,4,30,0,3,2,20,2,7,12,0,38,5,5,0,19,0,0,54,3,6,5,80,0,7,18,31,9,2,0,11,21,0
149,5,0,11,12,0,0,10,0,29,0,5,1,0,16,1,4,8,16,4,0,28,4,0,0,0,2,0,0,0,1,37,22,2,83,1,0,3,8,0,4,15,1,0,0,0,0,28,39,47,10,31,2,4,1,16,0,22,0,94,21,12,1,6,2,0,11,72,0,44,0,0,14,6,84,0,0,53,1,45,2,22,9,154,38,0,15,13,2,24,30,56,0,29,0,0,39,1
150,26,0,0,6,2,17,1,10,6,8,0,0,0,39,1,1,7,9,4,2,6,1,4,0,0,15,0,1,0,4,13,0,10,13,2,2,48,2,0,0,12,4,0,1,0,2,4,13,40,10,16,5,3,1,50,0,13,11,62,1,158,1,25,39,0,1,0,0,13,0,0,2,4,11,0,0,0,0,79,11,1,1,16,15,2,4,52,0,1,32,22,7,1,17,0,1,14
151,79,0,26,16,0,10,5,2,6,0,0,2,0,0,3,2,21,7,0,13,19,0,20,0,1,5,0,39,8,0,4,69,0,1,11,27,3,25,0,16,2,0,0,0,2,15,3,8,7,31,4,11,0,0,29,0,16,1,14,0,21,2,36,17,2,8,0,0,0,5,96,1,16,0,1,49,11,8,2,9,15,8,1,1,3,0,32,40,0,0,0,70,35,11,0,8,0
152,7,3,7,17,0,0,12,0,15,1,3,0,0,1,41,2,63,0,0,18,20,0,4,17,0,50,35,0,4,0,5,21,0,26,3,152,1,0,0,5,3,1,6,67,0,8,3,10,8,27,8,37,2,0,4,0,71,20,13,1,2,33,0,21,28,11,56,1,0,14,2,5,11,1,4,22,0,0,93,0,7,0,13,1,34,6,35,0,33,20,0,1,0,20,4,3,26
153,4,23,0,24,23,0,0,27,8,30,0,13,1,16,3,11,2,11,0,11,22,109,0,14,6,48,67,10,0,0,0,0,3,31,0,11,3,22,14,1,4,17,0,23,0,19,58,0,0,62,1,38,9,2,33,7,14,26,4,2,7,9,14,0,25,3,76,0,3,0,0,1,2,4,31,23,0,42,0,5,13,7,3,72,10,87,1,1,1,4,12,13,0,2,2,15,6
154,1,1,15,1,3,0,0,2,25,3,0,43,0,6,2,1,7,6,0,0,23,145,0,0,38,33,16,3,4,0,2,0,4,0,0,15,5,1,0,0,12,2,0,26,0,11,94,0,24,9,20,3,0,3,7,16,10,42,6,27,16,1,0,19,26,6,8,50,1,0,4,3,4,5,6,4,0,55,0,84,91,4,38,13,0,4,2,0,3,2,0,3,1,1,4,84,0
155,5,13,16,0,3,0,4,22,27,5,0,15,2,6,19,8,0,34,8,0,1,10,8,14,78,49,1,2,0,0,3,0,5,3,0,0,4,20,0,2,18,8,0,40,10,0,11,0,5,0,3,2,4,0,29,12,3,19,0,4,21,16,58,7,13,2,0,36,1,0,55,8,3,2,57,0,0,0,0,23,19,19,3,0,0,2,2,0,5,6,0,0,7,0,19,35,22
156,4,0,1,0,0,0,1,8,0,0,38,0,2,0,22,5,0,2,4,0,5,46,5,59,0,13,23,0,10,0,20,0,1,1,0,33,14,0,0,0,0,6,3,41,23,0,4,0,9,0,31,1,0,33,12,1,12,12,0,3,31,1,0,1,47,0,0,0,13,24,0,5,0,1,1,0,0,32,0,90,1,4,0,0,0,7,82,1,57,83,22,6,1,0,0,10,41
157,0,0,4,1,0,0,0,0,0,0,0,0,0,0,0,0,0,3,0,0,0,0,0,0,0,0,0,6,0,0,0,0,3,0,0,0,0,0,0,0,0,0,18,0,0,0,0,0,0,0,0,0,0,7,0,0,0,0,0,2,0,0,0,0,0,0,0,0,0,0,0,0,0,0,12,0,0,0,3,0,0,0,0,0,0,0,0,0,0,0,0,0,0,0,0,0,0
158,9,2,3,0,2,0,0,29,0,8,68,2,0,3,1,3,0,0,2,0,17,50,26,0,0,0,1,0,0,0,7,0,9,0,0,11,20,0,0,0,1,14,4,12,19,0,0,8,6,0,43,7,0,3,0,4,1,54,7,6,6,1,28,0,0,0,0,5,0,14,0,5,0,23,0,4,0,6,0,138,1,16,10,0,9,7,98,70,12,80,0,0,21,5,0,0,0
159,64,27,0,0,9,0,6,1,0,17,20,7,0,0,1,4,0,0,17,0,1,4,13,0,97,0,8,4,0,0,0,0,6,0,0,0,44,0,0,0,7,3,1,14,0,0,13,6,19,0,11,11,0,40,0,46,12,5,21,17,1,0,5,0,0,0,0,4,1,0,0,2,10,0,28,0,2,1,0,17,7,3,15,5,0,1,65,0,14,5,61,0,39,1,16,0,0
160,2,1,0,4,0,0,7,0,0,4,3,24,0,0,15,4,0,0,4,2,5,3,8,4,24,13,2,0,3,2,0,0,24,5,0,15,12,0,0,0,2,18,37,12,7,0,1,1,30,0,0,2,0,0,3,3,9,0,45,16,9,2,1,0,3,0,0,0,4,2,2,5,1,41,4,0,0,3,0,32,3,0,6,0,0,0,0,2,14,1,0,0,54,0,2,0,5
161,0,0,4,0,0,6,0,0,7,16,5,0,31,0,21,10,34,15,0,19,33,2,25,13,40,33,2,0,7,8,0,0,1,0,0,56,19,13,0,1,1,15,17,7,8,0,68,7,4,0,0,0,0,0,0,12,1,0,22,22,11,12,0,0,6,0,6,1,12,1,0,2,6,107,0,1,0,2,0,85,10,0,3,0,3,0,17,0,8,0,7,1,84,3,4,0,4
162,2,0,15,0,0,7,0,2,66,0,21,16,1,0,8,98,6,22,2,4,26,5,10,0,14,0,1,15,11,1,0,0,13,47,0,6,24,7,2,1,2,26,2,2,28,0,16,26,30,10,0,1,4,4,0,4,1,59,13,3,15,21,0,2,5,0,55,2,10,2,0,8,2,12,0,5,0,0,0,0,30,3,2,0,0,0,12,2,25,0,25,1,0,1,0,8,94
163,26,0,11,0,0,0,0,0,27,2,6,16,3,0,0,71,2,3,4,3,1,67,25,1,2,0,5,19,23,2,1,0,11,0,2,40,0,33,1,12,14,11,5,114,1,0,7,8,7,15,35,35,14,3,36,5,0,36,0,0,3,16,10,0,47,0,30,0,148,0,0,6,6,10,4,33,12,0,0,1,10,0,6,0,0,0,45,0,9,33,12,0,0,130,4,0,5
164,71,0,1,0,0,0,0,39,0,0,2,28,0,0,16,13,44,6,35,0,0,10,55,2,5,0,9,31,27,0,0,0,2,25,0,23,0,7,12,0,12,8,20,38,0,3,13,13,10,0,3,0,1,10,26,3,0,67,12,4,20,103,10,2,11,0,18,0,71,0,0,0,1,7,4,47,2,0,3,0,4,0,34,0,2,0,21,17,9,1,70,22,0,72,0,0,1
165,50,0,0,0,4,3,0,32,1,0,3,42,0,24,16,6,0,3,18,0,0,30,0,26,2,30,0,0,0,0,18,0,0,0,0,5,7,4,59,0,0,0,36,48,4,2,47,4,1,1,2,0,0,3,0,38,7,3,0,15,18,32,1,2,1,0,3,28,0,11,0,1,3,3,0,2,19,18,7,0,3,0,1,0,47,0,0,22,17,15,25,1,0,37,0,38,28
166,2,7,2,0,1,20,0,2,0,29,0,11,0,0,0,5,0,14,49,0,0,6,1,164,0,9,66,0,0,0,17,14,0,1,0,0,26,3,7,0,1,2,30,15,1,4,24,7,4,0,6,0,0,0,0,29,6,0,0,11,4,15,0,0,4,0,0,0,16,4,0,0,20,0,0,47,0,30,3,0,0,0,24,0,0,0,0,4,24,0,63,0,55,12,102,19,0
167,0,53,7,0,19,0,0,13,0,0,16,0,0,4,1,6,3,0,60,4,0,4,6,109,14,23,0,4,0,0,4,0,0,0,6,0,6,3,5,0,9,3,3,0,0,24,0,30,37,20,3,6,0,0,14,5,69,0,4,4,1,0,0,1,11,0,0,0,2,1,0,0,1,12,4,8,0,42,1,0,20,0,37,0,1,1,0,5,75,16,91,1,20,2,11,15,1
168,0,0,16,0,0,0,0,0,0,0,0,0,0,0,0,0,0,0,0,0,0,0,0,0,0,0,0,16,0,0,0,0,0,0,3,0,0,4,0,0,0,0,17,0,0,0,0,0,17,0,0,0,0,7,0,0,0,0,0,0,0,0,0,0,0,0,0,10,0,0,0,0,0,0,5,0,0,0,15,0,0,0,0,0,0,0,0,0,0,0,0,0,0,0,0,0,0
169,14,30,0,0,1,2,0,0,11,2,4,16,6,0,10,0,0,0,0,26,0,9,0,27,1,0,0,3,0,0,10,0,4,60,8,0,0,113,18,0,30,2,1,0,0,11,0,18,0,7,0,21,0,13,5,0,8,0,15,18,0,0,13,1,0,0,6,0,2,11,0,0,86,4,10,0,0,27,5,29,4,0,32,0,6,0,0,4,1,1,17,0,33,70,8,7,32
170,0,18,0,0,1,3,0,0,0,5,48,1,0,0,0,0,0,0,25,7,1,10,0,2,5,0,0,0,0,0,8,2,47,1,25,0,2,0,0,3,1,0,2,5,0,0,20,1,5,4,0,10,3,2,1,0,2,0,2,20,0,0,10,11,0,0,0,3,8,15,7,1,61,1,1,0,0,6,2,0,7,0,0,0,8,0,0,0,9,0,10,8,24,7,0,0,2
171,0,14,0,3,0,14,0,0,0,8,16,25,0,0,0,0,2,0,0,0,15,3,0,4,0,1,1,0,0,0,71,24,16,0,0,2,7,11,11,6,0,59,0,10,0,3,14,5,2,45,0,21,0,7,2,19,1,0,3,24,38,16,4,22,0,0,1,0,38,51,0,0,61,1,1,0,0,0,0,0,0,0,0,0,10,58,0,0,8,0,5,0,0,64,6,0,1
172,0,17,1,0,0,8,0,9,0,2,12,0,0,0,0,0,0,17,0,0,7,0,0,5,60,0,9,0,0,0,73,19,0,4,2,2,13,1,34,0,9,14,0,10,0,2,25,0,0,24,0,12,0,14,6,1,8,0,1,5,6,33,53,3,0,0,0,38,65,21,0,4,10,52,6,62,0,0,0,29,21,0,0,0,0,44,0,0,1,40,5,2,0,18,17,44,8
173,0,31,8,0,0,2,0,0,0,9,4,0,0,25,12,0,0,0,0,0,5,0,0,0,5,0,50,0,0,0,5,4,0,0,10,54,0,0,14,0,11,5,0,7,6,22,47,1,0,11,0,4,4,3,1,4,0,6,10,4,0,30,5,4,49,0,2,2,0,1,1,3,1,3,49,35,0,0,0,3,227,0,4,15,15,4,13,0,34,11,35,0,0,37,0,0,17
174,0,32,14,27,10,4,0,0,0,0,0,0,0,0,0,0,0,0,0,0,24,4,0,0,0,0,0,0,0,6,0,12,0,6,0,70,0,2,0,0,0,9,0,16,1,4,21,0,0,4,0,0,28,0,1,24,2,50,0,0,0,52,0,3,2,0,10,0,0,2,0,0,4,0,3,1,1,0,0,7,143,0,2,41,0,0,1,30,17,3,277,43,1,0,7,4,3
175,0,7,56,0,0,15,0,0,0,0,1,0,0,0,11,0,4,0,0,0,28,5,0,14,0,0,0,0,0,5,0,93,3,0,23,31,3,0,0,0,1,0,0,32,9,29,0,36,1,4,2,0,29,7,2,1,18,132,8,7,0,20,0,0,7,0,0,1,0,16,22,0,5,74,13,0,7,4,0,5,0,0,0,80,25,0,0,0,54,0,123,3,0,0,13,1,15
176,0,105,3,0,3,10,0,0,0,0,16,0,0,0,59,1,13,0,0,0,35,0,0,10,0,21,0,0,0,2,0,43,0,0,18,9,1,1,21,0,27,2,0,15,12,23,0,5,1,29,12,9,5,35,1,30,44,51,0,9,6,4,0,0,0,0,2,0,0,57,55,1,3,0,0,0,0,0,0,11,1,0,7,50,0,0,1,6,41,5,0,37,0,0,0,6,0
177,0,1,20,0,0,26,0,0,0,0,9,0,0,0,22,0,0,0,0,0,27,0,0,2,0,1,0,0,0,7,1,0,0,0,25,33,4,24,20,0,0,8,0,16,19,16,0,4,7,0,0,26,2,0,0,84,0,0,37,11,16,7,0,0,1,0,0,30,0,84,1,0,1,20,0,22,1,0,0,0,4,0,54,0,2,0,6,2,42,75,0,0,4,0,0,0,1
178,0,1,44,0,0,1,0,0,0,2,3,0,0,0,0,4,0,0,0,13,0,0,0,22,0,27,0,0,0,1,0,2,0,0,4,0,28,3,23,0,0,5,0,0,14,15,0,5,7,0,0,0,1,2,0,4,30,0,5,32,26,4,0,0,7,18,0,18,0,90,0,0,11,0,11,1,2,0,0,0,20,0,6,0,2,0,2,1,6,0,3,0,0,0,1,0,48
179,0,0,1,0,0,0,0,0,0,0,3,0,0,0,0,0,0,0,0,0,0,0,0,0,0,0,0,0,0,0,0,0,0,0,0,0,0,23,0,0,0,0,0,0,0,0,0,0,4,0,0,0,0,1,0,0,0,0,0,20,0,0,0,2,0,0,0,13,0,0,0,0,0,0,0,0,0,0,6,19,0,0,0,0,0,0,0,0,0,0,0,0,0,0,0,0,0
180,0,0,2,11,2,0,0,0,4,7,47,0,0,48,0,11,2,0,0,0,0,0,0,1,0,0,0,0,0,0,0,4,0,0,0,0,9,5,4,20,0,0,0,24,1,7,39,23,2,0,0,1,17,0,0,0,0,0,0,51,0,10,0,0,0,7,4,22,0,3,0,1,43,0,4,0,0,0,27,0,1,2,55,0,4,0,3,1,7,2,2,0,0,38,5,0,9
181,0,0,1,21,1,0,0,0,0,5,9,0,0,73,0,65,35,0,0,0,0,1,0,0,0,1,0,0,0,17,0,5,1,0,5,0,1,0,0,15,2,1,0,10,0,0,0,60,15,0,0,0,21,0,1,0,0,0,16,10,0,0,0,0,9,0,49,3,0,0,29,2,10,0,0,2,0,1,0,0,14,0,19,0,8,0,2,4,0,0,0,0,0,0,1,0,21
182,0,0,0,71,0,0,0,0,0,0,27,0,0,25,0,17,19,0,0,0,1,13,0,0,0,0,0,0,0,0,0,0,4,0,0,0,0,0,0,0,0,0,0,22,0,3,0,5,1,0,0,0,2,3,0,0,0,0,5,2,0,8,0,0,0,28,17,0,0,0,10,2,1,0,18,3,0,0,0,0,2,0,5,0,0,19,1,4,0,0,0,1,0,0,10,0,0
183,0,0,0,7,0,0,0,0,0,0,0,0,0,25,0,23,60,0,0,0,10,88,6,0,0,4,0,0,15,0,0,13,1,0,8,0,0,0,0,0,9,0,0,7,12,1,1,2,22,0,0,0,2,24,0,0,1,0,1,2,0,0,2,0,0,122,0,0,0,0,17,15,10,0,4,10,0,3,25,0,2,0,3,0,2,10,3,0,0,0,0,0,0,0,1,12,14
184,0,0,55,0,0,0,0,0,0,23,0,0,0,14,4,83,14,0,0,0,135,58,60,11,0,0,0,0,0,0,0,0,0,0,7,0,0,0,0,4,0,0,20,1,0,0,0,0,0,0,0,0,0,0,0,0,1,0,16,28,0,10,3,0,0,37,16,3,0,0,2,1,2,0,2,0,0,12,3,0,0,0,0,0,26,0,0,0,0,0,0,0,0,0,0,0,0
185,0,0,2,0,0,0,0,0,0,161,0,0,0,0,0,9,44,0,0,0,13,39,247,7,0,13,0,0,0,0,4,0,88,0,0,2,0,0,0,5,0,3,12,0,0,1,3,3,0,0,0,0,0,1,2,0,29,0,0,34,0,2,20,0,0,0,57,0,0,0,0,1,3,0,26,0,0,68,1,0,2,0,14,0,4,2,4,2,0,0,15,0,0,0,0,1,13
186,0,2,1,0,0,0,0,0,8,9,0,0,0,0,7,0,21,0,0,0,63,33,129,0,0,3,0,0,0,0,1,0,34,0,0,0,0,0,0,0,0,0,0,90,0,3,0,0,6,0,12,0,8,0,0,0,0,0,7,10,0,0,0,0,0,4,122,0,0,0,0,3,1,0,33,6,0,8,0,0,43,0,77,0,0,10,50,47,0,0,0,0,0,0,0,5,22
187,28,0,23,0,0,0,0,0,13,0,0,0,0,39,5,0,5,0,0,0,3,5,14,5,0,4,0,0,0,0,18,0,12,3,0,7,0,0,0,2,0,2,2,1,1,43,15,76,0,0,0,0,0,0,0,0,5,0,0,38,0,0,0,0,0,0,132,0,0,0,28,2,0,0,0,0,0,3,0,32,82,0,6,2,0,40,7,0,0,0,21,0,0,0,0,11,9
188,157,0,27,0,0,0,0,0,22,0,6,0,0,0,0,0,2,0,0,2,0,0,39,0,0,0,0,0,10,0,55,2,0,0,0,2,0,0,6,0,5,4,1,0,0,6,33,22,0,4,0,0,37,150,0,0,0,0,10,22,0,10,0,0,0,8,36,1,0,0,10,2,0,0,0,0,0,1,0,0,26,0,2,34,0,3,0,74,0,0,1,0,0,0,0,64,5
189,6,0,0,0,0,3,0,0,0,20,45,0,0,0,0,16,0,0,0,0,0,0,0,0,0,0,0,0,1,0,39,90,0,12,0,2,0,0,0,0,6,0,0,19,0,1,0,15,0,0,0,0,2,30,1,0,0,0,2,9,0,56,0,0,0,0,0,0,0,0,0,7,2,4,0,0,0,0,1,0,0,0,0,0,0,1,0,2,0,0,0,0,0,0,4,0,0
190,0,0,0,0,0,0,0,0,0,0,5,0,0,0,0,0,6,0,0,0,0,0,0,0,0,0,0,4,42,0,0,0,0,0,0,0,0,0,0,0,0,1,0,0,0,0,0,1,10,0,0,0,0,0,0,0,1,0,0,6,0,0,0,1,0,3,0,0,0,0,0,0,0,0,0,0,0,0,0,8,1,0,0,0,0,0,0,0,0,0,0,0,0,0,0,0,0
191,0,0,0,0,0,0,0,0,0,0,0,13,0,0,0,10,3,0,0,0,0,0,0,2,0,0,0,0,0,0,29,3,0,13,0,13,0,0,0,2,0,0,0,13,6,2,28,0,0,0,0,0,0,0,0,0,0,17,34,2,6,5,0,0,0,0,0,0,0,0,0,5,4,0,0,1,0,13,0,0,0,0,0,38,0,0,0,0,0,0,33,0,0,0,0,0,21
192,0,0,0,0,0,9,0,0,0,2,0,91,0,0,0,11,33,0,0,0,0,0,0,1,0,0,8,0,0,16,119,0,16,0,0,10,0,0,0,0,0,0,0,0,0,14,0,0,0,0,0,0,0,0,0,0,51,3,41,0,1,0,0,0,0,0,0,0,0,0,0,4,8,11,0,3,0,0,4,0,0,0,0,5,0,0,0,0,0,0,0,0,2,0,0,0,0
193,0,0,0,0,28,0,0,0,0,0,0,98,0,0,4,0,18,0,0,0,1,0,16,46,0,0,3,0,0,0,23,0,0,0,0,20,0,0,0,0,0,0,0,0,0,0,1,3,0,0,0,0,9,0,20,0,25,0,1,0,0,0,0,0,0,0,0,0,0,0,0,6,2,0,0,0,0,0,23,0,0,0,1,73,0,0,108,0,0,0,0,0,0,0,0,3,0
194,0,0,0,0,0,5,0,0,0,0,0,6,0,0,0,0,3,0,0,0,0,0,38,107,0,0,0,0,0,0,4,0,0,0,0,0,0,0,0,0,0,0,0,0,0,0,6,0,0,0,0,0,0,5,27,0,38,0,3,0,0,0,0,0,0,0,0,0,0,0,1,0,0,0,13,4,0,0,6,0,0,0,33,16,0,0,40,2,0,0,0,0,1,10,0,11,6
195,0,0,6,0,0,0,0,0,0,25,3,0,0,0,0,0,11,0,0,0,0,0,117,0,0,0,0,0,13,0,0,0,0,0,0,0,2,0,0,0,0,0,0,53,2,0,4,1,0,0,0,0,12,0,0,0,131,0,0,0,0,0,0,2,0,0,0,0,0,0,16,0,0,0,6,5,0,0,0,0,26,0,0,0,0,0,0,23,0,0,0,0,0,0,0,0,0
196,0,0,3,0,0,0,0,0,0,15,0,0,0,0,0,0,0,0,0,0,0,0,5,0,0,0,0,0,0,0,9,0,0,0,0,0,1,0,0,0,0,0,0,89,0,4,0,0,0,0,1,0,79,16,0,0,50,0,7,0,14,0,0,4,0,0,0,0,0,0,5,0,0,7,27,0,0,0,0,0,0,0,1,0,0,0,0,0,0,35,0,0,0,0,8,0,0
197,0,0,0,0,0,0,0,0,0,22,0,0,0,0,0,3,0,0,0,0,0,0,7,0,0,0,0,0,10,0,0,0,0,0,0,0,0,0,21,0,0,0,0,2,9,17,0,0,0,4,0,0,21,18,0,0,72,0,0,0,0,0,0,0,0,1,0,0,2,0,0,0,0,0,13,0,0,0,0,0,0,0,0,0,0,0,0,0,0,0,0,0,0,0,0,0,17
198,4,0,1,0,0,0,0,0,0,41,0,0,1,0,0,7,0,0,6,0,0,0,0,0,0,0,0,0,21,0,0,0,0,0,0,0,0,0,1,0,0,0,0,0,2,0,1,0,0,0,0,0,8,5,0,0,0,66,2,0,3,3,0,2,0,8,0,0,1,0,16,0,0,0,23,0,0,0,0,0,0,0,0,0,0,0,0,0,0,0,0,0,0,0,0,0,22
199,0,0,1,0,0,0,0,0,0,7,4,0,0,0,0,33,0,0,0,0,0,0,0,0,0,0,0,0,0,0,0,0,0,0,0,0,0,0,0,0,0,0,13,0,0,1,0,0,0,0,0,0,0,29,1,0,0,10,0,0,0,0,0,2,0,1,0,2,0,0,12,0,5,0,1,0,0,0,0,0,0,0,0,0,0,0,0,0,0,0,0,0,0,3,0,0,12
200,3,0,0,0,0,0,0,0,0,0,33,0,0,0,0,0,16,0,0,0,0,0,0,0,0,0,1,0,0,0,0,0,0,0,0,0,4,0,0,0,0,0,2,0,1,0,0,0,0,0,0,0,0,0,1,0,0,84,0,0,0,0,0,2,0,0,0,6,16,0,41,0,0,0,0,0,0,0,0,0,0,0,33,0,0,0,0,0,0,0,0,0,0,37,0,0,0
201,0,0,0,0,0,4,0,0,5,0,11,0,0,0,0,0,12,0,0,0,0,0,0,0,0,0,0,2,17,0,0,0,0,0,0,0,0,0,0,0,0,0,0,0,0,4,0,0,0,0,0,0,0,0,2,0,9,0,0,1,0,0,0,0,0,7,0,0,0,0,0,2,0,0,0,0,0,0,0,0,20,0,0,0,0,0,0,0,0,0,0,0,0,0,0,0,0
202,0,0,0,0,0,0,0,0,0,0,3,0,0,0,0,13,0,0,0,0,0,0,0,0,0,0,74,0,0,0,0,0,0,0,0,0,10,0,0,0,0,0,16,0,1,0,0,0,0,0,0,0,0,0,0,0,0,146,15,0,0,0,5,0,0,0,0,17,3,2,4,0,0,0,0,0,0,15,0,0,0,0,6,0,0,0,0,0,0,2,0,0,0,4,0,0,23
203,0,0,16,0,0,0,0,0,0,0,0,0,0,0,0,0,0,0,0,0,0,0,0,0,0,0,24,0,2,0,0,0,0,0,0,0,1,0,4,0,0,0,0,0,3,0,0,0,0,0,0,0,0,0,1,0,0,31,24,0,0,0,0,0,0,0,0,5,1,0,0,0,0,0,0,0,0,0,0,0,0,0,0,1,0,0,0,0,0,0,0,0,0,0,0,0,0
204,0,0,45,0,0,0,0,0,0,0,0,0,0,0,0,0,0,0,0,0,0,0,0,0,0,0,45,0,2,0,0,0,0,0,0,0,0,0,5,0,0,0,0,0,36,0,0,0,0,0,1,0,0,0,86,0,0,0,30,0,0,0,0,0,0,0,0,0,12,0,0,0,0,4,0,0,0,0,0,0,3,0,19,0,0,0,0,0,0,0,0,0,0,0,0,0,0
205,0,0,131,0,0,0,0,0,0,0,0,0,0,0,0,0,0,0,0,0,0,0,0,0,0,0,1,0,0,0,0,0,0,0,0,0,0,0,0,0,0,0,0,0,0,0,0,0,0,0,0,0,0,0,53,0,0,0,50,0,0,0,0,0,0,0,0,0,23,0,0,4,0,0,0,0,0,0,0,0,0,0,31,0,0,0,0,19,0,0,0,0,0,0,0,0,0
206,0,0,1,0,0,1,0,0,0,0,0,0,0,0,0,0,0,0,0,0,0,0,0,0,0,0,0,0,0,0,0,0,0,0,0,0,0,0,0,0,0,0,0,0,0,0,19,0,0,0,0,0,0,16,34,0,0,0,1,0,0,0,0,0,0,0,7,0,0,0,0,1,0,0,0,0,0,0,0,5,6,0,2,0,0,0,0,0,0,0,0,0,0,0,0,0,0
207,0,0,0,0,0,0,0,0,0,0,0,0,0,1,0,0,0,0,0,0,13,0,0,0,0,0,0,0,0,0,0,0,0,0,0,0,0,0,0,0,0,0,0,8,0,0,0,0,0,0,0,0,0,30,12,0,0,0,30,0,0,0,0,0,0,0,0,0,0,0,0,0,0,0,0,0,1,0,0,0,30,0,1,9,0,0,0,0,0,12,0,0,0,0,0,0,0
208,0,0,6,0,0,0,0,0,0,0,0,0,0,0,0,0,0,0,0,0,0,0,0,0,0,0,0,0,0,0,0,0,0,0,0,0,0,29,0,0,0,0,0,0,0,0,25,0,0,0,0,0,0,49,18,0,0,0,47,0,0,0,0,0,0,0,0,0,0,3,0,0,0,0,0,0,1,0,0,0,0,0,98,0,0,0,0,0,0,0,0,0,0,0,0,0,0
209,0,0,0,0,0,0,0,0,0,0,0,0,0,0,0,0,0,0,0,0,0,0,0,7,0,0,0,0,0,0,0,0,19,0,0,0,0,0,0,0,0,0,0,0,0,0,7,0,0,0,0,0,0,15,1,0,0,0,29,0,0,0,0,0,0,0,0,0,0,0,0,2,0,0,0,0,15,0,0,0,0,0,164,0,0,0,0,1,0,19,0,0,0,0,0,0,0
210,0,1,0,0,0,0,0,0,0,0,0,0,0,0,0,0,0,0,0,0,0,0,0,33,0,0,0,0,0,0,0,0,0,0,0,0,0,0,0,0,0,0,0,0,0,0,6,0,0,0,0,0,0,3,7,0,0,0,5,0,0,0,0,0,0,0,0,0,0,0,0,3,0,0,0,0,0,0,0,0,0,0,94,0,0,0,0,0,0,0,0,0,0,0,0,0,0
211,0,0,0,0,0,0,0,0,0,0,0,0,0,0,0,0,0,0,0,0,0,0,0,16,0,0,0,0,0,0,12,0,0,0,0,0,0,0,0,0,0,0,0,0,0,0,1,0,0,0,0,0,0,0,4,0,0,0,0,0,0,0,0,0,0,0,0,0,0,0,0,3,0,0,0,0,0,0,0,0,0,0,0,17,0,0,0,0,0,0,0,0,0,0,0,0,0
212,0,0,0,0,0,1,0,0,0,0,0,0,0,0,0,0,10,0,12,0,0,1,0,0,0,0,0,0,0,0,0,0,0,2,13,0,0,0,0,0,0,0,0,0,0,0,0,0,0,0,0,1,0,0,14,0,4,0,0,0,0,0,0,0,0,17,0,0,0,0,0,0,0,0,0,0,8,0,2,0,50,0,0,1,0,0,0,0,0,1,0,0,0,0,0,1,8
213,0,0,0,0,0,0,0,0,0,0,0,0,0,0,0,0,0,0,0,0,14,0,0,0,0,0,0,0,0,0,43,0,0,5,0,0,0,0,0,0,0,0,0,0,0,0,0,0,0,0,0,0,0,0,0,2,0,0,0,0,0,0,0,0,0,0,0,0,15,0,0,0,0,0,0,0,0,0,0,0,0,2,0,0,0,0,0,0,0,0,0,0,0,0,0,15,0
214,0,0,0,0,0,0,0,0,0,0,0,0,0,0,0,0,0,0,0,0,1,0,0,0,0,0,0,0,0,0,0,0,0,0,0,0,0,0,0,0,0,0,0,0,0,0,0,0,0,0,0,0,0,0,0,0,0,0,0,0,0,0,2,0,4,0,0,0,15,0,0,0,0,0,0,0,0,0,0,0,0,0,0,0,0,0,0,0,0,0,0,0,0,0,0,122,0
215,0,14,0,0,0,0,0,0,0,0,0,0,0,0,0,0,0,0,0,0,0,0,0,0,0,0,0,0,0,0,0,0,23,0,0,0,0,0,0,0,0,0,0,0,1,0,0,0,0,0,0,0,0,0,0,0,0,0,0,0,0,0,18,0,0,0,0,0,18,0,0,0,0,0,0,0,0,0,0,0,0,0,0,0,3,0,0,0,0,0,0,0,0,0,0,30,0
216,0,17,0,0,0,0,0,0,0,0,0,0,0,0,0,0,0,0,0,0,0,0,0,0,0,0,0,0,0,0,0,0,58,0,0,0,0,0,0,0,0,0,0,0,19,0,0,0,0,0,0,0,0,0,0,1,0,0,0,0,0,0,0,0,0,0,0,0,0,0,0,0,0,0,0,0,0,2,1,0,0,0,0,0,1,0,0,0,0,0,0,0,0,0,0,0,0
217,0,0,0,0,0,0,0,0,0,0,0,0,0,0,0,0,0,0,0,0,0,0,0,0,0,0,0,0,0,0,0,0,93,0,0,0,0,0,0,0,0,0,0,0,0,0,0,0,0,0,0,0,0,0,0,6,1,0,0,0,0,0,0,0,0,0,0,0,0,0,0,0,0,0,0,0,0,0,0,0,0,0,0,0,0,0,0,0,0,0,0,0,0,0,1,0,0
218,0,0,0,0,0,0,0,0,0,0,0,0,0,0,0,0,0,0,0,0,0,0,0,0,0,0,0,0,0,0,0,0,0,0,0,0,0,0,0,0,0,0,0,0,0,0,0,0,0,0,0,0,0,0,0,8,0,0,0,0,0,0,0,0,0,0,0,0,0,0,0,0,0,0,0,0,0,0,0,0,0,0,0,0,0,0,0,0,0,0,0,0,0,0,0,0,0
219,0,0,0,0,0,0,0,0,0,0,0,0,0,0,0,0,0,0,0,0,0,0,0,0,0,0,6,0,0,0,0,0,0,0,0,0,0,0,0,0,0,0,0,28,0,0,0,0,0,0,0,0,0,0,0,0,0,0,0,0,0,0,0,0,0,0,0,0,0,0,0,2,0,0,0,0,0,0,0,0,0,0,0,0,0,0,0,0,0,0,0,0,0,0,0,0,0
220,0,0,0,0,0,0,0,0,0,0,0,0,0,0,0,0,0,0,0,0,0,0,0,0,0,0,0,0,0,0,0,8,0,0,0,0,0,0,0,0,0,0,0,0,0,0,0,0,0,0,0,0,0,0,0,0,0,0,0,0,0,0,0,0,0,0,0,0,0,0,0,0,0,0,0,0,0,0,0,0,0,0,0,0,0,0,0,0,0,0,0,0,0,0,3,0,0
221,0,0,0,0,0,0,0,0,0,0,0,0,0,0,0,0,0,0,0,0,0,0,0,0,0,0,0,0,0,0,0,0,0,0,0,0,0,0,0,0,0,0,0,0,0,0,0,0,0,0,0,0,0,0,0,0,0,0,0,0,2,0,0,0,0,0,0,0,0,0,0,0,0,0,0,0,0,0,0,0,0,0,0,0,0,0,0,0,0,0,0,0,0,0,5,0,0
222,0,0,0,0,0,0,0,0,0,0,0,0,0,0,0,0,7,0,0,0,0,0,0,0,0,0,0,0,0,0,0,0,0,0,0,0,0,0,0,0,0,0,0,1,0,0,0,0,0,0,0,0,0,0,0,0,0,0,0,0,0,0,0,0,0,0,0,0,0,0,0,0,0,0,0,0,0,0,0,0,0,0,0,0,0,0,0,0,0,0,0,0,0,0,0,0,0
223,0,0,0,0,0,0,0,0,0,0,18,0,0,0,0,0,0,0,0,0,0,0,0,0,0,0,0,0,0,0,0,0,0,0,10,0,0,0,0,0,0,0,0,0,0,0,8,0,0,0,0,0,0,0,0,1,0,0,4,0,0,0,0,0,0,0,0,0,0,0,0,0,0,0,0,0,0,8,0,0,0,0,0,0,0,0,4,0,0,0,0,0,0,0,0,0,0
224,0,0,0,0,0,0,0,0,0,0,0,0,0,0,0,0,0,0,41,0,0,3,0,0,0,11,0,0,0,0,0,0,0,9,4,0,0,0,0,0,0,0,0,6,0,0,0,0,2,0,0,0,0,0,0,0,3,0,0,0,0,0,0,0,0,20,0,5,0,0,0,0,0,0,0,0,11,0,0,0,3,0,0,0,0,0,0,0,0,1,0,4,0,0,0,0,0
225,0,0,0,0,0,0,0,0,0,0,0,0,0,0,0,0,54,2,0,0,0,0,0,0,1,0,0,0,0,0,0,0,0,0,0,0,0,0,0,0,0,0,0,0,0,0,0,0,0,0,0,0,0,0,0,0,0,0,0,0,0,0,0,0,0,0,0,0,0,0,0,0,0,0,0,0,0,0,0,0,0,0,0,0,0,0,0,0,0,0,0,0,0,0,0,0,0
226,0,0,0,0,0,0,0,0,0,0,25,0,0,0,0,0,0,0,0,0,0,0,0,0,0,0,0,0,0,11,0,0,0,0,0,0,0,0,0,0,0,0,0,0,0,0,0,0,0,0,0,0,0,0,0,0,0,0,0,0,0,0,0,0,0,0,0,0,0,0,0,0,0,0,0,0,0,0,0,1,0,0,0,0,0,0,0,0,0,0,0,0,0,0,0,0,0
227,0,0,0,0,0,0,0,0,0,0,0,0,1,0,0,0,13,0,0,0,0,0,0,0,0,0,0,0,0,0,0,0,0,0,0,0,0,0,0,0,0,0,0,0,0,0,0,2,0,0,0,0,0,0,0,0,0,0,6,0,0,0,0,0,0,0,0,0,0,0,0,0,0,0,0,0,0,0,0,8,0,0,0,0,0,0,0,0,0,0,0,0,0,0,0,0,0
228,0,0,0,0,0,0,0,0,0,0,0,0,0,0,0,0,0,0,0,0,0,0,0,0,0,0,0,0,0,2,0,0,0,0,0,0,0,0,0,0,0,0,0,3,0,0,0,37,0,0,0,0,0,0,0,0,0,0,20,0,0,0,0,0,0,0,0,0,0,0,0,0,0,0,0,0,0,0,0,0,0,0,0,0,0,0,0,0,0,0,0,0,0,0,23,0,0
229,0,0,0,0,0,0,0,0,0,0,0,0,0,0,0,0,0,0,0,0,0,0,0,0,0,0,0,0,0,21,0,0,0,0,0,0,0,0,0,0,0,0,0,0,0,0,0,25,0,0,0,0,0,0,0,0,0,0,30,0,0,0,0,0,0,0,0,0,0,0,0,0,0,0,0,0,0,0,0,0,0,0,0,0,0,0,0,0,0,0,0,0,0,0,0,0,0
230,0,0,0,0,0,0,0,0,0,0,0,0,0,0,0,0,0,0,0,0,0,0,0,0,0,0,0,0,0,0,0,0,0,0,0,0,0,0,0,0,0,0,0,0,0,0,0,0,0,0,0,0,0,0,0,0,0,0,0,0,0,0,0,2,0,0,0,0,0,0,0,0,0,0,0,0,0,0,0,0,0,0,0,0,0,0,0,0,0,0,0,0,0,0,0,0,0
231,0,0,0,0,0,0,0,0,0,0,0,0,0,0,0,0,0,0,0,0,0,0,0,0,0,0,0,0,0,0,0,0,0,0,0,0,0,0,0,0,0,0,0,0,0,0,0,0,0,0,0,0,0,0,0,0,0,0,0,0,1,0,0,3,0,1,0,0,0,0,0,0,0,0,0,0,0,0,0,0,0,0,0,0,0,0,0,0,0,0,0,0,0,0,0,0,0
232,0,0,0,0,0,0,0,0,0,0,0,0,0,0,0,0,0,0,0,0,0,0,0,0,0,0,0,0,0,0,0,0,0,0,0,0,0,0,0,0,0,0,0,0,0,0,0,0,0,0,0,0,0,0,0,0,0,0,0,0,0,0,0,0,0,0,0,0,16,0,0,0,0,0,0,0,0,0,0,0,0,0,0,0,0,0,0,0,0,0,0,0,0,0,0,0,0
233,0,0,0,0,0,0,0,0,0,0,0,0,0,0,0,0,0,0,0,0,0,0,0,0,0,0,5,0,0,0,0,89,0,0,0,0,0,0,0,0,0,0,0,0,0,0,0,0,0,0,0,0,0,0,0,0,0,0,0,0,0,0,0,0,0,0,0,0,0,0,0,0,0,0,0,0,0,0,75,0,0,0,0,0,0,0,0,0,0,0,0,0,0,0,0,0,0
234,0,0,0,0,0,0,0,0,0,0,0,0,0,0,0,0,0,0,0,0,0,0,0,0,0,0,3,0,0,0,0,21,0,0,0,0,0,0,0,0,0,0,0,0,0,0,0,0,0,0,0,0,0,0,0,0,0,0,0,0,0,0,0,0,0,0,0,0,0,0,0,0,0,0,0,0,0,0,0,0,0,0,0,0,0,0,0,0,0,0,0,0,0,0,0,0,0
235,0,0,0,0,0,0,0,3,0,0,0,0,0,0,0,0,0,0,5,0,0,0,0,0,0,0,0,0,0,1,0,0,0,0,0,0,0,0,0,1,0,0,0,9,0,0,0,0,0,0,0,0,8,9,0,5,0,0,0,0,0,0,0,0,0,4,0,0,0,0,0,0,5,0,0,0,0,0,0,0,0,0,0,0,0,0,0,0,0,6,7,0,0,0,0,0,0
236,0,0,0,0,0,0,0,0,0,0,0,0,0,0,0,0,0,0,0,0,0,0,0,0,1,0,0,0,0,0,0,0,0,0,0,0,0,0,0,0,0,0,0,0,0,0,0,0,0,0,0,0,0,0,0,0,0,0,0,0,0,0,0,2,0,0,0,0,0,0,0,0,0,0,0,0,0,0,0,0,0,0,0,0,0,0,0,0,0,0,0,0,0,0,0,0,0
237,0,0,0,0,0,0,0,0,0,0,0,0,0,0,0,0,0,0,0,0,0,0,0,0,0,0,0,0,0,0,0,0,0,0,2,0,0,0,0,0,0,0,0,0,0,0,0,0,0,0,0,0,0,0,0,0,0,0,0,0,0,0,0,0,0,0,0,0,0,0,0,0,0,0,0,0,0,0,0,0,0,0,0,0,0,0,0,0,0,0,0,0,0,0,0,0,0
238,0,0,0,0,0,0,0,0,0,0,0,0,0,0,0,0,0,0,0,0,0,0,0,0,0,0,0,0,0,0,0,0,0,0,1,0,0,0,0,0,0,0,0,0,0,0,0,0,0,0,0,0,0,0,0,0,0,0,0,0,4,0,0,0,0,0,0,0,0,0,0,0,0,0,0,0,0,0,0,0,0,0,0,0,0,0,0,0,0,0,0,0,0,0,0,0,0
239,0,0,0,0,0,0,0,0,0,0,8,0,0,0,0,0,0,0,0,0,0,0,0,7,0,0,0,0,0,0,0,0,0,0,0,0,0,0,0,0,0,0,0,0,0,0,0,0,0,0,0,0,0,0,0,0,0,0,0,0,0,0,0,0,0,0,0,0,0,0,0,0,0,0,0,0,0,0,0,0,0,0,0,0,0,0,0,0,0,0,0,0,0,0,0,10,0
240,0,0,0,0,0,0,0,0,0,0,0,0,0,0,0,0,0,0,0,0,0,0,0,0,0,0,0,0,0,0,0,0,0,0,0,0,0,0,0,0,0,0,0,0,0,0,0,0,0,0,0,0,0,0,0,0,0,0,0,0,0,0,0,0,0,0,0,0,0,0,0,0,0,0,0,0,0,0,0,1,0,0,0,0,0,0,0,0,0,0,0,0,0,0,2,0,0
241,0,0,0,0,0,0,0,0,0,0,0,0,0,0,0,0,0,0,0,0,0,0,0,0,0,0,0,0,0,0,0,0,0,0,0,0,0,0,0,0,0,0,0,0,0,0,0,0,0,0,0,0,0,0,0,0,0,0,0,0,0,0,0,0,0,0,0,0,0,0,0,0,0,0,0,0,0,0,0,0,0,0,0,0,0,0,0,0,8,0,0,0,0,0,1,0,0
242,0,0,0,0,0,0,0,0,0,0,6,0,0,0,0,0,0,0,0,0,0,0,0,0,0,0,0,0,0,0,0,0,0,0,0,0,0,0,0,0,0,0,0,0,0,0,0,0,0,0,0,0,0,0,0,0,0,0,0,0,0,0,0,0,0,0,0,0,0,0,0,0,0,0,0,0,0,0,0,0,0,0,0,0,0,0,0,0,5,0,0,0,0,0,0,0,0
243,0,0,0,0,0,0,0,0,0,0,1,0,0,0,0,0,0,0,0,0,0,0,0,0,0,1,0,0,0,0,0,0,0,0,0,0,0,0,0,0,0,0,0,0,0,0,0,0,0,0,0,0,0,0,0,0,0,0,0,0,0,0,0,0,0,0,0,0,0,0,0,0,0,0,0,2,0,0,0,0,0,0,0,0,0,0,0,0,0,0,0,0,0,0,0,0,0
244,0,0,0,0,0,0,0,0,0,0,0,0,0,0,0,0,0,0,0,0,0,0,0,0,0,1,13,0,0,0,0,0,0,0,0,0,0,0,0,0,0,0,0,0,0,0,0,0,0,0,0,0,0,0,0,0,0,0,0,0,0,0,0,0,0,0,0,0,0,0,0,0,0,0,0,0,0,0,0,0,0,0,0,0,0,0,0,0,0,0,0,0,0,0,0,0,0
245,0,0,0,16,0,0,0,0,0,0,0,0,0,0,0,0,0,0,0,0,0,0,0,0,0,0,34,0,0,0,0,0,0,0,0,0,0,0,0,0,0,0,0,0,0,0,0,0,0,0,0,0,0,0,0,0,0,0,0,0,0,0,0,0,0,0,0,0,0,0,0,0,0,0,0,0,0,0,0,0,0,0,0,0,0,0,0,0,0,0,0,0,0,0,0,0,0
246,0,0,0,0,0,0,0,1,0,0,0,6,0,0,0,0,0,0,0,0,0,0,0,0,0,0,2,0,0,16,0,0,0,0,0,0,0,13,0,0,1,0,0,0,0,0,0,0,0,4,0,0,3,2,0,0,0,0,4,5,0,0,0,0,0,0,0,0,0,0,0,0,0,2,0,0,0,0,1,4,0,0,0,0,0,0,0,0,0,0,0,0,0,0,0,0,0
247,0,0,0,23,0,0,0,0,0,0,0,0,0,0,0,0,0,0,0,0,0,0,0,0,0,0,11,0,0,0,0,0,0,0,0,0,0,0,0,0,0,0,0,0,0,0,0,0,0,0,0,0,0,0,0,0,0,0,0,0,8,0,0,0,0,0,0,0,0,0,0,0,0,0,0,0,0,0,0,0,0,0,0,0,0,0,0,0,0,0,0,0,0,0,0,0,0
248,0,0,0,0,0,0,0,0,0,0,0,0,0,8,0,0,0,0,0,0,0,0,0,0,0,0,0,0,0,0,0,0,0,0,0,0,0,0,0,0,0,0,0,0,0,0,0,0,0,0,0,0,0,0,0,0,0,0,0,0,0,0,0,0,0,0,0,0,0,0,0,0,0,0,0,0,0,0,0,0,0,0,0,0,0,0,0,0,0,0,0,0,0,0,0,0,0
249,0,0,0,0,0,0,0,0,0,0,0,0,0,0,0,0,0,0,0,0,0,0,0,0,0,0,0,0,0,0,0,0,0,0,0,0,0,1,0,0,0,0,0,0,0,0,0,0,0,0,0,0,0,0,0,0,0,0,0,0,0,0,0,0,0,0,0,0,0,0,0,0,0,0,0,0,0,0,0,0,0,0,0,0,0,0,0,0,0,0,0,0,0,0,0,0,0
250,0,0,0,0,0,0,0,0,0,0,3,0,0,0,0,0,0,0,0,0,0,0,0,0,0,0,0,0,0,0,0,0,0,0,0,0,0,0,0,0,0,0,0,0,0,0,0,0,0,0,0,0,0,0,0,0,0,0,0,2,0,0,0,0,0,0,0,0,0,0,0,0,0,0,0,0,0,0,0,0,0,0,0,0,0,0,0,0,0,0,0,0,0,0,0,0,0
251,0,0,0,0,0,0,0,0,0,0,4,0,0,0,0,0,0,0,0,0,0,0,0,0,0,0,0,0,0,0,0,0,0,0,0,0,0,0,0,0,0,0,0,0,0,0,0,0,0,0,0,0,0,0,0,0,0,0,0,0,0,0,0,0,0,0,0,0,0,0,0,0,0,0,0,0,0,0,0,0,0,0,0,0,0,0,0,0,0,0,0,0,0,0,0,0,0
252,0,0,0,0,0,0,0,0,0,0,0,0,0,0,0,0,0,0,0,0,0,0,0,0,0,0,0,0,0,0,0,0,0,0,0,0,0,0,0,0,0,0,0,0,0,0,0,0,0,0,0,0,0,0,0,6,0,0,0,3,0,0,0,0,0,0,0,0,0,0,0,0,0,0,0,0,0,0,0,0,0,0,0,0,0,0,0,0,0,2,0,0,0,0,0,0,0
253,0,0,0,0,0,0,0,0,0,0,0,0,0,0,0,0,0,0,0,0,0,0,0,0,0,0,0,0,0,0,0,0,0,0,0,0,0,0,0,0,0,0,0,0,0,0,0,0,0,0,0,0,0,0,0,0,0,0,0,0,0,0,0,0,0,0,0,0,0,0,0,0,0,0,0,0,0,0,0,0,0,0,0,0,0,0,0,0,0,0,0,0,0,0,0,0,0
254,0,0,0,0,0,0,0,0,0,0,0,0,0,0,0,0,0,0,0,0,0,0,0,0,0,0,0,0,0,0,0,0,0,0,0,0,0,0,0,0,0,0,0,0,0,0,0,0,0,0,0,0,0,0,0,0,0,0,0,0,0,0,0,0,0,0,0,0,0,0,0,0,0,0,0,3,0,0,0,0,0,0,0,0,0,0,0,0,0,0,0,0,0,0,0,0,0
255,0,0,0,0,0,0,0,0,0,0,0,1,0,0,0,0,0,0,0,0,0,0,0,0,0,0,0,0,0,0,0,0,0,0,0,0,0,0,0,0,0,0,0,0,0,0,0,0,0,0,0,0,0,0,0,0,0,0,0,0,0,0,0,0,0,0,0,0,0,0,0,0,0,0,0,0,0,0,0,0,0,0,0,0,0,0,0,0,0,8,0,0,0,0,0,0,0
256,0,0,0,0,0,0,0,0,0,0,0,29,0,0,0,0,0,0,0,0,0,0,0,0,0,0,0,0,0,0,0,0,0,0,0,0,0,0,0,0,0,0,0,0,0,0,0,0,0,0,0,0,0,0,0,0,0,0,0,0,0,0,0,0,0,0,0,0,0,0,0,0,0,0,0,0,0,0,0,0,0,0,0,0,0,0,1,0,0,0,0,0,0,0,0,0,0
257,0,0,0,0,0,0,0,3,0,0,0,0,0,0,0,0,0,0,0,0,0,0,0,1,0,0,0,10,0,2,1,0,0,0,0,0,0,0,0,4,0,0,0,0,0,0,0,0,1,0,0,0,5,0,0,0,0,0,20,0,0,0,0,0,0,0,0,0,0,0,0,0,0,0,0,0,0,0,0,0,0,0,0,0,0,0,0,0,0,0,0,0,0,0,0,0,0
258,0,0,0,0,0,0,0,0,0,0,0,0,0,0,0,0,0,0,0,0,0,0,0,0,0,0,0,0,0,0,0,0,0,0,0,0,0,0,0,0,0,0,0,0,0,0,0,0,0,9,0,0,0,0,0,0,0,0,0,0,0,0,0,0,0,0,0,0,0,0,0,0,0,0,0,0,0,0,0,0,0,0,0,0,0,0,3,0,0,0,0,0,0,0,2,0,0
259,0,0,0,0,0,0,0,0,0,0,0,0,0,0,0,0,0,0,0,0,0,0,0,0,0,0,0,0,0,0,0,0,0,0,0,0,0,0,0,0,0,0,0,0,0,0,0,0,0,5,0,0,0,0,0,0,0,0,0,0,0,0,0,0,0,0,0,0,0,0,0,0,0,0,0,0,0,0,0,0,0,0,0,0,0,0,0,0,0,0,0,0,0,0,35,0,0
260,0,0,0,0,0,0,0,0,0,0,0,0,0,0,0,0,0,0,0,0,0,0,0,0,0,0,0,0,0,0,0,0,0,0,0,0,0,0,0,0,0,0,0,0,0,0,0,0,0,1,0,0,0,0,0,0,0,0,0,0,0,0,0,0,0,0,0,0,0,0,0,0,0,0,0,0,0,0,0,0,0,0,0,0,0,0,0,0,0,0,0,0,0,0,0,0,0
261,0,0,0,0,0,0,0,0,0,0,0,0,0,0,0,0,0,0,0,0,0,0,0,0,0,0,0,0,0,0,0,0,0,0,0,0,0,0,0,0,0,0,0,0,0,0,0,0,0,0,0,0,0,0,0,0,0,0,0,0,0,0,0,0,0,0,0,0,0,0,0,0,0,0,0,0,0,0,0,0,0,0,0,0,0,0,0,0,0,0,0,0,0,0,0,0,0
262,0,0,0,0,0,0,0,0,0,0,0,0,0,0,0,0,0,1,0,0,0,0,0,0,0,0,0,0,0,0,0,0,0,0,0,0,0,0,0,0,0,0,0,0,2,0,0,0,0,0,0,0,0,0,0,0,0,0,0,0,0,0,0,0,0,0,0,0,0,0,0,0,0,0,0,0,9,0,5,0,0,0,0,9,0,0,0,0,0,0,0,0,0,0,0,0,0
263,0,0,0,0,0,0,0,0,0,0,0,0,0,0,0,0,0,0,0,0,0,0,0,0,0,0,0,12,0,0,0,0,0,0,0,0,0,0,0,0,0,0,0,0,0,0,0,0,0,0,0,0,0,0,0,0,0,0,0,0,0,0,0,0,0,0,0,0,0,0,0,0,0,0,0,0,0,0,0,0,0,0,0,0,0,0,0,0,0,0,0,0,0,0,27,0,0
264,0,0,0,0,0,0,0,0,0,0,0,0,0,0,0,0,0,0,0,0,0,0,0,0,0,0,0,5,0,0,0,0,0,0,0,0,0,0,0,0,0,0,0,0,0,0,0,0,0,0,0,0,0,0,0,0,0,0,0,0,0,0,0,0,0,0,0,0,0,0,0,0,0,0,0,8,0,0,0,0,0,0,0,0,0,0,0,0,0,0,0,0,0,0,0,0,0
265,0,0,0,0,0,0,0,0,0,0,0,0,0,0,0,0,0,0,0,0,0,0,3,0,0,0,0,0,0,0,1,0,0,0,0,0,0,0,0,0,0,0,0,0,0,0,0,0,0,0,0,0,0,0,0,0,0,0,0,0,0,0,0,0,2,0,0,0,0,0,0,4,0,0,0,1,0,0,0,0,0,0,0,0,0,0,0,0,0,0,0,0,0,0,0,0,0
266,0,0,0,0,0,0,0,0,0,0,0,0,0,0,0,0,0,0,0,0,0,0,17,0,0,0,0,8,0,0,0,0,0,0,0,0,0,0,0,0,0,0,0,0,0,0,0,0,0,0,0,0,0,0,0,0,0,0,0,0,0,0,0,0,0,0,0,0,0,0,0,0,0,0,0,0,0,0,0,0,0,0,0,0,0,0,0,0,0,0,0,0,0,0,0,0,0
267,0,0,0,0,0,0,0,0,0,0,0,0,0,0,0,0,0,0,0,0,0,0,13,0,0,0,0,2,0,0,0,0,0,0,0,5,0,0,0,0,0,0,0,0,0,0,0,0,0,0,0,0,0,0,0,0,0,0,0,0,0,0,0,0,0,0,0,0,0,0,0,0,0,0,0,0,0,0,0,0,0,0,0,0,0,0,0,0,0,0,0,0,0,0,0,0,0
268,0,0,0,0,0,0,0,2,0,0,0,0,0,0,0,0,0,0,0,1,0,1,0,8,0,5,0,52,0,0,0,0,0,0,0,0,0,9,0,13,0,0,0,0,0,0,0,5,0,0,0,0,2,0,0,0,0,0,6,0,0,0,0,0,0,0,0,0,0,3,0,0,0,0,0,0,0,2,0,0,0,2,0,0,0,0,0,0,0,0,0,0,0,0,1,1,0
269,0,0,0,0,0,0,0,0,0,0,0,0,0,0,0,0,0,0,0,0,0,0,0,0,0,0,0,0,0,0,0,0,0,0,0,0,0,0,0,0,0,0,0,0,0,0,0,0,0,0,0,0,0,0,0,0,0,0,0,4,0,0,0,0,0,0,0,0,0,0,0,0,0,0,0,0,0,0,0,0,0,0,0,0,0,0,0,0,0,0,0,0,0,0,0,0,0
270,0,0,0,0,0,0,0,0,0,0,0,0,0,0,0,0,0,0,0,0,0,0,0,0,0,0,0,0,0,0,0,0,0,0,0,0,0,0,0,0,0,0,0,0,0,0,1,0,0,0,0,0,0,0,0,2,0,0,0,3,0,0,0,0,0,0,0,0,0,0,0,0,0,0,0,0,0,1,27,0,0,0,0,0,0,0,0,0,0,0,0,0,0,0,0,0,0
271,0,0,0,0,0,0,0,0,0,0,0,0,0,0,0,0,0,0,0,0,0,0,0,0,0,0,0,0,0,0,0,0,0,0,1,0,0,0,0,0,0,0,0,0,0,0,0,0,0,0,0,0,0,0,0,0,0,0,0,0,0,0,0,0,0,0,0,0,0,0,0,0,0,0,0,0,0,6,0,0,0,0,0,0,0,0,0,0,0,0,0,0,0,0,0,0,6
272,0,0,0,0,0,0,0,0,0,0,0,0,0,0,0,0,0,0,0,0,0,0,0,0,0,0,0,0,0,0,0,0,0,0,1,0,0,0,0,1,0,0,0,0,0,0,0,0,0,0,0,0,0,0,0,0,0,0,0,0,0,0,0,0,0,0,0,0,0,0,0,0,0,0,0,0,0,0,0,0,0,0,0,0,0,0,0,0,0,0,0,0,0,0,1,0,0
273,0,0,0,0,0,0,0,0,0,0,0,0,0,0,0,0,0,0,0,0,0,0,0,0,0,0,0,0,0,0,0,0,0,0,11,0,0,0,0,0,0,0,0,0,0,0,0,0,0,0,0,0,0,0,0,0,0,0,0,0,0,1,0,0,0,0,0,0,0,0,0,0,0,0,0,0,0,0,0,1,0,0,0,0,0,0,0,0,0,0,0,0,0,0,25,0,0
274,0,0,0,0,0,0,0,0,0,0,0,0,1,0,0,0,0,0,0,0,0,0,0,11,0,0,0,0,0,0,0,0,0,0,9,0,0,0,0,0,0,0,0,0,0,0,0,0,0,0,0,0,0,0,0,0,0,0,0,0,0,10,0,0,0,0,0,0,0,1,0,0,0,0,0,0,0,0,0,1,0,0,1,0,0,0,0,0,0,0,0,0,0,0,0,0,0
275,0,0,0,0,0,0,0,0,0,0,0,0,8,0,0,0,0,0,0,0,0,0,0,7,0,1,0,0,0,0,0,0,0,0,7,0,0,0,0,1,0,0,0,0,0,0,0,0,0,0,0,0,0,0,0,22,0,0,0,0,0,6,0,0,0,0,0,0,0,0,0,0,0,0,0,0,0,0,0,0,0,0,0,0,4,0,0,0,0,0,0,0,0,0,0,0,0
276,0,0,0,0,0,0,0,0,0,0,0,0,1,0,0,0,0,0,0,0,0,2,0,7,0,4,0,0,3,0,0,0,0,0,0,0,0,0,0,8,0,0,0,0,0,0,0,0,0,0,0,0,0,0,0,0,0,0,0,0,2,4,0,0,0,0,0,0,0,0,0,0,0,0,0,0,0,0,0,0,0,0,1,2,0,0,0,0,0,0,0,0,0,0,0,0,0
277,0,0,0,0,0,0,0,0,1,0,0,0,0,0,0,0,0,0,0,0,0,2,0,0,0,0,0,0,3,0,0,0,0,0,0,0,0,0,0,2,0,0,0,0,0,0,0,0,0,0,0,0,0,0,0,0,0,0,0,0,14,0,0,0,0,0,0,0,0,0,0,0,0,0,0,0,0,3,0,0,0,3,0,11,0,0,0,0,0,0,0,0,0,0,2,0,0
278,0,0,0,0,0,0,0,0,2,0,0,0,0,0,0,0,0,0,0,0,0,0,0,0,0,0,0,0,1,0,0,0,0,0,0,0,0,0,0,0,0,0,0,0,0,0,0,0,0,0,0,0,0,0,0,0,0,0,0,0,0,0,0,0,0,0,0,0,0,0,0,0,0,0,0,0,0,0,0,0,0,10,0,45,0,0,0,0,0,0,0,0,0,0,0,0,0
279,0,0,0,0,0,0,0,0,0,0,0,0,0,0,16,0,16,0,0,0,0,0,0,1,0,8,0,61,0,0,20,0,0,0,0,0,0,0,0,2,0,0,0,0,0,0,3,12,0,0,4,0,6,0,0,0,0,0,0,0,0,0,0,0,0,0,0,0,0,3,0,0,0,0,0,0,0,1,0,0,0,10,0,0,0,0,0,0,0,0,0,0,0,0,0,0,0
280,0,0,0,4,0,0,0,0,0,0,0,0,0,0,0,0,0,0,0,0,0,0,0,0,0,0,0,0,0,0,0,0,0,0,0,0,0,0,0,0,9,0,0,0,0,0,0,0,0,0,0,0,0,0,0,0,0,0,0,0,0,0,0,0,0,0,0,0,0,0,0,21,0,0,0,0,3,0,0,0,0,0,0,0,0,0,0,0,0,0,0,0,0,0,0,0,0
281,0,0,0,0,0,0,0,0,0,0,0,0,0,0,0,0,0,0,0,0,0,0,0,0,0,0,0,0,0,0,0,0,0,0,0,0,0,0,0,0,9,0,0,0,0,0,0,0,0,0,0,0,0,0,0,0,0,0,0,0,0,0,0,0,0,0,0,0,0,0,0,23,0,0,0,0,0,0,0,0,0,0,0,0,0,0,0,0,0,0,0,0,0,0,0,0,0
282,0,0,0,4,0,0,0,0,0,0,0,0,0,0,0,0,0,0,0,0,0,0,0,0,0,0,0,0,0,0,0,0,0,0,0,3,0,0,0,0,0,0,0,0,0,0,0,0,0,0,0,0,0,0,0,0,0,0,20,0,0,0,0,0,0,0,0,0,0,0,0,8,0,0,0,0,0,0,0,0,0,0,0,0,0,0,0,0,0,0,0,0,0,0,0,0,0
283,0,0,0,19,0,1,0,0,0,1,0,0,0,0,0,0,0,0,0,0,0,0,0,0,0,0,0,0,2,0,0,0,0,4,0,6,0,0,0,0,0,0,0,0,0,0,0,0,0,0,0,0,0,0,0,0,0,0,4,0,0,0,0,0,0,0,0,0,0,0,0,0,0,0,0,0,0,0,0,0,0,0,0,0,0,0,0,0,0,0,0,0,0,0,0,0,0
284,0,0,0,0,1,0,0,0,0,0,0,1,0,0,0,0,38,0,0,0,0,0,0,0,0,0,2,0,26,0,0,0,0,0,0,3,0,0,0,0,0,0,0,0,0,0,0,0,0,0,0,0,0,0,0,0,0,0,0,0,0,0,0,0,0,0,0,0,0,0,0,0,0,0,0,0,0,0,0,0,0,0,0,8,0,0,0,0,0,0,0,0,0,0,0,0,0
285,0,0,0,0,0,0,0,0,0,0,0,0,0,0,0,0,0,0,0,0,0,0,0,0,0,0,0,0,11,0,0,0,0,0,0,27,0,0,0,5,0,0,0,0,0,0,0,0,0,0,0,0,0,0,0,0,3,0,0,0,0,0,0,0,0,0,0,0,0,0,0,0,0,0,0,0,0,0,0,0,0,0,0,0,0,0,0,0,0,0,0,0,0,0,0,0,0
286,0,0,0,0,0,0,0,0,0,0,0,0,0,0,0,0,0,0,0,0,0,0,0,0,0,0,0,0,0,0,0,0,0,0,0,1,4,0,0,84,0,0,0,0,0,0,0,0,0,0,0,0,0,0,0,0,9,0,0,0,0,0,0,0,0,0,0,0,0,0,0,0,0,0,0,0,0,0,0,0,0,0,0,0,0,0,0,0,0,0,0,0,0,0,0,0,0
287,0,0,0,0,0,0,0,0,0,0,0,0,0,0,0,0,0,0,0,0,0,14,0,0,0,0,0,0,0,0,0,0,0,0,0,0,0,0,0,0,0,0,0,0,0,0,0,0,0,0,0,0,0,0,4,0,2,0,0,0,0,0,0,0,0,0,0,0,0,0,0,0,0,0,0,0,0,0,0,0,0,0,0,0,0,0,9,0,0,0,0,0,0,0,0,0,0
288,0,0,0,0,0,0,0,0,0,0,0,0,0,0,0,0,0,0,0,0,1,4,0,0,0,0,0,0,8,0,0,0,0,1,0,0,0,0,0,0,0,0,0,0,0,0,0,0,0,0,0,0,0,0,0,0,0,0,0,0,0,0,0,0,7,0,0,0,0,0,0,0,0,0,0,0,0,0,0,0,0,0,0,0,0,0,4,0,0,0,0,0,0,0,0,0,0
289,0,0,0,0,0,0,0,0,0,0,0,0,0,0,0,0,0,0,7,0,0,0,1,0,0,0,0,0,16,0,0,1,0,0,0,0,0,0,0,0,6,0,0,0,0,0,0,0,3,0,0,0,0,0,0,0,0,0,0,0,0,0,0,0,6,0,0,0,0,0,0,0,0,0,0,0,0,4,0,0,0,0,0,0,0,0,2,0,40,0,0,0,0,0,0,0,0
290,0,0,0,0,0,0,1,0,0,0,0,0,0,0,33,0,22,0,0,1,0,0,0,4,0,0,0,31,0,0,0,0,0,0,0,0,0,0,0,0,0,0,0,0,0,0,0,31,0,0,16,0,2,0,0,0,2,0,0,0,0,0,0,0,0,0,0,0,0,6,0,0,0,0,0,0,0,3,0,0,0,0,0,0,0,0,0,0,0,0,0,0,0,0,0,0,0
291,0,0,0,0,0,0,0,1,33,0,0,0,0,0,0,0,0,0,10,0,0,0,4,0,0,0,0,0,2,0,0,12,0,0,0,0,0,0,0,0,0,0,0,0,0,0,0,0,0,0,0,0,0,0,0,0,0,0,0,0,0,0,0,0,0,0,0,0,0,0,0,0,0,0,3,0,0,14,0,0,8,0,4,0,0,9,0,0,13,0,0,0,0,0,0,0,0
292,11,0,1,0,0,0,0,0,8,0,0,0,0,0,0,0,0,0,0,1,0,0,0,0,0,0,0,0,0,0,0,0,0,1,0,0,0,0,0,0,0,0,0,0,0,0,0,0,0,0,0,0,0,0,0,0,0,0,0,0,0,0,0,0,3,0,0,0,0,0,0,0,0,2,1,0,0,6,0,0,0,0,46,0,0,13,0,0,0,0,0,0,0,0,0,0,0
293,9,0,0,0,0,0,0,0,0,0,0,0,0,0,0,0,0,0,0,0,0,0,0,0,0,0,0,0,0,0,0,0,0,0,0,0,0,0,0,0,0,0,0,0,0,0,0,0,0,0,0,0,0,0,0,0,2,0,0,0,0,0,0,0,0,6,0,0,0,0,0,0,0,0,18,0,0,0,0,4,0,0,9,0,0,0,0,0,0,0,0,0,0,0,0,0,0
294,0,0,0,0,3,0,0,0,0,0,0,0,0,0,2,0,0,0,0,0,0,0,0,0,0,0,0,1,0,12,0,0,0,0,0,0,0,0,0,0,0,0,0,0,4,0,0,0,0,0,0,0,0,0,0,0,0,0,0,0,0,0,0,0,0,8,0,0,0,0,0,0,0,0,20,0,0,0,0,19,0,0,0,0,0,2,0,0,0,0,0,0,0,0,0,0,0
295,0,0,0,0,1,0,0,0,0,0,0,0,0,0,4,0,0,0,0,0,0,0,0,0,0,0,0,0,0,11,0,0,0,0,0,0,0,0,0,0,0,0,0,0,0,0,0,0,0,0,0,0,0,0,0,0,0,0,0,0,0,0,0,0,0,0,0,0,0,0,0,0,0,0,0,0,5,2,0,0,0,0,0,0,0,12,0,15,0,0,0,0,0,0,1,0,0
296,0,0,0,0,1,0,0,0,0,0,0,0,0,0,4,0,0,0,0,0,0,0,0,0,0,0,0,0,0,11,0,0,0,0,0,0,0,0,0,0,0,0,0,0,0,0,0,0,0,0,0,0,0,0,0,0,0,0,0,0,0,0,0,0,0,0,0,0,0,0,0,0,0,0,0,0,5,0,0,0,0,0,0,0,0,0,0,15,0,0,0,0,0,0,1,0,0
297,,,,0,,,,0,,,,0,,,,0,,,,0,,,,0,,,,0,,,,0,,,,0,,,,0,,,0,,,,0,,,,0,,,,0,,,0,,,,0,,,,0,,,,0,,,,0,,,,0,,,,0,,,,0,,,,0,,,,0,,,
298,0,0,0,0,0,0,32,0,0,0,0,0,0,0,0,0,0,0,0,0,0,0,0,2,0,0,0,0,0,0,0,0,0,0,0,0,0,0,0,0,0,0,0,0,0,0,0,54,0,41,0,0,0,0,0,0,0,0,2,0,0,0,0,0,0,0,0,0,0,24,1,0,0,0,0,0,0,0,0,0,0,0,1,0,0,0,3,0,0,0,0,0,0,0,0,0,0
299,9,0,0,0,0,0,33,0,0,0,0,0,0,0,0,0,0,0,0,0,0,0,0,14,0,0,0,0,0,0,0,0,0,0,0,9,0,0,0,11,0,0,0,0,0,0,0,0,0,0,0,0,0,0,0,0,0,0,15,0,0,0,0,0,0,0,0,0,0,0,0,0,0,0,0,0,3,0,0,0,0,0,0,0,0,0,0,0,0,14,0,0,0,0,0,0,0
300,0,0,0,0,0,0,0,0,0,0,0,0,0,0,1,0,0,0,0,0,0,0,0,3,0,0,0,5,0,0,10,0,0,0,0,15,0,13,0,0,0,0,0,0,0,2,0,0,3,0,0,0,0,0,0,0,0,0,17,1,0,0,0,0,0,0,0,0,0,1,0,0,0,0,0,21,50,0,0,0,0,0,0,0,0,0,55,0,0,0,0,6,0,0,0,0,0
301,0,0,0,0,5,0,0,0,0,0,24,0,0,0,0,0,0,0,0,0,0,0,0,2,0,0,0,0,0,0,0,0,0,0,0,0,0,0,0,0,0,0,0,0,0,1,0,0,0,0,0,0,0,0,0,0,0,0,1,0,0,0,3,0,0,0,0,0,0,0,0,0,0,0,0,0,0,0,0,1,0,0,0,0,0,0,0,0,0,0,0,0,0,0,0,0,0
302,0,0,0,0,0,0,0,0,0,0,0,0,0,0,16,0,0,0,0,0,0,0,0,0,0,0,0,0,0,0,2,0,0,0,0,0,4,2,0,6,0,0,0,0,0,2,0,0,6,1,0,0,0,0,0,0,0,0,0,0,0,0,0,0,0,0,0,0,0,0,0,0,0,0,0,0,0,0,0,0,0,0,0,0,0,0,1,0,0,0,0,38,0,0,0,0,0
303,0,0,0,0,0,0,0,0,0,0,0,0,0,0,9,0,0,0,0,0,0,0,1,0,0,0,8,0,0,5,0,0,0,0,0,0,0,0,0,19,0,0,0,0,0,0,0,0,1,3,0,0,0,0,0,0,0,0,0,0,0,1,0,0,0,0,0,0,0,0,0,0,0,0,0,0,0,0,0,0,0,0,0,10,0,0,0,0,3,0,0,0,0,8,0,0,0
304,0,0,0,0,0,0,0,0,0,0,0,0,0,0,8,0,0,0,0,0,0,0,15,0,0,0,0,0,0,1,0,0,0,0,0,0,2,0,0,1,0,0,0,0,0,0,0,0,0,0,0,0,0,0,0,0,0,0,0,0,0,1,0,0,0,0,0,0,1,0,0,0,0,0,0,0,0,0,0,3,0,0,0,1,0,0,0,2,0,0,0,0,0,6,0,0,0
305,0,0,0,0,0,0,0,0,0,0,0,0,0,0,0,0,0,0,0,0,0,0,0,0,0,0,0,1,0,0,13,0,0,0,0,0,41,0,0,0,0,0,0,0,0,0,0,0,0,0,0,0,0,0,0,0,0,0,0,0,0,0,0,0,0,0,0,0,0,0,0,0,0,0,0,0,0,0,0,2,0,0,0,0,0,0,0,0,0,0,0,0,0,0,0,0,0
306,0,0,0,0,0,0,4,0,0,0,0,0,0,0,0,0,0,0,0,0,0,0,0,0,0,0,0,2,0,0,0,0,9,0,0,0,21,0,0,0,5,0,0,0,0,0,0,11,0,0,0,0,0,0,0,0,3,0,0,0,0,0,6,13,0,0,0,0,0,0,0,0,0,0,0,0,0,0,0,0,0,0,0,0,0,0,0,7,0,3,0,0,0,0,0,0,0
307,0,0,0,0,0,3,0,0,0,0,0,0,0,0,0,1,0,0,0,0,0,0,0,0,0,0,0,8,0,0,0,0,0,0,0,0,0,0,0,0,0,0,0,0,0,0,0,0,0,0,0,0,3,0,0,0,0,0,0,0,0,0,1,1,0,0,2,0,0,0,0,0,0,0,0,0,0,0,0,0,0,0,0,0,0,0,0,30,0,0,0,0,2,0,0,0,0
308,0,0,0,0,3,1,0,0,0,1,0,0,0,2,0,0,0,0,0,0,0,0,0,0,0,0,0,19,0,0,2,1,0,0,0,0,0,10,0,0,0,6,0,0,0,0,0,0,0,0,0,0,0,0,0,0,0,0,0,0,0,0,0,0,0,0,0,0,0,0,0,0,1,0,0,0,0,0,0,0,0,0,0,3,0,3,0,1,0,0,0,0,29,0,0,0,0
309,0,0,0,0,16,23,0,0,0,0,0,0,30,0,0,0,0,0,1,0,0,0,12,0,0,0,8,0,0,0,0,0,0,0,7,0,0,0,0,0,0,0,0,0,0,0,0,0,0,0,0,0,1,0,0,0,0,0,0,0,0,0,0,0,0,0,0,0,0,0,0,0,0,10,0,0,10,2,0,2,0,0,0,0,10,0,0,0,0,0,0,0,0,0,0,1,0
310,0,0,0,0,19,24,0,0,0,0,0,0,2,3,0,0,0,0,1,0,0,0,1,0,0,0,7,0,0,0,7,0,0,17,29,0,0,0,20,0,0,0,0,0,0,0,0,0,0,0,0,0,0,0,0,0,0,0,0,3,10,0,0,0,0,0,0,0,0,0,0,0,0,3,0,2,0,0,0,1,0,0,0,0,5,0,0,0,0,0,6,0,0,0,0,1,0
311,0,0,0,0,1,0,1,0,0,0,0,0,0,31,0,9,0,0,0,0,0,0,0,0,0,0,0,0,0,0,2,0,0,0,0,1,0,0,0,0,0,0,0,0,0,0,0,0,0,0,0,0,0,0,0,0,0,0,0,0,0,0,0,0,0,0,0,0,0,0,1,0,0,2,0,71,0,0,0,0,0,5,0,0,0,0,0,13,0,3,0,0,0,0,0,0,0
312,2,0,0,0,7,0,0,0,0,0,27,0,0,0,0,0,0,0,0,0,0,0,0,4,0,0,0,0,0,0,0,0,0,0,0,0,0,0,0,0,0,8,0,32,0,1,0,0,0,0,0,0,0,0,0,0,0,0,0,0,0,0,0,0,0,0,0,0,0,0,0,0,0,0,0,0,0,0,0,8,0,0,0,0,0,0,0,0,0,0,0,0,0,0,0,0,0
313,10,0,0,0,0,1,0,0,0,1,0,0,0,3,0,0,0,0,0,0,0,0,0,0,0,0,0,0,0,0,15,0,0,0,0,0,0,0,0,0,4,0,21,0,0,0,0,0,0,0,0,0,1,0,0,0,0,0,0,3,0,2,9,0,0,0,0,0,0,0,0,0,0,4,0,0,20,0,0,0,0,12,0,0,0,0,1,28,0,0,0,0,0,0,0,0,0
314,0,0,0,0,3,0,11,0,0,0,0,0,0,0,0,0,0,0,0,0,0,0,0,0,0,0,0,0,0,0,0,0,0,0,0,0,0,0,0,0,27,0,7,0,0,0,0,0,0,0,0,0,8,0,0,0,0,0,0,0,0,0,0,0,0,18,0,0,0,0,0,0,1,0,0,0,8,0,0,0,0,36,0,1,0,0,0,47,0,0,0,0,0,0,0,0,0
315,0,4,0,0,0,0,0,0,0,0,0,0,0,0,0,0,0,0,0,0,0,0,0,0,0,0,1,0,0,0,0,0,0,0,0,0,5,0,0,0,12,0,0,0,0,0,2,0,0,0,4,0,23,0,0,0,0,0,0,0,0,0,0,0,0,6,0,0,7,0,0,0,0,0,0,0,0,0,0,0,0,13,0,0,0,0,0,0,0,0,0,0,0,0,0,0,0
316,1,0,0,0,0,10,0,0,0,0,0,0,1,0,0,0,0,0,0,0,0,0,1,0,0,0,6,0,0,0,0,0,0,0,0,0,50,0,0,0,0,0,0,0,0,0,0,0,0,0,11,0,0,0,0,0,0,0,0,0,0,0,0,0,0,0,0,0,2,0,0,0,0,0,0,0,0,0,0,0,0,5,0,0,0,0,0,0,0,0,0,3,0,0,0,0,0
317,2,0,0,0,0,30,0,0,1,0,0,0,0,0,0,0,0,0,0,0,0,0,15,0,0,0,30,0,0,0,0,0,0,0,0,0,0,0,25,0,0,0,0,0,0,0,0,0,0,0,2,0,0,0,0,0,0,0,0,0,0,0,0,0,0,0,0,0,0,0,0,0,0,0,0,0,0,0,0,0,0,0,0,0,0,0,0,0,0,0,0,0,16,1,0,0,0
318,0,0,0,0,0,13,0,0,6,0,0,0,0,0,0,0,0,0,0,0,0,0,42,0,0,0,0,0,0,0,3,0,0,0,0,10,0,1,0,0,0,0,3,0,3,0,0,0,0,0,0,0,8,0,0,0,0,0,0,0,0,0,0,0,0,0,0,0,0,0,0,0,0,0,0,0,0,0,0,0,1,0,0,0,0,2,0,0,0,0,0,0,0,0,0,2,0
319,0,0,0,0,0,0,0,0,1,0,0,0,4,0,0,0,0,0,0,0,0,0,0,0,0,0,0,0,0,0,0,0,10,0,0,0,0,0,0,0,0,0,0,0,5,0,0,0,0,0,0,0,7,0,0,0,0,0,0,15,0,0,0,0,0,0,0,0,0,0,2,0,0,0,2,0,0,0,0,0,0,0,0,0,0,0,0,0,0,0,3,0,0,2,0,16,0
320,0,0,0,0,0,0,0,0,0,0,0,0,0,0,0,0,0,0,0,0,0,0,0,0,0,0,0,0,0,0,0,0,12,0,0,0,0,0,0,0,0,0,0,0,3,0,0,0,0,0,0,0,0,0,0,0,0,0,0,1,0,0,0,0,0,0,0,0,0,0,9,0,0,0,0,0,0,0,0,0,0,0,0,0,0,0,0,3,3,0,4,0,0,17,0,9,0
321,0,0,0,0,0,0,0,0,0,0,0,0,0,0,0,0,0,0,0,0,0,0,0,0,0,0,0,0,0,0,0,0,0,0,0,0,0,0,0,0,0,0,0,0,0,0,9,0,0,0,0,0,0,0,0,0,1,0,0,0,0,0,0,1,0,0,0,0,0,0,8,0,0,0,0,0,0,0,0,0,0,0,0,0,0,0,0,0,43,0,2,0,0,22,0,0,0
322,0,0,0,0,6,0,0,0,0,0,0,0,0,0,0,0,0,0,0,0,0,0,0,0,1,0,0,0,0,0,0,0,0,0,0,0,18,0,1,0,0,0,0,0,0,0,3,0,0,0,0,0,0,0,0,0,2,0,0,0,0,0,0,0,0,4,0,13,29,0,13,0,0,0,0,0,0,0,2,1,0,0,0,0,0,0,0,21,0,0,0,0,1,0,0,0,0
323,0,0,2,0,0,0,0,0,0,0,0,0,0,0,0,0,0,0,0,0,0,0,0,7,0,0,0,0,0,0,0,0,0,0,0,0,4,0,0,0,0,1,0,46,0,38,0,0,0,0,0,0,0,0,0,0,0,0,0,0,0,0,0,0,0,0,0,0,0,0,0,0,0,0,0,0,0,0,1,0,0,0,0,0,0,0,3,0,0,0,3,0,0,0,0,0,0
324,0,0,0,0,0,0,0,0,0,0,1,0,0,0,0,0,0,0,0,0,0,0,0,0,0,0,0,0,0,0,0,0,0,0,0,0,0,0,4,4,0,0,0,0,0,0,0,0,0,0,0,0,0,0,2,0,1,0,0,0,0,0,0,0,0,1,0,0,0,0,0,0,0,0,0,0,0,8,5,4,0,0,0,0,0,2,0,24,0,4,2,0,0,0,0,0,0
325,0,0,0,0,0,0,0,0,0,0,0,0,0,0,0,0,0,0,0,0,0,0,0,0,0,1,0,0,0,0,0,0,0,0,0,0,0,0,0,0,0,0,0,0,0,0,0,0,0,0,0,0,0,0,0,0,0,0,0,0,0,0,0,0,0,0,0,0,0,0,0,0,0,0,0,7,0,1,0,22,0,0,0,0,0,0,0,0,0,0,5,0,0,0,0,14,0
326,0,0,0,0,0,0,0,0,0,0,0,0,0,7,0,0,0,0,0,0,0,0,0,0,0,0,0,0,0,0,0,0,0,0,0,0,0,0,0,0,1,0,0,0,0,0,0,0,0,0,16,0,0,0,0,0,0,0,0,0,0,0,0,0,0,0,0,0,0,0,0,0,0,0,0,6,0,1,0,0,6,0,0,0,0,0,0,0,0,0,0,0,0,0,0,2,0
327,0,0,0,1,0,1,0,0,0,0,0,0,4,20,0,0,0,0,0,0,0,0,0,0,0,0,0,0,0,0,9,0,0,0,0,0,0,0,0,0,0,0,0,0,0,0,0,1,0,0,0,0,0,0,0,0,1,0,0,0,0,0,0,0,0,0,0,0,3,0,0,0,0,0,0,0,3,0,0,0,0,0,0,0,0,0,0,0,0,0,0,0,0,0,0,0,0
328,0,0,0,5,0,0,0,0,0,0,0,0,34,0,0,0,0,0,0,0,0,0,0,0,0,2,0,0,0,0,0,0,0,0,0,0,0,0,0,0,1,0,0,0,0,0,0,1,0,0,0,0,0,0,0,13,0,0,0,34,0,0,0,0,0,0,0,0,14,0,0,0,0,0,0,2,0,0,0,1,0,0,0,0,0,0,0,0,24,0,0,0,0,0,0,0,0
329,0,0,0,0,0,1,0,0,0,0,0,0,0,0,0,0,2,0,0,0,0,0,0,0,0,0,1,0,0,0,0,0,0,1,0,0,0,0,0,0,0,0,0,0,0,0,0,0,0,0,0,0,0,0,0,14,0,0,0,0,0,0,0,0,0,0,0,0,0,0,0,0,0,0,0,0,0,0,0,5,0,0,0,0,0,0,0,0,3,0,0,0,0,0,0,1,0
330,2,0,0,0,5,0,0,0,0,0,0,0,0,0,0,0,13,0,0,0,0,0,0,0,0,9,0,0,0,0,0,0,0,0,0,0,0,0,0,0,0,0,0,0,0,0,0,0,0,0,0,0,0,0,0,0,0,0,0,0,0,0,0,0,0,0,0,0,0,0,6,0,2,0,0,0,11,30,0,32,0,0,0,0,0,0,0,0,0,0,0,0,0,0,0,0,0
331,7,0,0,0,0,0,0,0,0,0,0,0,0,0,0,0,0,0,0,0,0,0,0,0,0,57,0,0,0,0,0,0,0,8,0,0,0,0,0,0,0,0,0,0,0,0,0,0,0,0,0,0,0,0,0,0,0,2,0,0,0,0,0,0,0,0,0,0,0,0,0,0,0,0,0,0,0,0,0,0,0,0,0,0,0,0,0,0,0,0,0,0,0,0,0,1,0
332,0,0,0,0,7,0,0,0,0,0,0,0,0,0,0,0,0,0,0,0,0,0,0,0,0,0,0,0,0,0,0,0,0,0,0,0,0,0,0,0,0,0,0,0,0,0,1,0,0,0,0,0,0,0,0,1,0,11,0,1,0,0,0,0,0,0,0,0,0,0,2,0,0,0,0,0,0,0,0,0,0,0,0,0,0,0,0,0,0,0,0,0,0,0,0,19,0
333,0,0,0,0,0,0,0,0,0,0,2,0,6,0,0,0,0,0,0,0,0,0,0,0,0,0,4,0,0,0,0,0,0,0,0,2,0,0,0,0,0,0,0,0,0,0,3,0,0,0,3,0,0,0,0,0,0,0,0,0,12,0,0,0,0,0,0,0,0,0,0,0,2,0,0,0,0,0,0,1,0,0,0,0,0,4,0,0,0,0,0,0,0,0,0,0,0
334,0,0,0,0,0,0,0,0,0,0,0,0,0,0,4,0,0,0,1,0,0,0,0,0,1,1,0,0,0,0,0,0,0,0,0,0,0,0,0,0,0,0,0,1,0,0,0,0,0,0,0,0,0,0,0,0,0,0,0,0,0,0,0,0,0,11,0,0,0,0,0,0,0,0,0,0,0,0,7,0,0,0,0,0,0,0,0,0,0,0,10,0,0,0,0,0,2
335,0,0,0,0,0,0,0,0,0,0,0,0,5,0,17,0,0,0,0,0,0,0,0,0,0,0,34,0,22,0,0,0,0,0,0,0,0,0,0,7,0,0,0,0,0,0,3,0,0,0,0,0,0,0,0,0,0,0,0,0,5,0,0,0,0,0,0,3,0,0,0,0,0,0,0,11,0,0,0,0,0,0,0,0,0,0,0,0,0,0,0,0,0,0,0,0,0
336,0,0,0,0,0,3,2,0,0,0,2,0,0,0,0,0,0,0,0,0,0,0,0,0,1,0,0,0,0,0,0,0,0,7,0,0,0,0,0,14,0,0,0,0,0,11,3,0,0,0,0,0,0,0,0,0,0,10,0,0,0,0,0,0,0,0,0,0,0,0,0,0,0,0,0,10,0,0,0,0,0,0,0,0,0,0,0,0,0,0,0,0,0,0,0,0,0
337,0,0,0,0,0,0,0,0,0,0,5,0,0,0,5,0,0,0,0,0,1,0,0,0,0,0,0,0,0,0,0,0,0,0,0,0,0,0,0,2,0,0,0,0,0,1,3,0,1,0,0,0,0,1,0,0,0,4,0,0,0,0,0,0,0,0,0,0,0,0,0,0,0,0,0,0,0,0,0,0,0,0,0,0,0,21,0,0,0,0,0,0,0,0,0,0,0
338,0,0,0,0,0,0,0,0,0,0,2,0,0,0,0,0,0,0,0,0,3,0,0,0,0,1,0,0,0,0,0,0,0,0,0,0,0,0,0,0,0,0,0,0,0,0,1,0,1,0,0,0,0,0,9,0,0,0,0,0,0,0,0,0,0,0,0,0,0,0,0,0,0,0,0,0,0,0,0,0,0,0,0,0,0,2,9,0,2,0,0,0,0,0,0,0,0
339,0,0,0,0,0,0,0,0,0,0,0,0,0,0,0,0,0,0,0,0,0,0,0,2,0,0,0,0,0,0,0,0,0,0,0,0,0,0,0,0,0,0,0,0,0,0,0,0,3,0,0,0,0,0,1,0,0,0,0,0,0,0,0,0,0,0,0,0,0,0,0,0,0,2,0,0,0,0,0,0,0,0,0,5,0,4,0,0,0,0,0,0,0,0,0,0,0
340,0,0,0,0,0,0,2,0,0,0,0,0,0,0,0,0,0,0,0,8,0,0,0,6,0,0,0,0,0,0,0,0,0,0,0,0,0,0,0,0,0,0,0,0,0,0,0,0,0,0,0,0,0,0,0,0,0,0,0,0,0,0,0,0,0,0,0,0,0,0,0,0,0,0,0,0,0,0,6,0,0,0,0,0,0,0,0,0,0,0,0,0,0,0,0,0,0
341,0,0,0,0,0,0,19,0,0,0,0,0,0,0,0,0,0,0,0,0,0,0,0,0,0,0,0,0,0,0,0,0,0,0,0,0,0,0,0,0,0,0,2,0,0,0,0,0,0,0,15,0,0,3,3,0,0,0,0,0,0,0,0,0,4,0,0,0,0,0,0,0,0,0,0,2,0,0,0,3,0,0,0,0,0,0,0,0,0,0,0,0,0,0,0,0,0
342,0,0,0,0,0,0,6,0,0,0,0,0,0,0,0,0,0,0,0,0,0,0,0,0,0,0,0,0,0,0,0,0,0,0,0,0,0,0,0,0,0,0,0,0,0,0,0,0,0,0,3,0,0,0,6,0,0,0,0,0,0,0,0,0,2,0,0,0,0,0,0,0,0,0,0,41,0,0,0,2,0,0,0,1,0,0,0,0,0,0,0,0,0,0,0,0,0
343,0,1,0,0,0,0,0,0,0,0,0,0,0,3,0,0,0,0,0,0,0,0,0,0,0,0,0,0,0,0,0,0,0,0,0,0,0,0,0,0,0,0,0,4,0,2,0,0,0,0,0,0,0,0,0,0,0,0,0,0,0,0,2,0,0,0,4,0,0,0,0,0,0,0,0,5,0,0,0,0,2,0,0,2,0,0,0,0,0,0,0,0,0,0,0,0,0
344,0,1,0,0,0,0,0,0,0,0,0,0,0,9,0,0,0,0,2,0,0,0,0,0,1,6,0,0,0,0,0,0,0,0,0,0,0,0,0,21,0,0,0,0,3,15,0,0,2,0,0,0,0,0,0,0,0,0,0,0,0,0,19,0,0,0,6,0,0,0,0,0,0,0,0,0,0,0,0,0,6,0,0,0,0,0,0,0,0,0,0,0,0,0,0,0,0
345,0,0,0,0,0,0,0,0,0,0,35,0,0,0,4,0,0,0,0,0,0,0,0,0,0,13,0,0,0,0,0,0,0,0,0,0,0,0,0,0,0,0,0,0,0,0,0,0,0,0,8,0,0,0,0,2,0,0,0,0,0,0,0,0,0,1,0,0,0,0,4,0,0,0,0,0,0,0,0,0,0,0,0,0,0,0,63,0,0,0,1,0,2,0,0,0,18
346,0,0,0,0,3,0,0,0,0,0,0,0,0,0,0,0,0,5,2,0,0,0,0,0,0,0,0,0,0,0,0,0,0,0,0,0,0,0,0,0,0,0,0,0,0,0,0,0,0,0,0,0,0,0,0,0,0,0,0,0,0,5,0,0,0,15,0,0,0,0,0,0,0,0,0,0,0,0,6,0,0,0,0,0,0,0,0,0,0,0,0,0,0,0,4,0,0
347,0,0,0,0,2,0,1,0,0,0,0,0,0,0,0,0,2,1,0,0,0,0,0,0,0,0,0,0,0,0,0,0,0,0,0,0,0,0,0,0,0,0,0,0,0,0,0,0,16,0,0,0,0,0,0,0,0,0,0,1,0,0,0,0,5,15,0,0,0,0,0,0,0,0,0,0,0,0,0,0,0,0,0,0,0,0,0,0,0,0,0,0,0,0,0,0,0
348,0,0,0,0,0,0,7,0,0,0,0,0,0,0,0,0,11,0,0,1,0,0,0,0,0,0,0,0,0,0,0,0,0,0,0,0,0,0,0,0,0,0,4,0,0,0,0,0,10,0,0,0,1,0,0,0,0,15,0,0,0,0,4,0,3,0,0,0,0,0,0,0,0,0,0,0,0,0,0,0,0,0,0,0,0,0,0,3,3,0,4,0,0,0,0,0,0
349,3,0,0,0,0,6,0,0,0,0,0,0,0,0,2,0,0,0,0,0,0,0,0,0,0,1,0,0,0,0,0,0,0,0,0,0,0,0,0,0,0,0,3,0,0,1,0,2,0,0,7,0,2,0,11,0,0,0,0,0,0,0,3,0,12,0,0,0,0,0,0,1,1,0,0,0,0,0,0,6,0,0,0,0,0,0,0,1,3,0,7,0,0,1,0,0,0
350,0,0,0,0,0,3,0,0,0,0,0,0,0,0,0,0,0,0,0,0,0,0,0,0,0,0,0,0,0,0,0,0,2,0,1,0,0,0,3,0,0,0,14,0,0,0,0,2,0,6,0,0,1,0,0,0,0,0,0,0,0,0,0,0,12,0,0,0,0,0,0,0,3,0,0,0,0,0,0,1,0,0,1,0,0,0,0,0,0,0,8,0,0,0,0,0,0
351,0,0,0,0,0,0,0,0,0,0,0,0,0,0,0,0,0,0,0,0,0,0,0,0,0,0,0,0,0,0,0,0,0,0,1,0,0,0,0,2,0,4,0,0,0,0,0,0,0,22,0,0,0,0,0,0,0,0,0,0,0,0,1,0,11,0,2,0,0,0,0,0,0,0,0,0,0,0,0,0,0,0,0,0,0,0,0,0,0,0,45,0,0,0,0,0,0
352,0,0,0,0,0,0,0,0,0,0,0,0,0,0,0,0,0,0,0,0,0,0,0,0,0,0,0,0,0,0,0,4,0,0,2,0,0,0,0,0,0,0,2,0,0,0,0,0,0,0,0,0,0,0,0,0,0,0,0,0,0,0,0,0,2,0,0,0,0,0,0,0,0,0,0,0,0,0,0,0,0,0,0,0,1,0,0,0,0,0,2,0,0,0,0,0,0
353,0,0,0,0,0,0,0,0,0,0,20,8,0,0,0,0,0,0,0,0,0,0,0,0,0,0,0,0,0,0,0,0,0,0,0,9,0,0,0,0,0,0,6,0,0,0,0,0,0,0,0,0,0,0,0,0,0,0,0,0,0,0,0,0,0,0,0,0,0,0,0,0,0,0,0,0,0,1,0,0,0,0,0,0,0,0,0,4,0,0,0,0,0,0,0,0,0
354,0,0,0,0,3,0,0,0,0,0,0,6,0,0,8,0,0,0,0,0,0,0,0,0,0,0,0,1,0,0,0,0,0,0,0,0,0,0,0,0,0,0,3,0,0,0,0,0,0,0,1,0,0,0,0,0,0,0,0,0,0,0,0,0,0,0,0,0,0,0,0,1,0,0,0,0,0,0,0,0,0,0,0,0,0,0,0,2,0,0,0,0,0,0,0,2,0
355,0,0,0,0,4,0,0,0,0,0,0,1,0,0,5,0,0,0,0,0,0,0,0,0,0,0,0,0,0,0,0,0,0,0,0,0,0,0,0,0,0,0,1,0,0,3,0,0,0,0,0,0,0,0,0,0,0,0,0,0,0,0,0,0,0,0,0,0,0,0,0,0,0,0,0,0,0,0,12,0,0,0,0,0,0,0,0,0,0,1,0,0,0,0,0,13,0
356,2,1,0,0,0,1,0,0,0,0,0,1,0,0,0,0,0,0,0,0,0,1,0,0,0,0,0,0,0,0,0,0,0,0,0,0,0,0,0,0,0,10,0,12,0,0,0,0,0,0,5,0,6,0,10,20,0,0,0,0,0,0,0,0,0,0,0,0,0,0,0,0,0,0,0,0,0,0,0,0,0,0,0,0,0,0,2,0,0,0,0,0,29,0,0,0,0
357,0,0,0,0,0,0,0,0,0,0,0,0,0,0,0,0,0,0,0,0,0,0,0,0,0,0,0,0,0,1,0,0,0,0,0,0,0,0,0,0,0,0,3,0,0,0,0,0,0,0,0,0,0,0,0,8,0,0,0,0,0,0,6,0,0,0,0,0,0,0,0,0,0,3,0,0,1,9,4,0,0,0,0,1,0,0,0,0,0,0,0,0,0,0,0,0,0
358,0,0,0,0,0,0,0,0,0,0,0,0,0,0,0,0,0,0,0,0,0,0,0,0,0,0,0,1,0,3,0,2,0,0,0,1,2,0,0,0,0,0,11,0,0,0,0,0,0,0,0,0,0,0,0,0,0,0,0,0,0,0,14,0,0,0,0,0,0,0,0,0,0,0,0,0,0,0,0,0,0,0,0,0,0,0,0,0,0,0,0,0,0,0,0,0,0
359,0,0,0,0,0,0,0,0,0,0,0,0,0,0,0,0,0,0,0,0,0,0,0,0,0,0,0,0,0,0,0,0,0,0,0,8,0,0,0,0,0,0,0,0,0,0,0,0,0,0,0,0,0,0,0,0,0,0,0,0,0,0,4,0,0,0,0,0,0,0,0,0,0,1,0,0,0,0,0,0,0,0,0,0,0,0,0,0,0,0,0,0,0,0,0,0,0
360,0,0,0,0,0,0,0,0,0,0,0,0,0,0,0,0,0,0,0,0,0,0,0,0,0,0,0,0,0,0,0,0,0,0,0,1,0,0,0,0,0,0,0,0,0,0,0,0,1,0,0,0,0,0,0,0,0,0,0,0,0,0,6,0,0,0,0,0,0,0,0,0,0,0,0,0,0,0,0,0,0,0,0,5,0,0,0,0,0,0,0,0,0,0,4,0,0
361,0,0,0,0,0,0,0,0,0,0,0,0,0,0,0,0,0,0,0,0,0,0,0,0,0,0,0,0,0,0,0,0,0,0,0,0,0,0,0,0,0,0,1,0,0,0,0,0,0,0,0,0,0,0,0,0,0,0,0,0,0,0,0,0,0,0,0,0,0,0,0,0,0,0,0,0,0,0,0,0,0,0,0,0,0,0,0,0,0,0,0,0,0,0,14,0,0
362,0,0,0,0,0,0,0,0,0,0,0,0,0,0,0,0,0,0,0,0,0,0,0,0,0,13,0,0,0,0,0,0,0,0,4,0,8,0,0,0,0,0,11,0,0,0,0,0,0,0,0,0,0,0,0,0,0,0,0,0,0,0,0,0,0,0,0,0,0,0,0,0,0,0,0,0,0,1,0,0,0,0,0,0,0,0,0,0,0,0,0,0,0,0,0,0,0
363,2,0,0,0,0,0,0,0,0,0,0,0,6,0,0,0,0,0,0,3,0,0,0,0,0,0,0,0,0,0,0,0,0,0,0,0,0,0,0,0,0,0,0,0,0,0,0,0,0,0,0,0,0,0,0,1,0,0,0,0,0,0,0,0,0,0,0,0,0,1,0,0,0,0,0,0,0,0,0,0,0,0,0,0,0,0,0,0,0,0,0,1,0,0,0,0,0
364,0,0,0,0,0,0,0,0,0,0,0,0,0,9,0,0,0,0,0,0,8,0,0,0,0,0,0,0,0,0,0,0,0,0,0,0,0,0,0,0,0,0,0,0,0,0,0,0,0,0,0,0,0,0,0,1,0,2,0,0,0,0,0,0,0,0,0,0,0,0,0,0,0,0,5,0,0,0,0,2,0,0,0,0,0,0,0,0,0,0,0,2,0,0,0,0,0
365,0,0,0,0,1,0,0,0,0,0,0,0,0,9,2,0,0,0,0,0,0,0,0,0,0,3,0,2,0,1,0,0,0,0,0,0,0,0,0,0,0,0,0,0,0,0,0,0,0,0,0,0,0,0,0,0,0,0,0,0,0,0,0,0,0,0,0,0,0,0,0,0,0,0,0,0,0,0,0,2,0,0,0,0,0,0,0,0,0,0,0,0,0,0,0,2,0
366,0,0,0,0,0,0,0,0,0,0,0,0,0,0,0,0,0,0,0,0,0,5,0,0,0,0,0,0,0,2,0,0,0,0,0,0,0,0,0,0,0,0,0,0,0,0,0,0,0,0,0,0,0,0,0,0,0,0,0,0,0,0,0,0,0,0,0,0,0,0,0,0,0,0,0,0,0,0,0,0,0,0,0,0,7,0,0,0,2,0,0,0,0,0,0,1,0
367,0,0,0,0,0,0,0,0,0,0,0,0,0,0,0,0,0,0,0,0,0,0,0,0,0,0,0,0,0,0,0,0,0,0,0,0,0,0,0,0,0,0,0,0,0,0,0,0,0,0,0,0,0,0,0,0,0,0,0,0,0,0,0,0,0,0,0,0,0,0,0,0,0,0,0,0,0,0,0,0,0,0,0,0,0,0,0,0,0,0,0,0,0,0,0,0,0
